folio,fecha_apertura,fecha_cierre,cliente,region,tipo_equipo,tipo_servicio,falla_reportada,tecnico_id,requiere_refaccion,horas_respuesta,costo_servicio,reincidencia_30d,estatus
F-202500070,2025-06-21 07:00,2025-06-22 04:30,Cliente 045,Centro,Congelador horizontal,Preventivo,Mantenimiento programado,TEC-005,No,21.5,1983.71,No,Cerrado
F-202500922,2025-07-28 07:00,2025-07-30 03:54,Cliente 003, Centro ,Refrigerador vertical,Correctivo,Acumulacion de hielo,TEC-025,No,44.9,12171.24,No,Cerrado
F-202501230,2025-04-16 07:00,2025-04-18 10:06,Cliente 045,Centro,Vitrina refrigerada,Correctivo,Fuga de refrigerante,TEC-010,Si,51.1,16178.75,No,Cerrado
F-202500596,2025-10-20 07:00,2025-10-22 18:42,Cliente 017,Occidente,Maquina de hielo,Correctivo,Acumulacion de hielo,TEC-032,Si,59.7,13724.46,No,Cerrado
F-202501240,2025-01-15 17:00,2025-01-17 23:54,Cliente 036,Centro,Vitrina refrigerada,Correctivo,Falla de compresor,TEC-017,Si,54.9,8785.58,No,Cerrado
F-202500714,2025-10-06 17:00,2025-10-09 07:30,Cliente 036, Norte ,Maquina de hielo,Instalacion,Acumulacion de hielo,TEC-021,Si,62.5,6830.35,No,Cerrado
F-202500812,2025-11-17 16:00,2025-11-18 09:24,Cliente 030,Bajio,Refrigerador vertical,Correctivo,Puerta / empaque danado,TEC-019,No,17.4,12698.99,No,Cerrado
F-202500200,2025-12-18 15:00,2025-12-20 03:36,Cliente 049,Centro,Congelador horizontal,Preventivo,Mantenimiento programado,TEC-003,Si,36.6,2714.84,No,Cerrado
F-202501162,2025-07-02 11:00,2025-07-03 18:36,Cliente 004,Norte,Congelador horizontal,Correctivo,Fuga de refrigerante,,No,31.6,5993.42,No,Cerrado
F-202500762,2025-07-21 09:00,2025-07-22 09:54,Cliente 040,Centro,Refrigerador vertical,Correctivo,Termostato descalibrado,TEC-020,No,24.9,5712.88,No,Cerrado
F-202501190,2025-01-03 11:00,2025-01-04 00:00,Cliente 010,Bajio,Maquina de hielo,Instalacion,Fuga de refrigerante,TEC-002,No,13.0,13034.16,No,Cerrado
F-202500516,2025-02-08 13:00,2025-02-09 18:48,Cliente 009,Centro,Congelador horizontal,Correctivo,Termostato descalibrado,TEC-020,No,29.8,10711.37,Si,Cerrado
F-202501157,2025-02-13 16:00,2025-02-14 07:42,Cliente 044,Centro,Maquina de hielo,Correctivo,Puerta / empaque danado,TEC-037,Si,15.7,8764.64,No,Cerrado
F-202500362,2025-11-22 11:00,2025-11-23 17:54,Cliente 046,Centro,Maquina de hielo,Correctivo,Termostato descalibrado,TEC-038,No,30.9,6989.1,No,En proceso
F-202500604,2025-02-19 12:00,2025-02-21 16:30,Cliente 007,Norte,Vitrina refrigerada,Correctivo,Acumulacion de hielo,TEC-002,Si,52.5,13760.64,No,Cerrado
F-202500051,2025-10-05 10:00,2025-10-06 15:06,Cliente 023,Occidente,Refrigerador vertical,Correctivo,Fuga de refrigerante,TEC-034,Si,29.1,8330.26,No,Cerrado
F-202501262,2025-12-04 16:00,2025-12-07 04:00,Cliente 015,Bajio,Vitrina refrigerada,Correctivo,Fuga de refrigerante,TEC-035,Si,60.0,7779.48,No,Cerrado
F-202500850,2025-08-10 12:00,2025-08-12 00:06,Cliente 026,Bajio,Vitrina refrigerada,Instalacion,Termostato descalibrado,TEC-032,No,36.1,9497.64,No,Cerrado
F-202500826,2025-02-03 14:00,2025-02-05 19:06,Cliente 019, Centro ,Camara fria,Correctivo,Falla de compresor,TEC-001,No,53.1,10559.08,No,Cerrado
F-202500567,2025-03-25 11:00,2025-03-26 01:30,Cliente 015,Norte,Camara fria,Preventivo,Mantenimiento programado,TEC-028,No,14.5,2329.84,No,Cerrado
F-202500808,2025-02-10 17:00,2025-02-10 22:42,Cliente 008,Bajio,Congelador horizontal,Preventivo,Mantenimiento programado,TEC-006,No,5.7,2261.34,No,Cerrado
F-202500478,2025-01-07 17:00,2025-01-09 19:18,Cliente 031,Centro,Refrigerador vertical,Correctivo,Problema electrico,TEC-018,Si,1660.2,11805.92,No,Cerrado
F-202500304,2025-11-24 09:00,2025-11-26 14:18,Cliente 018,Norte,Vitrina refrigerada,Correctivo,Fuga de refrigerante,TEC-015,Si,53.3,12905.03,No,En proceso
F-202501158,2025-11-07 17:00,2025-11-09 05:30,Cliente 041,Centro,Maquina de hielo,Correctivo,Fuga de refrigerante,TEC-015,Si,36.5,18491.18,No,Cerrado
F-202500855,2025-04-16 10:00,2025-04-17 00:30,Cliente 016,Sureste,Refrigerador vertical,Preventivo,Mantenimiento programado,TEC-028,No,14.5,1754.94,No,Cerrado
F-202500104,2025-01-03 10:00,2025-01-04 20:42,Cliente 056,Bajio,Maquina de hielo,Correctivo,Fuga de refrigerante,TEC-017,Si,,13648.03,No,Cerrado
F-202501015,2025-07-09 11:00,2025-07-10 11:48,Cliente 006,Bajio,Refrigerador vertical,Correctivo,Fuga de refrigerante,TEC-001,No,24.8,8702.81,No,Cerrado
F-202501107,2025-03-31 12:00,2025-04-02 03:30,Cliente 028,Sureste,Vitrina refrigerada,Instalacion,Termostato descalibrado,TEC-036,No,39.5,8429.69,No,Cerrado
F-202500428,2025-10-21 18:00,2025-10-22 18:12,Cliente 046,Bajio,Congelador horizontal,Correctivo,Puerta / empaque danado,TEC-028,No,24.2,9332.38,No,Cerrado
F-202501073,2025-10-04 11:00,2025-10-05 13:18,Cliente 016,Norte,Congelador horizontal,Preventivo,Mantenimiento programado,TEC-011,No,26.3,843.97,No,Cerrado
F-202500333,2025-04-24 15:00,2025-04-25 06:36,Cliente 022,Occidente,Congelador horizontal,Preventivo,Mantenimiento programado,TEC-036,No,15.6,2539.05,No,Cerrado
F-202500582,2025-11-01 14:00,2025-11-03 05:12,Cliente 016,Bajio,Vitrina refrigerada,Instalacion,Problema electrico,TEC-037,No,39.2,8535.49,No,Cerrado
F-202500205,2025-06-16 08:00,2025-06-17 02:06,Cliente 007,Centro,Congelador horizontal,Correctivo,Problema electrico,TEC-032,No,18.1,6861.33,Si,Cerrado
F-202500731,2025-09-24 15:00,2025-09-25 11:00,Cliente 044,Centro,Congelador horizontal,Preventivo,Mantenimiento programado,TEC-009,No,20.0,1465.21,No,Cerrado
F-202500344,2025-07-07 07:00,2025-07-09 07:48,Cliente 037,Sureste,Congelador horizontal,Correctivo,Acumulacion de hielo,TEC-034,No,48.8,7363.87,No,En proceso
F-202500898,2025-01-20 12:00,2025-01-22 16:24,Cliente 028,Centro,Congelador horizontal,Preventivo,Mantenimiento programado,TEC-011,Si,52.4,,No,Cerrado
F-202500703,2025-03-03 09:00,2025-03-06 00:54,Cliente 035,Occidente,Congelador horizontal,Correctivo,Termostato descalibrado,TEC-010,No,,2966.82,No,Cerrado
F-202501287,2025-11-28 09:00,2025-11-29 00:06,Cliente 018,Centro,Refrigerador vertical,Preventivo,Mantenimiento programado,TEC-007,Si,15.1,5938.75,No,Cerrado
F-202500289,2025-07-17 18:00,2025-07-19 17:54,Cliente 052,NORTE,Refrigerador vertical,Correctivo,Puerta / empaque danado,TEC-014,Si,47.9,13683.38,No,Cerrado
F-202501090,2025-02-21 11:00,2025-02-22 21:30,Cliente 037,Norte,Congelador horizontal,Correctivo,Falla de compresor,TEC-024,Si,34.5,6936.01,No,Cerrado
F-202501165,2025-07-08 12:00,2025-07-09 07:48,Cliente 029,Norte,Refrigerador vertical,Preventivo,Mantenimiento programado,TEC-015,No,19.8,822.24,No,Cerrado
F-202500959,2025-12-21 14:00,2025-12-23 01:00,Cliente 031,Sureste,Maquina de hielo,Correctivo,Acumulacion de hielo,TEC-005,No,35.0,10157.87,No,Cerrado
F-202500930,2025-07-30 08:00,2025-07-31 09:30,Cliente 020,Bajio,Vitrina refrigerada,Instalacion,Puerta / empaque danado,TEC-013,No,25.5,11184.03,No,Cerrado
F-202500161,2025-12-30 10:00,2025-12-31 10:42,Cliente 031,Sureste,Vitrina refrigerada,Correctivo,Puerta / empaque danado,TEC-032,No,24.7,8296.63,No,Cerrado
F-202500269,2025-08-12 13:00,2025-08-15 14:30,Cliente 032,Centro,Vitrina refrigerada,Instalacion,Falla de compresor,TEC-029,Si,73.5,13418.63,No,Cerrado
F-202500613,2025-10-14 08:00,2025-10-15 14:06,Cliente 037,Centro,Refrigerador vertical,Correctivo,Fuga de refrigerante,TEC-022,No,30.1,6129.68,No,Cerrado
F-202500649,2025-12-17 16:00,2025-12-18 18:00,Cliente 038,Centro,Refrigerador vertical,Correctivo,Fuga de refrigerante,TEC-012,No,26.0,7127.87,No,Cerrado
F-202501382,2025-04-14 18:00,2025-04-16 10:42,Cliente 008,Centro,Congelador horizontal,Correctivo,Fuga de refrigerante,TEC-028,No,40.7,13647.46,No,Cerrado
F-202500781,2025-11-17 15:00,2025-11-18 02:24,Cliente 036,Occidente,Vitrina refrigerada,Preventivo,Mantenimiento programado,TEC-025,No,-11.4,1074.68,No,En proceso
F-202501136,2025-01-22 18:00,2025-01-23 08:12,Cliente 003,Norte,Refrigerador vertical,Preventivo,Mantenimiento programado,TEC-018,No,14.2,833.4,No,Cerrado
F-202500005,2025-06-08 09:00,2025-06-09 13:18,Cliente 051,Centro,Congelador horizontal,Preventivo,Mantenimiento programado,TEC-012,No,28.3,1419.54,No,Cerrado
F-202500510,2025-03-28 18:00,2025-03-29 15:18,Cliente 010,Sureste,Congelador horizontal,Correctivo,Problema electrico,TEC-002,No,21.3,3254.01,No,Cerrado
F-202500719,2025-03-28 13:00,2025-04-01 15:12,Cliente 016,Centro,Refrigerador vertical,Instalacion,Problema electrico,TEC-012,No,98.2,,No,Cerrado
F-202501204,2025-10-05 13:00,2025-10-06 10:48,Cliente 032,Occidente,Congelador horizontal,Correctivo,Fuga de refrigerante,TEC-019,No,,5823.91,No,Cerrado
F-202500062,2025-09-29 10:00,2025-09-29 17:48,Cliente 027,Norte,Refrigerador vertical,Preventivo,Mantenimiento programado,TEC-017,No,7.8,2093.14,No,Cerrado
F-202500064,2025-12-20 07:00,2025-12-20 22:42,Cliente 058,Centro,Congelador horizontal,Preventivo,Mantenimiento programado,TEC-007,No,15.7,1789.04,No,Cerrado
F-202500483,2025-04-02 09:00,2025-04-02 21:00,Cliente 012,Bajio,Refrigerador vertical,Preventivo,Mantenimiento programado,TEC-036,No,12.0,900.74,No,Cerrado
F-202500811,2025-01-17 15:00,2025-01-18 14:54,Cliente 054,Sureste,Camara fria,Correctivo,Problema electrico,TEC-006,No,23.9,12834.57,Si,Cerrado
F-202500328,2025-01-14 13:00,2025-01-14 22:24,Cliente 016,Occidente,Congelador horizontal,Preventivo,Mantenimiento programado,TEC-036,No,9.4,1550.7,No,Cerrado
F-202500141,2025-12-25 12:00,2025-12-26 06:18,Cliente 028,Occidente,Maquina de hielo,Correctivo,Falla de compresor,TEC-037,No,18.3,7293.95,No,Cerrado
F-202500636,2025-09-08 17:00,2025-09-10 00:12,Cliente 052,Occidente,Camara fria,Preventivo,Mantenimiento programado,TEC-030,Si,31.2,3877.79,Si,Cerrado
F-202500852,2025-10-20 13:00,2025-10-22 02:24,Cliente 024,Occidente,Congelador horizontal,Correctivo,Puerta / empaque danado,TEC-034,Si,,9695.49,No,Cerrado
F-202500240,2025-08-17 10:00,2025-08-23 07:54,Cliente 042,Norte,Camara fria,Correctivo,Fuga de refrigerante,TEC-004,Si,141.9,15266.64,No,Cerrado
F-202500985,2025-08-03 09:00,2025-08-05 04:48,Cliente 005,Centro,Refrigerador vertical,Correctivo,Problema electrico,TEC-002,Si,43.8,11115.79,No,Cerrado
F-202500689,2025-06-12 10:00,2025-06-13 22:18,Cliente 045,Norte,Congelador horizontal,Correctivo,Fuga de refrigerante,TEC-034,Si,36.3,16708.32,Si,Cerrado
F-202500264,2025-12-04 13:00,2025-12-06 12:54,Cliente 027,Centro,Vitrina refrigerada,Instalacion,Falla de compresor,TEC-034,No,47.9,3154.44,No,Cerrado
F-202500912,2025-03-08 07:00,2025-03-09 04:06,Cliente 005,Centro,Vitrina refrigerada,Correctivo,Problema electrico,TEC-002,No,21.1,6234.98,No,Cerrado
F-202501371,2025-11-18 14:00,2025-11-19 01:24,Cliente 060, Centro ,Maquina de hielo,Correctivo,Termostato descalibrado,TEC-008,No,11.4,12216.58,Si,Cerrado
F-202501227,2025-02-09 18:00,2025-02-13 05:06,Cliente 026,Norte,Camara fria,Instalacion,Fuga de refrigerante,TEC-024,Si,,8445.63,No,En proceso
F-202500100,2025-02-21 17:00,2025-02-22 08:06,Cliente 042,Norte,Refrigerador vertical,Preventivo,Mantenimiento programado,TEC-007,Si,15.1,7549.26,Si,Cerrado
F-202500132,2025-07-22 07:00,2025-07-24 09:00,Cliente 022,Centro,Congelador horizontal,Instalacion,Problema electrico,TEC-027,No,50.0,5699.7,No,Cerrado
F-202501138,2025-05-14 12:00,2025-05-15 03:24,Cliente 039,Bajio,Camara fria,Preventivo,Mantenimiento programado,TEC-014,No,15.4,1951.55,Si,Cerrado
F-202501102,2025-06-21 08:00,2025-06-22 23:42,Cliente 060,Norte,Vitrina refrigerada,Correctivo,Problema electrico,TEC-031,No,39.7,3879.44,No,Cerrado
F-202500710,2025-06-20 10:00,2025-06-21 06:42,Cliente 032,Centro,Refrigerador vertical,Correctivo,Termostato descalibrado,TEC-017,No,20.7,4462.08,No,Cerrado
F-202500459,2025-11-03 13:00,2025-11-06 02:24,Cliente 014,Centro,Camara fria,Correctivo,Falla de compresor,TEC-020,Si,61.4,10265.72,No,Cerrado
F-202500880,2025-08-18 15:00,2025-08-20 01:24,Cliente 020,Norte,Congelador horizontal,Preventivo,Mantenimiento programado,TEC-017,No,1840.3,2327.35,No,Cerrado
F-202500494,2025-08-09 15:00,2025-08-10 11:18,Cliente 003,Centro,Refrigerador vertical,Preventivo,Mantenimiento programado,TEC-036,No,20.3,1361.22,No,Cerrado
F-202500847,2025-02-27 13:00,2025-03-02 15:18,Cliente 005,Centro,Refrigerador vertical,Correctivo,Falla de compresor,TEC-025,Si,74.3,17166.15,Si,Cerrado
F-202500336,2025-10-23 16:00,2025-10-24 17:24,Cliente 045,Occidente,Vitrina refrigerada,Correctivo,Problema electrico,TEC-024,No,25.4,11051.64,No,Cerrado
F-202501355,2025-03-22 18:00,2025-03-23 15:42,Cliente 053,Occidente,Camara fria,Preventivo,Mantenimiento programado,TEC-025,No,21.7,1899.16,No,En proceso
F-202500784,2025-02-14 14:00,2025-02-15 22:24,Cliente 004, Centro ,Vitrina refrigerada,Correctivo,Falla de compresor,TEC-027,Si,32.4,8046.84,No,Cerrado
F-202501247,2025-11-10 13:00,2025-11-11 02:24,Cliente 028,Norte,Congelador horizontal,Preventivo,Mantenimiento programado,TEC-002,No,13.4,847.92,No,Cerrado
F-202500457,2025-02-24 11:00,2025-02-25 10:30,Cliente 001,Centro,Congelador horizontal,Preventivo,Mantenimiento programado,TEC-014,No,23.5,1029.65,No,Cerrado
F-202500785,2025-06-24 14:00,2025-06-27 03:36,Cliente 012,Norte,Vitrina refrigerada,Correctivo,Falla de compresor,TEC-026,Si,61.6,11969.02,No,Cerrado
F-202500425,2025-06-02 16:00,2025-06-03 19:00,Cliente 047,Norte,Congelador horizontal,Correctivo,Problema electrico,TEC-025,No,27.0,8453.99,No,Cerrado
F-202500446,2025-08-30 14:00,2025-09-02 10:24,Cliente 003,Norte,Refrigerador vertical,Instalacion,Falla de compresor,TEC-028,Si,68.4,11370.09,No,Cerrado
F-202500688,2025-08-05 14:00,2025-08-05 22:48,Cliente 021,Bajio,Vitrina refrigerada,Preventivo,Mantenimiento programado,TEC-032,No,8.8,2268.56,Si,Cerrado
F-202500884,2025-02-26 16:00,2025-02-27 20:36,Cliente 022,Norte,Refrigerador vertical,Correctivo,Acumulacion de hielo,TEC-001,No,28.6,7128.67,No,Cerrado
F-202501082,2025-12-28 17:00,2025-12-30 18:48,Cliente 043,Centro,Vitrina refrigerada,Correctivo,Problema electrico,TEC-008,No,49.8,10484.16,No,Cerrado
F-202501383,2025-05-07 16:00,2025-05-09 07:12,Cliente 005,Norte,Camara fria,Correctivo,Puerta / empaque danado,TEC-035,Si,39.2,11689.61,No,Cerrado
F-202500903,2025-03-21 13:00,2025-03-22 21:54,Cliente 027,Bajio,Camara fria,Correctivo,Falla de compresor,TEC-006,Si,,16173.69,No,Cerrado
F-202500801,2025-01-05 11:00,2025-01-07 03:06,Cliente 055,Centro,Refrigerador vertical,Correctivo,Puerta / empaque danado,TEC-020,Si,40.1,18608.28,No,Cerrado
F-202500488,2025-07-13 11:00,2025-07-14 21:00,Cliente 032,Centro,Refrigerador vertical,Correctivo,Termostato descalibrado,TEC-022,No,34.0,8367.55,No,Cerrado
F-202500816,2025-11-02 11:00,2025-11-04 16:24,Cliente 032,Centro,Camara fria,Correctivo,Fuga de refrigerante,TEC-033,Si,53.4,7312.07,No,Cerrado
F-202500270,2025-08-04 15:00,2025-08-06 10:30,Cliente 036,Occidente,Refrigerador vertical,Correctivo,Termostato descalibrado,TEC-006,No,43.5,12045.84,No,Cerrado
F-202501113,2025-03-12 18:00,2025-03-15 08:54,Cliente 048,Centro,Vitrina refrigerada,Correctivo,Falla de compresor,TEC-021,Si,62.9,7277.14,No,Cerrado
F-202501309,2025-06-01 15:00,2025-06-02 08:30,Cliente 026,Centro,Vitrina refrigerada,Preventivo,Mantenimiento programado,TEC-012,No,17.5,2298.68,No,Cerrado
F-202501356,2025-07-01 17:00,2025-07-02 21:48,Cliente 012,Occidente,Congelador horizontal,Preventivo,Mantenimiento programado,TEC-025,No,28.8,2229.87,No,Cerrado
F-202500991,2025-05-06 12:00,2025-05-07 10:00,Cliente 012,Norte,Congelador horizontal,Correctivo,Termostato descalibrado,TEC-028,No,22.0,5254.56,No,Cerrado
F-202500381,2025-01-02 07:00,2025-01-02 18:12,Cliente 022,Centro,Maquina de hielo,Preventivo,Mantenimiento programado,TEC-029,No,11.2,1750.52,No,Cerrado
F-202500671,2025-12-14 09:00,2025-12-16 04:30,Cliente 028,Occidente,Refrigerador vertical,Correctivo,Termostato descalibrado,TEC-009,No,43.5,9916.01,No,cerrado
F-202500842,2025-08-28 14:00,2025-08-29 09:00,Cliente 024,centro,Congelador horizontal,Correctivo,Puerta / empaque danado,TEC-038,No,19.0,7620.57,No,Cerrado
F-202501257,2025-03-23 07:00,2025-03-24 17:24,Cliente 007,Bajio,Refrigerador vertical,Correctivo,Termostato descalibrado,TEC-009,No,34.4,11195.54,No,Cerrado
F-202501286,2025-01-18 12:00,2025-01-19 16:06,Cliente 033,Norte,Maquina de hielo,Preventivo,Mantenimiento programado,TEC-002,No,28.1,2193.19,No,Cerrado
F-202500014,2025-10-05 16:00,2025-10-08 03:30,Cliente 042,Sureste,Congelador horizontal,Correctivo,Termostato descalibrado,TEC-003,No,59.5,7171.55,No,Cerrado
F-202500122,2025-09-01 15:00,2025-09-03 09:54,Cliente 021,Norte,Congelador horizontal,Correctivo,Fuga de refrigerante,TEC-016,No,42.9,7629.19,No,Cerrado
F-202500566,2025-03-28 15:00,2025-03-28 23:06,Cliente 045,Centro,Refrigerador vertical,Correctivo,Falla de compresor,TEC-030,No,8.1,4932.35,No,Cerrado
F-202501133,2025-10-17 18:00,2025-10-21 12:12,Cliente 018,Norte,Refrigerador vertical,Correctivo,Falla de compresor,TEC-025,Si,90.2,10632.38,Si,Cerrado
F-202500647,2025-06-18 12:00,2025-06-19 05:48,Cliente 001,Bajio,Camara fria,Correctivo,Problema electrico,TEC-032,No,17.8,5415.78,No,Cerrado
F-202500555,2025-12-26 18:00,2025-12-30 11:48,Cliente 057,Sureste,Refrigerador vertical,Instalacion,Fuga de refrigerante,TEC-017,Si,89.8,6690.71,No,Cerrado
F-202500151,2025-11-09 10:00,2025-11-11 04:54,Cliente 039,Centro,Congelador horizontal,Correctivo,Falla de compresor,TEC-024,Si,42.9,15577.36,No,Cerrado
F-202500199,2025-05-04 17:00,2025-05-07 19:06,Cliente 033,Occidente,Maquina de hielo,Correctivo,Problema electrico,TEC-023,No,74.1,7432.09,No,Cerrado
F-202500086,2025-09-13 17:00,2025-09-15 06:42,Cliente 053,Centro,Congelador horizontal,Correctivo,Fuga de refrigerante,TEC-030,No,37.7,2816.5,No,Cerrado
F-202501214,2025-11-13 14:00,2025-11-14 22:12,Cliente 045,Occidente,Congelador horizontal,Correctivo,Termostato descalibrado,TEC-016,Si,32.2,7228.81,No,Cerrado
F-202501088,2025-12-28 07:00,2025-12-30 00:12,Cliente 021,Occidente,Vitrina refrigerada,Correctivo,Problema electrico,TEC-025,Si,41.2,14811.5,No,Cerrado
F-202500974,2025-06-23 11:00,2025-06-24 19:42,Cliente 028,Centro,Vitrina refrigerada,Correctivo,Falla de compresor,TEC-019,Si,32.7,13516.7,No,Cerrado
F-202500750,2025-02-27 17:00,2025-02-28 14:54,Cliente 041,Centro,Vitrina refrigerada,Preventivo,Mantenimiento programado,TEC-037,Si,21.9,4369.02,No,Cerrado
F-202500976,2025-03-24 18:00,2025-03-26 14:06,Cliente 044,Centro,Refrigerador vertical,Correctivo,Falla de compresor,TEC-010,Si,44.1,12922.71,Si,En proceso
F-202500874,2025-02-15 12:00,2025-02-16 18:48,Cliente 001,Occidente,Refrigerador vertical,Correctivo,Falla de compresor,TEC-035,Si,30.8,12354.77,No,Cerrado
F-202500627,2025-05-04 14:00,2025-05-07 17:42,Cliente 010,Occidente,Congelador horizontal,Correctivo,Falla de compresor,TEC-021,Si,75.7,10369.58,No,En proceso
F-202500956,2025-08-12 11:00,2025-08-13 16:12,Cliente 033,Occidente,Refrigerador vertical,Correctivo,Termostato descalibrado,TEC-014,No,29.2,5111.1,No,Cerrado
F-202500071,2025-10-18 17:00,2025-10-21 12:54,Cliente 053,SURESTE,Camara fria,Instalacion,Falla de compresor,TEC-016,No,67.9,11665.72,No,Cerrado
F-202500158,2025-07-23 16:00,2025-07-27 02:42,Cliente 018,Bajio,Congelador horizontal,Correctivo,Falla de compresor,TEC-029,Si,82.7,7570.93,No,Cerrado
F-202500329,2025-02-21 12:00,2025-02-23 01:24,Cliente 003,Centro,Camara fria,Correctivo,Fuga de refrigerante,TEC-032,Si,37.4,4741.68,No,Cerrado
F-202500066,2025-04-29 08:00,2025-04-30 22:36,Cliente 031,Norte,Congelador horizontal,Correctivo,Puerta / empaque danado,TEC-016,No,38.6,2951.38,No,cerrado
F-202500382,2025-12-08 11:00,2025-12-08 18:24,Cliente 016,Occidente,Congelador horizontal,Preventivo,Mantenimiento programado,TEC-032,No,,1108.54,No,Cerrado
F-202500248,2025-06-01 14:00,2025-06-05 18:12,Cliente 047,Occidente,Camara fria,Correctivo,Fuga de refrigerante,TEC-034,Si,100.2,10222.03,No,Cerrado
F-202500378,2025-09-30 08:00,2025-10-01 21:30,Cliente 002,Bajio,Refrigerador vertical,Correctivo,Problema electrico,TEC-031,No,37.5,9040.3,No,Cerrado
F-202501095,2025-04-30 12:00,2025-04-30 17:12,Cliente 005,Occidente,Maquina de hielo,Preventivo,Mantenimiento programado,TEC-028,No,5.2,1348.83,No,Cerrado
F-202500950,2025-04-12 13:00,2025-04-15 05:36,Cliente 031,centro,Congelador horizontal,Correctivo,Puerta / empaque danado,TEC-031,Si,-64.6,16648.65,No,Cerrado
F-202500108,2025-08-31 12:00,2025-09-01 19:24,Cliente 026,bajio,Congelador horizontal,Correctivo,Termostato descalibrado,TEC-014,No,31.4,12833.95,Si,Cerrado
F-202500426,2025-03-14 17:00,2025-03-15 08:18,Cliente 011,Centro,Vitrina refrigerada,Preventivo,Mantenimiento programado,TEC-026,No,15.3,1939.84,No,Cerrado
F-202500171,2025-02-08 07:00,2025-02-13 00:00,Cliente 012,Bajio,Refrigerador vertical,Correctivo,Falla de compresor,TEC-032,Si,,8363.95,Si,Cerrado
F-202500351,2025-07-14 18:00,2025-07-15 23:06,Cliente 001,Norte,Congelador horizontal,Correctivo,Problema electrico,TEC-014,No,29.1,11057.35,No,Cerrado
F-202500198,2025-02-13 15:00,2025-02-14 05:06,Cliente 034,Centro,Congelador horizontal,Preventivo,Mantenimiento programado,TEC-033,No,14.1,1549.8,No,Cerrado
F-202500854,2025-03-29 13:00,2025-03-31 13:12,Cliente 003,Norte,Congelador horizontal,Correctivo,Termostato descalibrado,TEC-006,No,48.2,10824.3,No,Cerrado
F-202500713,2025-09-23 17:00,2025-09-24 22:12,Cliente 008,Centro,Maquina de hielo,Correctivo,Puerta / empaque danado,,No,29.2,3996.11,No,Cerrado
F-202500233,2025-01-08 08:00,2025-01-09 02:42,Cliente 006,Norte,Congelador horizontal,Preventivo,Mantenimiento programado,TEC-020,No,18.7,1320.36,No,Cerrado
F-202500911,2025-10-09 10:00,2025-10-13 10:48,Cliente 051,Sureste,Vitrina refrigerada,Correctivo,Falla de compresor,TEC-014,Si,96.8,5322.05,No,Cerrado
F-202501377,2025-12-18 13:00,2025-12-19 03:54,Cliente 005,Norte,Camara fria,Instalacion,Acumulacion de hielo,TEC-011,No,14.9,4107.67,No,Cerrado
F-202501288,2025-03-27 13:00,2025-03-30 23:42,Cliente 036,Norte,Camara fria,Correctivo,Puerta / empaque danado,TEC-031,Si,82.7,16144.55,No,Cerrado
F-202500354,2025-06-08 11:00,2025-06-09 06:48,Cliente 048,OCCIDENTE,Congelador horizontal,Preventivo,Mantenimiento programado,TEC-027,No,19.8,1725.34,No,Cerrado
F-202500887,2025-01-20 17:00,2025-01-21 08:18,Cliente 046,Occidente,Refrigerador vertical,Preventivo,Mantenimiento programado,TEC-032,Si,15.3,6256.46,No,Cerrado
F-202500903,2025-03-21 13:00,2025-03-22 21:54,Cliente 027,Bajio,Camara fria,Correctivo,Falla de compresor,TEC-006,Si,32.9,16173.69,No,Cerrado
F-202500440,2025-05-26 13:00,2025-05-29 17:00,Cliente 019,Norte,Refrigerador vertical,Correctivo,Termostato descalibrado,TEC-016,No,76.0,12324.56,Si,En proceso
F-202500194,2025-05-13 07:00,2025-05-15 00:06,Cliente 048,Bajio,Refrigerador vertical,Preventivo,Mantenimiento programado,TEC-005,Si,41.1,4022.46,No,Cerrado
F-202500603,2025-09-27 11:00,2025-10-02 11:00,Cliente 051,sureste,Refrigerador vertical,Correctivo,Puerta / empaque danado,TEC-021,Si,120.0,11852.72,No,Cerrado
F-202500004,2025-06-10 10:00,2025-06-11 06:30,Cliente 030,Centro,Camara fria,Correctivo,Problema electrico,TEC-003,No,20.5,3224.46,No,Cerrado
F-202501320,2025-05-25 08:00,2025-05-28 22:12,Cliente 055,Norte,Refrigerador vertical,Correctivo,Falla de compresor,TEC-010,Si,86.2,19666.85,No,Cerrado
F-202500601,2025-08-13 17:00,2025-08-18 12:54,Cliente 034,Occidente,Congelador horizontal,Correctivo,Fuga de refrigerante,TEC-008,Si,115.9,9973.6,Si,Cerrado
F-202500747,2025-07-14 09:00,2025-07-15 12:24,Cliente 029,Centro,Refrigerador vertical,Correctivo,Acumulacion de hielo,TEC-019,No,27.4,13162.92,No,Cerrado
F-202500195,2025-12-17 15:00,2025-12-18 15:54,Cliente 028,Occidente,Camara fria,Correctivo,Problema electrico,TEC-023,No,24.9,8969.71,No,Cerrado
F-202500305,2025-07-18 18:00,2025-07-20 04:48,Cliente 056,Bajio,Camara fria,Correctivo,Problema electrico,TEC-012,No,34.8,6656.05,No,Cerrado
F-202500575,2025-01-03 13:00,2025-01-04 22:00,Cliente 002,Centro,Refrigerador vertical,Correctivo,Problema electrico,TEC-019,Si,33.0,8382.65,No,Cerrado
F-202500318,2025-09-23 11:00,2025-09-26 12:06,Cliente 031,Norte,Camara fria,Correctivo,Falla de compresor,TEC-010,Si,73.1,3479.9,No,Cerrado
F-202500149,2025-10-27 12:00,2025-10-27 17:18,Cliente 051,Centro,Maquina de hielo,Correctivo,Fuga de refrigerante,TEC-009,No,5.3,11101.9,Si,Cerrado
F-202500856,2025-11-07 15:00,2025-11-09 10:30,Cliente 017,Norte,Congelador horizontal,Correctivo,Problema electrico,TEC-005,Si,43.5,10452.85,No,Cerrado
F-202501035,2025-01-25 12:00,2025-01-27 13:12,Cliente 036,Norte,Refrigerador vertical,Preventivo,Mantenimiento programado,TEC-026,Si,49.2,5066.81,No,Cerrado
F-202500265,2025-12-28 13:00,2025-12-31 13:00,Cliente 019,Sureste,Refrigerador vertical,Correctivo,Fuga de refrigerante,TEC-006,Si,72.0,6346.88,No,Cerrado
F-202501251,2025-03-30 17:00,2025-04-01 14:00,Cliente 014,Sureste,Maquina de hielo,Correctivo,Problema electrico,TEC-025,No,45.0,13400.19,No,Cerrado
F-202500899,2025-01-26 09:00,2025-01-27 23:54,Cliente 007,Centro,Congelador horizontal,Preventivo,Mantenimiento programado,TEC-017,No,38.9,1199.84,Si,Cerrado
F-202500113,2025-07-22 15:00,2025-07-24 17:00,Cliente 021,Norte,Refrigerador vertical,Correctivo,Fuga de refrigerante,TEC-027,Si,50.0,17166.84,No,Cerrado
F-202500564,2025-03-08 16:00,2025-03-10 12:00,Cliente 037, Centro ,Camara fria,Correctivo,Termostato descalibrado,TEC-009,No,44.0,1507.84,Si,Cerrado
F-202500082,2025-06-09 07:00,2025-06-10 11:48,Cliente 053,Centro,Congelador horizontal,Correctivo,Fuga de refrigerante,TEC-015,No,28.8,12303.22,No,Cerrado
F-202500973,2025-06-24 07:00,2025-06-24 15:48,Cliente 006,Centro,Camara fria,Preventivo,Mantenimiento programado,TEC-020,No,8.8,1737.62,No,Cerrado
F-202500145,2025-12-29 09:00,2025-12-29 17:48,Cliente 019,Bajio,Refrigerador vertical,Preventivo,Mantenimiento programado,TEC-027,No,8.8,1136.9,No,Cerrado
F-202500353,2025-04-20 14:00,2025-04-21 21:36,Cliente 055,Occidente,Refrigerador vertical,Correctivo,Termostato descalibrado,,No,31.6,10531.89,No,Cerrado
F-202500612,2025-06-18 11:00,2025-06-19 13:18,Cliente 007,Centro,Congelador horizontal,Preventivo,Mantenimiento programado,TEC-034,No,26.3,1259.19,No,Cerrado
F-202500935,2025-06-11 13:00,2025-06-11 19:30,Cliente 022,Bajio,Congelador horizontal,Preventivo,Mantenimiento programado,TEC-031,No,6.5,1118.98,No,Cerrado
F-202500593,2025-03-29 10:00,2025-04-03 02:24,Cliente 047,Centro,Maquina de hielo,Correctivo,Fuga de refrigerante,TEC-012,Si,112.4,17948.11,No,Cerrado
F-202500589,2025-11-02 09:00,2025-11-04 09:42,Cliente 060,Sureste,Refrigerador vertical,Correctivo,Termostato descalibrado,TEC-021,No,48.7,11717.74,No,Cerrado
F-202501036,2025-09-29 13:00,2025-09-30 07:00,Cliente 012,Sureste,Refrigerador vertical,Preventivo,Mantenimiento programado,TEC-006,No,18.0,1410.84,No,Cerrado
F-202500138,2025-01-12 08:00,2025-01-13 08:48,Cliente 034,Occidente,Congelador horizontal,Correctivo,Termostato descalibrado,TEC-025,No,24.8,13171.19,No,Cerrado
F-202500412,2025-03-25 14:00,2025-03-26 23:00,Cliente 003,Bajio,Vitrina refrigerada,Correctivo,Puerta / empaque danado,TEC-028,Si,33.0,10853.56,No,Cerrado
F-202500417,2025-12-20 09:00,2025-12-22 08:54,Cliente 041,Occidente,Refrigerador vertical,Correctivo,Problema electrico,TEC-014,No,47.9,2508.67,Si,Cerrado
F-202501117,2025-12-30 15:00,2025-12-30 23:06,Cliente 036,Centro,Refrigerador vertical,Correctivo,Falla de compresor,TEC-011,No,8.1,5946.14,No,Cerrado
F-202500499,2025-12-05 15:00,2025-12-06 20:30,Cliente 057,Centro,Refrigerador vertical,Correctivo,Falla de compresor,TEC-037,Si,29.5,5438.54,No,Cerrado
F-202501233,2025-12-21 17:00,2025-12-23 19:12,Cliente 056,Occidente,Camara fria,Preventivo,Mantenimiento programado,TEC-026,Si,50.2,6204.54,No,Cerrado
F-202500002,2025-10-10 09:00,2025-10-10 22:18,Cliente 013,Centro,Refrigerador vertical,Preventivo,Mantenimiento programado,TEC-021,No,13.3,2401.81,No,Cerrado
F-202501234,2025-10-01 13:00,2025-10-04 14:36,Cliente 021,Norte,Refrigerador vertical,Correctivo,Puerta / empaque danado,TEC-021,Si,73.6,8433.7,No,cerrado
F-202500752,2025-02-23 10:00,2025-02-24 23:30,Cliente 009,Centro,Refrigerador vertical,Preventivo,Mantenimiento programado,TEC-009,Si,37.5,6886.01,No,Cerrado
F-202500302,2025-10-29 09:00,2025-10-31 08:30,Cliente 018,Sureste,Congelador horizontal,Correctivo,Problema electrico,TEC-002,No,47.5,7688.27,No,Cerrado
F-202501092,2025-06-13 10:00,2025-06-15 16:42,Cliente 005,Bajio,Camara fria,Correctivo,Falla de compresor,TEC-025,Si,54.7,3440.41,No,Cerrado
F-202500319,2025-12-09 11:00,2025-12-10 15:54,Cliente 006,Norte,Refrigerador vertical,Preventivo,Mantenimiento programado,TEC-001,No,28.9,1764.43,No,Cerrado
F-202501285,2025-05-20 13:00,2025-05-21 12:42,Cliente 031,Centro,Refrigerador vertical,Preventivo,Mantenimiento programado,TEC-017,No,23.7,2080.84,No,Cerrado
F-202500698,2025-08-04 17:00,2025-08-05 19:30,Cliente 055,BAJIO,Vitrina refrigerada,Correctivo,Termostato descalibrado,TEC-014,No,-26.5,8393.85,No,Cerrado
F-202500790,2025-01-05 14:00,2025-01-07 14:42,Cliente 028,Sureste,Refrigerador vertical,Correctivo,Falla de compresor,TEC-022,Si,48.7,4465.52,No,Cerrado
F-202500609,2025-12-19 16:00,2025-12-21 09:30,Cliente 050,Centro,Refrigerador vertical,Correctivo,Fuga de refrigerante,TEC-032,Si,41.5,16113.94,No,Cerrado
F-202500249,2025-10-15 18:00,2025-10-18 17:06,Cliente 016,Sureste,Vitrina refrigerada,Correctivo,Fuga de refrigerante,TEC-038,Si,71.1,6720.37,No,Cerrado
F-202500244,2025-08-26 14:00,2025-08-26 23:42,Cliente 032,Centro,Refrigerador vertical,Preventivo,Mantenimiento programado,TEC-003,No,9.7,2332.22,No,Cerrado
F-202500088,2025-04-25 07:00,2025-04-25 20:18,Cliente 028,Bajio,Maquina de hielo,Correctivo,Problema electrico,TEC-015,No,13.3,13647.1,No,Cerrado
F-202500469,2025-03-08 07:00,2025-03-09 02:30,Cliente 031,Norte,Maquina de hielo,Preventivo,Mantenimiento programado,TEC-024,No,19.5,1148.56,No,Cerrado
F-202501221,2025-08-26 17:00,2025-08-28 10:12,Cliente 027,Occidente,Congelador horizontal,Correctivo,Problema electrico,TEC-020,No,,4934.16,No,Cerrado
F-202500741,2025-10-26 15:00,2025-10-27 18:18,Cliente 001,Sureste,Vitrina refrigerada,Preventivo,Mantenimiento programado,TEC-012,No,27.3,1807.37,No,Cerrado
F-202500363,2025-03-23 07:00,2025-03-25 23:00,Cliente 006,Centro,Congelador horizontal,Correctivo,Fuga de refrigerante,TEC-033,Si,64.0,14949.27,No,Cerrado
F-202500032,2025-03-24 09:00,2025-03-25 23:42,Cliente 031,Norte,Refrigerador vertical,Correctivo,Fuga de refrigerante,TEC-009,Si,38.7,13080.47,No,Cerrado
F-202501194,2025-09-14 08:00,2025-09-16 22:18,Cliente 056,Centro,Refrigerador vertical,Correctivo,Fuga de refrigerante,TEC-030,No,62.3,7170.56,No,Cerrado
F-202500181,2025-12-09 10:00,2025-12-10 09:06,Cliente 026,Occidente,Camara fria,Correctivo,Falla de compresor,TEC-010,Si,23.1,17016.88,No,En proceso
F-202500340,2025-12-14 09:00,2025-12-16 01:36,Cliente 052,Occidente,Refrigerador vertical,Correctivo,Acumulacion de hielo,TEC-029,No,40.6,11414.3,No,Cerrado
F-202500726,2025-02-12 10:00,2025-02-12 19:42,Cliente 009,Bajio,Refrigerador vertical,Correctivo,Termostato descalibrado,TEC-019,No,9.7,7696.2,No,Cerrado
F-202500615,2025-09-08 14:00,2025-09-10 09:18,Cliente 007,Bajio,Refrigerador vertical,Correctivo,Falla de compresor,TEC-006,Si,43.3,16636.28,No,Cerrado
F-202500730,2025-08-29 10:00,2025-08-30 15:06,Cliente 016,Centro,Refrigerador vertical,Correctivo,Falla de compresor,TEC-027,No,29.1,11531.05,No,Cerrado
F-202501343,2025-02-13 13:00,2025-02-14 14:36,Cliente 054,Centro,Congelador horizontal,Correctivo,Fuga de refrigerante,TEC-003,Si,25.6,10573.53,No,Cerrado
F-202500882,2025-11-07 11:00,2025-11-08 06:24,Cliente 036,Centro,Congelador horizontal,Correctivo,Puerta / empaque danado,TEC-018,Si,19.4,14458.94,Si,Cerrado
F-202500187,2025-03-02 16:00,2025-03-04 11:18,Cliente 012,Bajio,Congelador horizontal,Correctivo,Termostato descalibrado,TEC-021,No,43.3,7886.85,Si,Cerrado
F-202500358,2025-11-22 14:00,2025-11-23 08:24,Cliente 015,Sureste,Congelador horizontal,Preventivo,Mantenimiento programado,TEC-028,No,18.4,1575.28,No,Cerrado
F-202500579,2025-11-23 07:00,2025-11-27 21:06,Cliente 020,Norte,Refrigerador vertical,Correctivo,Fuga de refrigerante,TEC-037,Si,110.1,11890.26,No,Cerrado
F-202500473,2025-06-07 14:00,2025-06-08 20:24,Cliente 028,sureste,Camara fria,Correctivo,Termostato descalibrado,TEC-035,No,30.4,11035.03,No,Cerrado
F-202500230,2025-03-06 08:00,2025-03-07 06:12,Cliente 033,Bajio,Refrigerador vertical,Correctivo,Problema electrico,TEC-004,No,22.2,9424.07,No,Cerrado
F-202500909,2025-05-16 10:00,2025-05-20 05:48,Cliente 029,norte,Refrigerador vertical,Correctivo,Termostato descalibrado,TEC-011,Si,91.8,8273.33,No,cerrado
F-202500493,2025-10-02 17:00,2025-10-04 08:30,Cliente 058,Norte,Camara fria,Preventivo,Mantenimiento programado,TEC-027,Si,39.5,6267.23,No,Cerrado
F-202500952,2025-04-22 16:00,2025-04-26 14:06,Cliente 024,Occidente,Refrigerador vertical,Correctivo,Puerta / empaque danado,TEC-020,Si,94.1,8113.86,No,Cerrado
F-202500356,2025-12-29 10:00,2025-12-29 17:00,Cliente 026,Norte,Refrigerador vertical,Preventivo,Mantenimiento programado,TEC-021,No,7.0,865.83,No,Cerrado
F-202501128,2025-08-21 18:00,2025-08-23 03:42,Cliente 020,Sureste,Vitrina refrigerada,Instalacion,Fuga de refrigerante,TEC-022,Si,33.7,16302.2,Si,Cerrado
F-202500167,2025-04-28 18:00,2025-04-30 05:30,Cliente 026,Centro,Refrigerador vertical,Correctivo,Acumulacion de hielo,TEC-029,No,35.5,2971.82,Si,Cerrado
F-202500313,2025-02-13 17:00,2025-02-15 17:18,Cliente 045,Sureste,Vitrina refrigerada,Preventivo,Mantenimiento programado,TEC-009,Si,48.3,6095.52,No,Cerrado
F-202500087,2025-02-05 08:00,2025-02-06 11:48,Cliente 021,Sureste,Congelador horizontal,Preventivo,Mantenimiento programado,TEC-002,Si,27.8,7737.1,Si,Cerrado
F-202500291,2025-10-22 16:00,2025-10-24 18:18,Cliente 002,Occidente,Vitrina refrigerada,Correctivo,Termostato descalibrado,TEC-020,No,50.3,3302.35,No,Cerrado
F-202500894,2025-12-24 15:00,2025-12-25 20:30,Cliente 037,Centro,Refrigerador vertical,Correctivo,Puerta / empaque danado,TEC-015,No,29.5,4751.9,No,Cerrado
F-202501260,2025-10-20 08:00,2025-10-21 01:48,Cliente 059,Centro,Vitrina refrigerada,Correctivo,Problema electrico,TEC-017,No,17.8,8260.67,No,Cerrado
F-202500189,2025-03-29 17:00,2025-03-30 22:00,Cliente 023,Centro,Congelador horizontal,Preventivo,Mantenimiento programado,TEC-007,Si,29.0,5910.23,Si,Cerrado
F-202500775,2025-11-05 09:00,2025-11-05 17:48,Cliente 049,Bajio,Refrigerador vertical,Correctivo,Termostato descalibrado,TEC-016,No,8.8,8960.34,Si,Cerrado
F-202501123,2025-04-09 09:00,2025-04-11 13:48,Cliente 050, Bajio ,Refrigerador vertical,Preventivo,Mantenimiento programado,TEC-001,Si,52.8,7682.03,No,Cerrado
F-202500957,2025-05-27 11:00,2025-05-28 19:12,Cliente 013,Bajio,Refrigerador vertical,Correctivo,Acumulacion de hielo,TEC-034,No,32.2,11519.88,Si,Cerrado
F-202501142,2025-05-04 18:00,2025-05-07 16:18,Cliente 041, Bajio ,Congelador horizontal,Correctivo,Puerta / empaque danado,TEC-038,Si,70.3,11677.28,No,Cerrado
F-202500864,2025-10-09 13:00,2025-10-10 23:06,Cliente 033,Centro,Camara fria,Correctivo,Acumulacion de hielo,TEC-018,No,34.1,9475.29,No,Cerrado
F-202500986,2025-08-27 17:00,2025-08-28 14:18,Cliente 043,occidente,Maquina de hielo,Preventivo,Mantenimiento programado,TEC-024,No,21.3,2258.92,No,Cerrado
F-202500751,2025-12-17 10:00,2025-12-19 06:18,Cliente 003,Norte,Vitrina refrigerada,Correctivo,Termostato descalibrado,TEC-026,Si,44.3,10639.05,No,Cerrado
F-202500379,2025-05-19 10:00,2025-05-21 21:42,Cliente 017,Bajio,Congelador horizontal,Correctivo,Fuga de refrigerante,TEC-038,Si,59.7,11041.63,No,Cerrado
F-202500931,2025-07-16 07:00,2025-07-21 01:06,Cliente 049,Norte,Maquina de hielo,Correctivo,Fuga de refrigerante,TEC-037,Si,114.1,6382.66,No,Cerrado
F-202500883,2025-06-13 10:00,2025-06-13 23:18,Cliente 009,Centro,Refrigerador vertical,Correctivo,Fuga de refrigerante,TEC-031,No,13.3,7131.92,No,Cerrado
F-202500124,2025-06-21 08:00,2025-06-23 06:12,Cliente 039,Occidente,Camara fria,Correctivo,Acumulacion de hielo,TEC-001,No,46.2,12444.18,No,cerrado
F-202500569,2025-08-23 17:00,2025-08-26 21:00,Cliente 021,Bajio,Congelador horizontal,Correctivo,Termostato descalibrado,TEC-014,No,76.0,13023.52,Si,Cerrado
F-202501222,2025-07-21 11:00,2025-07-25 16:12,Cliente 045,Sureste,Congelador horizontal,Correctivo,Fuga de refrigerante,TEC-002,Si,101.2,12635.96,No,Cerrado
F-202500655,2025-07-21 15:00,2025-07-22 19:06,Cliente 032,Centro,Maquina de hielo,Correctivo,Fuga de refrigerante,TEC-028,No,28.1,7371.97,No,Cerrado
F-202500902,2025-01-16 08:00,2025-01-18 23:24,Cliente 002,Occidente,Congelador horizontal,Correctivo,Puerta / empaque danado,TEC-017,Si,63.4,17731.13,Si,Cerrado
F-202501052,2025-05-14 17:00,2025-05-17 01:24,Cliente 034,Norte,Refrigerador vertical,Correctivo,Fuga de refrigerante,TEC-013,Si,56.4,6067.78,No,Cerrado
F-202501270,2025-01-18 18:00,2025-01-23 02:36,Cliente 039,Bajio,Congelador horizontal,Correctivo,Puerta / empaque danado,TEC-014,Si,104.6,9009.48,No,Cerrado
F-202501400,2025-04-20 11:00,2025-04-23 03:36,Cliente 045,Occidente,Congelador horizontal,Correctivo,Falla de compresor,TEC-037,Si,64.6,12928.7,No,Cerrado
F-202501121,2025-01-06 12:00,2025-01-09 19:48,Cliente 020,Centro,Congelador horizontal,Correctivo,Problema electrico,TEC-006,Si,79.8,7071.1,No,Cerrado
F-202500910,2025-02-03 13:00,2025-02-04 03:24,Cliente 027,Sureste,Vitrina refrigerada,Preventivo,Mantenimiento programado,TEC-002,No,14.4,2334.87,Si,Cerrado
F-202501294,2025-01-02 12:00,2025-01-05 10:12,Cliente 044,Sureste,Congelador horizontal,Correctivo,Termostato descalibrado,TEC-036,Si,70.2,14153.31,No,Cerrado
F-202500294,2025-05-02 11:00,2025-05-03 09:36,Cliente 042,NORTE,Maquina de hielo,Correctivo,Fuga de refrigerante,TEC-007,No,22.6,1951.6,No,Cerrado
F-202500188,2025-05-20 07:00,2025-05-22 00:42,Cliente 009,Norte,Refrigerador vertical,Correctivo,Problema electrico,TEC-033,No,41.7,12480.08,No,Cerrado
F-202501032,2025-03-05 13:00,2025-03-05 21:00,Cliente 012,Norte,Camara fria,Preventivo,Mantenimiento programado,TEC-029,No,8.0,2139.42,No,Cerrado
F-202500741,2025-10-26 15:00,2025-10-27 18:18,Cliente 001,Sureste,Vitrina refrigerada,Preventivo,Mantenimiento programado,TEC-012,No,27.3,1807.37,No,Cerrado
F-202500222,2025-06-16 07:00,2025-06-18 08:18,Cliente 002,BAJIO,Vitrina refrigerada,Correctivo,Acumulacion de hielo,TEC-030,No,49.3,3465.36,No,Cerrado
F-202500217,2025-01-29 16:00,2025-01-30 12:18,Cliente 028,Centro,Maquina de hielo,Correctivo,Problema electrico,TEC-030,Si,20.3,10419.93,Si,Cerrado
F-202501179,2025-04-05 18:00,2025-04-07 02:54,Cliente 027,Centro,Refrigerador vertical,Correctivo,Problema electrico,TEC-030,No,32.9,3812.09,No,Cerrado
F-202501351,2025-01-23 09:00,2025-01-24 21:48,Cliente 050,Centro,Congelador horizontal,Correctivo,Fuga de refrigerante,TEC-015,Si,36.8,19511.56,No,Cerrado
F-202500007,2025-02-01 11:00,2025-02-05 13:54,Cliente 037,Sureste,Refrigerador vertical,Correctivo,Termostato descalibrado,TEC-018,Si,98.9,14444.76,Si,Cerrado
F-202500058,2025-02-26 12:00,2025-02-26 20:30,Cliente 025,Bajio,Refrigerador vertical,Correctivo,Problema electrico,TEC-003,No,8.5,6536.97,No,Cerrado
F-202500375,2025-11-20 16:00,2025-11-21 19:36,Cliente 001,Norte,Camara fria,Preventivo,Mantenimiento programado,TEC-037,No,27.6,1897.61,No,Cerrado
F-202501180,2025-01-10 13:00,2025-01-10 23:42,Cliente 038,Sureste,Camara fria,Preventivo,Mantenimiento programado,TEC-024,No,,1135.33,No,Cerrado
F-202500250,2025-01-16 17:00,2025-01-18 13:18,Cliente 005,Occidente,Congelador horizontal,Correctivo,Puerta / empaque danado,TEC-031,Si,,9256.38,Si,Cerrado
F-202500029,2025-07-19 10:00,2025-07-22 06:18,Cliente 009,Occidente,Vitrina refrigerada,Correctivo,Puerta / empaque danado,TEC-017,Si,68.3,7534.66,No,Cerrado
F-202500572,2025-06-01 18:00,2025-06-05 09:18,Cliente 016,Sureste,Congelador horizontal,Correctivo,Fuga de refrigerante,TEC-002,Si,87.3,12698.36,No,Cerrado
F-202500020,2025-06-14 12:00,2025-06-15 21:30,Cliente 043,Sureste,Maquina de hielo,Preventivo,Mantenimiento programado,TEC-027,No,33.5,2163.84,No,Cerrado
F-202500500,2025-06-05 11:00,2025-06-06 20:42,Cliente 017,Centro,Congelador horizontal,Preventivo,Mantenimiento programado,TEC-030,Si,33.7,6537.37,No,Cerrado
F-202501065,2025-10-02 12:00,2025-10-04 19:06,Cliente 008,Centro,Maquina de hielo,Correctivo,Fuga de refrigerante,TEC-012,Si,55.1,18454.71,No,Cerrado
F-202500964,2025-03-21 08:00,2025-03-21 22:42,Cliente 024,Occidente,Congelador horizontal,Correctivo,Fuga de refrigerante,TEC-002,No,14.7,2954.6,No,Cerrado
F-202500449,2025-07-10 13:00,2025-07-12 06:30,Cliente 007,Bajio,Vitrina refrigerada,Correctivo,Problema electrico,TEC-018,Si,41.5,6966.89,Si,Cerrado
F-202501003,2025-07-23 15:00,2025-07-24 15:42,Cliente 020,Occidente,Refrigerador vertical,Correctivo,Fuga de refrigerante,TEC-029,No,24.7,1873.33,No,Cerrado
F-202500212,2025-09-19 08:00,2025-09-20 13:00,Cliente 044,Occidente,Vitrina refrigerada,Correctivo,Falla de compresor,TEC-016,No,29.0,2027.09,No,Cerrado
F-202500594,2025-12-24 14:00,2025-12-25 23:24,Cliente 015,Centro,Congelador horizontal,Instalacion,Falla de compresor,TEC-005,Si,33.4,18678.52,Si,Cerrado
F-202500942,2025-05-28 11:00,2025-05-29 08:36,Cliente 021,Centro,Congelador horizontal,Correctivo,Puerta / empaque danado,TEC-035,No,21.6,13335.95,No,Cerrado
F-202500634,2025-05-19 15:00,2025-05-20 02:06,Cliente 025,Bajio,Congelador horizontal,Preventivo,Mantenimiento programado,TEC-031,No,11.1,2542.96,No,Cerrado
F-202500476,2025-10-14 08:00,2025-10-15 01:36,Cliente 036,Occidente,Vitrina refrigerada,Correctivo,Puerta / empaque danado,TEC-020,No,17.6,3488.31,No,En proceso
F-202500052,2025-03-13 07:00,2025-03-14 07:18,Cliente 012,Norte,Refrigerador vertical,Correctivo,Problema electrico,TEC-024,No,24.3,4962.17,Si,Cerrado
F-202501393,2025-12-26 15:00,2025-12-28 09:18,Cliente 053,Norte,Refrigerador vertical,Correctivo,Acumulacion de hielo,TEC-013,No,42.3,1537.62,No,Cerrado
F-202500761,2025-03-06 16:00,2025-03-07 08:30,Cliente 036,Bajio,Vitrina refrigerada,Correctivo,Puerta / empaque danado,TEC-035,Si,,12317.22,No,Cerrado
F-202500059,2025-09-29 10:00,2025-09-30 04:48,Cliente 005,Sureste,Vitrina refrigerada,Instalacion,Fuga de refrigerante,TEC-025,No,18.8,12236.68,No,Cerrado
F-202501213,2025-06-18 09:00,2025-06-20 05:48,Cliente 017,Bajio,Maquina de hielo,Correctivo,Fuga de refrigerante,TEC-015,Si,44.8,12851.8,Si,Cerrado
F-202500049,2025-09-05 15:00,2025-09-07 20:42,Cliente 037,Norte,Vitrina refrigerada,Correctivo,Fuga de refrigerante,TEC-036,Si,53.7,4507.39,No,Cerrado
F-202501318,2025-08-04 15:00,2025-08-07 00:42,Cliente 022,Sureste,Vitrina refrigerada,Correctivo,Problema electrico,TEC-019,No,57.7,5277.41,No,Cerrado
F-202500043,2025-09-13 18:00,2025-09-15 02:18,Cliente 015, Centro ,Refrigerador vertical,Correctivo,Puerta / empaque danado,TEC-011,Si,32.3,13639.97,No,Cerrado
F-202500638,2025-04-19 07:00,2025-04-20 14:30,Cliente 015,Centro,Refrigerador vertical,Correctivo,Problema electrico,TEC-034,No,31.5,9882.93,No,Cerrado
F-202500401,2025-12-31 07:00,2025-12-31 19:54,Cliente 041,Norte,Vitrina refrigerada,Preventivo,Mantenimiento programado,TEC-034,No,12.9,888.34,Si,Cerrado
F-202500746,2025-05-13 12:00,2025-05-14 07:42,Cliente 031,Sureste,Refrigerador vertical,Preventivo,Mantenimiento programado,TEC-021,No,19.7,2394.55,No,Cerrado
F-202500127,2025-01-29 10:00,2025-01-31 07:06,Cliente 026,Bajio,Camara fria,Correctivo,Fuga de refrigerante,TEC-005,No,45.1,11961.46,No,Cerrado
F-202501161,2025-08-01 13:00,2025-08-02 13:12,Cliente 059,Norte,Refrigerador vertical,Preventivo,Mantenimiento programado,TEC-001,No,24.2,1152.74,No,Cerrado
F-202500783,2025-02-14 14:00,2025-02-16 07:48,Cliente 047,Occidente,Refrigerador vertical,Correctivo,Problema electrico,TEC-019,Si,41.8,16801.59,Si,Cerrado
F-202500523,2025-03-12 16:00,2025-03-13 20:12,Cliente 029,Bajio,Vitrina refrigerada,Correctivo,Acumulacion de hielo,TEC-022,No,,8052.33,No,Cerrado
F-202500361,2025-11-05 11:00,2025-11-06 11:06,Cliente 042,Centro,Maquina de hielo,Instalacion,Problema electrico,TEC-015,Si,24.1,14702.6,No,Cerrado
F-202501357,2025-05-06 17:00,2025-05-08 07:06,Cliente 046,Occidente,Vitrina refrigerada,Correctivo,Fuga de refrigerante,TEC-008,Si,38.1,16541.98,No,Cerrado
F-202500920,2025-08-21 16:00,2025-08-23 13:06,Cliente 015,Sureste,Refrigerador vertical,Correctivo,Acumulacion de hielo,TEC-034,No,45.1,6435.17,Si,Cerrado
F-202500120,2025-02-11 12:00,2025-02-13 11:42,Cliente 029,Centro,Vitrina refrigerada,Correctivo,Acumulacion de hielo,TEC-029,Si,47.7,7753.67,No,Cerrado
F-202500288,2025-07-28 11:00,2025-07-31 14:42,Cliente 049,Bajio,Refrigerador vertical,Correctivo,Fuga de refrigerante,TEC-035,Si,75.7,12662.46,No,Cerrado
F-202501256,2025-01-31 13:00,2025-02-02 09:12,Cliente 055,Sureste,Vitrina refrigerada,Correctivo,Fuga de refrigerante,TEC-012,No,44.2,2760.21,No,Cerrado
F-202500325,2025-12-22 13:00,2025-12-22 23:12,Cliente 020, Bajio ,Congelador horizontal,Preventivo,Mantenimiento programado,TEC-014,No,10.2,2409.31,Si,Cerrado
F-202501210,2025-12-18 16:00,2025-12-19 16:30,Cliente 029,Bajio,Camara fria,Preventivo,Mantenimiento programado,TEC-006,Si,24.5,,Si,cerrado
F-202500672,2025-08-13 14:00,2025-08-15 09:06,Cliente 016,Bajio,Refrigerador vertical,Correctivo,Falla de compresor,TEC-022,Si,43.1,14453.76,No,Cerrado
F-202501226,2025-12-20 13:00,2025-12-21 07:30,Cliente 040,Bajio,Maquina de hielo,Preventivo,Mantenimiento programado,TEC-015,No,18.5,1556.02,No,Cerrado
F-202500031,2025-06-14 12:00,2025-06-16 12:24,Cliente 001,Sureste,Congelador horizontal,Instalacion,Termostato descalibrado,TEC-034,No,48.4,3018.45,No,Cerrado
F-202501153,2025-06-07 09:00,2025-06-08 00:18,Cliente 057,Norte,Maquina de hielo,Preventivo,Mantenimiento programado,TEC-021,No,15.3,1439.78,No,Cerrado
F-202500943,2025-11-30 13:00,2025-12-02 09:42,Cliente 006,Norte,Vitrina refrigerada,Correctivo,Termostato descalibrado,TEC-003,No,44.7,12443.46,No,Cerrado
F-202500202,2025-11-28 15:00,2025-11-29 01:18,Cliente 010,Centro,Camara fria,Preventivo,Mantenimiento programado,TEC-032,No,10.3,2233.11,No,Cerrado
F-202500065,2025-05-30 17:00,2025-05-31 16:00,Cliente 017,Norte,Refrigerador vertical,Preventivo,Mantenimiento programado,TEC-037,No,23.0,2408.03,No,En proceso
F-202500764,2025-12-08 17:00,2025-12-13 18:24,Cliente 054,Bajio,Congelador horizontal,Correctivo,Fuga de refrigerante,TEC-021,Si,121.4,6489.56,Si,Cerrado
F-202500179,2025-11-25 08:00,2025-11-27 01:36,Cliente 024,Sureste,Vitrina refrigerada,Preventivo,Mantenimiento programado,TEC-004,No,41.6,2520.19,No,Cerrado
F-202501052,2025-05-14 17:00,2025-05-17 01:24,Cliente 034,Norte,Refrigerador vertical,Correctivo,Fuga de refrigerante,TEC-013,Si,56.4,6067.78,No,Cerrado
F-202500229,2025-07-19 11:00,2025-07-20 19:00,Cliente 032,Centro,Camara fria,Correctivo,Termostato descalibrado,TEC-025,No,32.0,9822.26,No,Cerrado
F-202501171,2025-08-18 16:00,2025-08-20 00:48,Cliente 044,centro,Maquina de hielo,Correctivo,Fuga de refrigerante,TEC-004,Si,32.8,,Si,Cerrado
F-202500081,2025-12-10 08:00,2025-12-12 10:00,Cliente 032,Bajio,Congelador horizontal,Correctivo,Termostato descalibrado,TEC-007,No,50.0,9714.46,No,Cerrado
F-202500893,2025-07-10 09:00,2025-07-11 16:54,Cliente 023,Norte,Congelador horizontal,Correctivo,Termostato descalibrado,TEC-032,No,31.9,7696.64,Si,Cerrado
F-202500875,2025-09-12 09:00,2025-09-12 20:54,Cliente 055,Occidente,Vitrina refrigerada,Instalacion,Acumulacion de hielo,,No,11.9,11568.33,Si,Cerrado
F-202500408,2025-02-22 12:00,2025-02-25 02:18,Cliente 053,Bajio,Congelador horizontal,Correctivo,Fuga de refrigerante,TEC-022,Si,62.3,16704.4,No,Cerrado
F-202500988,2025-04-26 18:00,2025-04-28 14:24,Cliente 035,Centro,Congelador horizontal,Correctivo,Termostato descalibrado,TEC-024,Si,44.4,8589.34,No,Cerrado
F-202500858,2025-01-21 14:00,2025-01-22 03:18,Cliente 046,Occidente,Refrigerador vertical,Correctivo,Puerta / empaque danado,TEC-036,Si,13.3,13351.57,No,Cerrado
F-202500611,2025-11-01 12:00,2025-11-02 21:06,Cliente 005,Centro,Camara fria,Correctivo,Termostato descalibrado,TEC-011,No,33.1,5771.86,No,Cerrado
F-202500317,2025-09-24 14:00,2025-09-26 16:00,Cliente 049,Centro,Congelador horizontal,Correctivo,Fuga de refrigerante,TEC-017,Si,,13985.17,No,Cerrado
F-202500210,2025-10-12 08:00,2025-10-13 22:12,Cliente 012,Bajio,Vitrina refrigerada,Correctivo,Acumulacion de hielo,TEC-021,No,38.2,10506.01,No,Cerrado
F-202500767,2025-08-12 10:00,2025-08-13 20:12,Cliente 003,Sureste,Vitrina refrigerada,Correctivo,Termostato descalibrado,TEC-024,No,34.2,1517.73,No,Cerrado
F-202500098,2025-09-07 16:00,2025-09-09 11:18,Cliente 030,Norte,Congelador horizontal,Correctivo,Puerta / empaque danado,TEC-017,No,43.3,4279.71,No,Cerrado
F-202501239,2025-04-19 08:00,2025-04-20 15:12,Cliente 043,Occidente,Refrigerador vertical,Instalacion,Fuga de refrigerante,TEC-021,No,31.2,10458.15,No,Cerrado
F-202501005,2025-02-16 11:00,2025-02-18 13:06,Cliente 018, Occidente ,Congelador horizontal,Correctivo,Acumulacion de hielo,TEC-021,No,50.1,13085.68,No,Cerrado
F-202500443,2025-02-18 16:00,2025-02-20 09:36,Cliente 015,Centro,Vitrina refrigerada,Correctivo,Fuga de refrigerante,TEC-012,Si,41.6,12809.42,No,Cerrado
F-202501267,2025-01-21 09:00,2025-01-22 15:24,Cliente 017,Sureste,Refrigerador vertical,Preventivo,Mantenimiento programado,TEC-032,Si,30.4,5060.73,No,cerrado
F-202501307,2025-04-03 15:00,2025-04-04 08:54,Cliente 054,Sureste,Vitrina refrigerada,Correctivo,Problema electrico,TEC-012,No,17.9,2689.78,No,Cerrado
F-202501252,2025-05-31 17:00,2025-06-03 20:30,Cliente 011,Bajio,Camara fria,Correctivo,Termostato descalibrado,TEC-005,Si,75.5,7881.33,Si,Cerrado
F-202501062,2025-09-08 09:00,2025-09-10 00:30,Cliente 030,Norte,Congelador horizontal,Correctivo,Falla de compresor,TEC-011,Si,39.5,3229.92,No,Cerrado
F-202500769,2025-02-21 18:00,2025-02-24 11:12,Cliente 033,Centro,Vitrina refrigerada,Correctivo,Puerta / empaque danado,TEC-024,Si,65.2,10090.67,No,Cerrado
F-202500709,2025-06-23 10:00,2025-06-23 18:42,Cliente 018,Bajio,Camara fria,Preventivo,Mantenimiento programado,TEC-021,No,8.7,1264.38,No,Cerrado
F-202500825,2025-08-16 11:00,2025-08-18 13:12,Cliente 053,Sureste,Camara fria,Preventivo,Mantenimiento programado,TEC-035,No,50.2,1829.18,No,Cerrado
F-202500966,2025-08-03 08:00,2025-08-05 05:48,Cliente 038,Norte,Vitrina refrigerada,Preventivo,Mantenimiento programado,TEC-022,Si,45.8,7530.68,Si,Cerrado
F-202500586,2025-12-04 16:00,2025-12-05 01:30,Cliente 027,Sureste,Camara fria,Preventivo,Mantenimiento programado,,No,9.5,934.35,No,Cerrado
F-202500757,2025-09-27 12:00,2025-09-28 12:18,Cliente 039,Centro,Refrigerador vertical,Preventivo,Mantenimiento programado,TEC-032,Si,24.3,3945.09,No,Cerrado
F-202500680,2025-12-08 08:00,2025-12-09 16:54,Cliente 024,Centro,Camara fria,Correctivo,Acumulacion de hielo,TEC-032,No,32.9,5656.33,Si,Cerrado
F-202501246,2025-12-26 07:00,2025-12-27 11:42,Cliente 026,Occidente,Congelador horizontal,Correctivo,Falla de compresor,TEC-022,Si,,17065.15,No,Cerrado
F-202501023,2025-11-14 08:00,2025-11-16 03:54,Cliente 038,Occidente,Refrigerador vertical,Correctivo,Acumulacion de hielo,TEC-020,No,43.9,5401.61,Si,Cerrado
F-202500133,2025-02-03 18:00,2025-02-05 07:36,Cliente 038,Norte,Camara fria,Correctivo,Acumulacion de hielo,,No,37.6,2367.9,No,En proceso
F-202500779,2025-04-09 14:00,2025-04-10 18:18,Cliente 028,Centro,Vitrina refrigerada,Preventivo,Mantenimiento programado,TEC-037,Si,28.3,6832.95,No,Cerrado
F-202500073,2025-06-18 12:00,2025-06-19 11:42,Cliente 016,Centro,Congelador horizontal,Preventivo,Mantenimiento programado,TEC-020,Si,23.7,4323.44,No,Cerrado
F-202500704,2025-03-04 08:00,2025-03-05 13:12,Cliente 060,Sureste,Camara fria,Preventivo,Mantenimiento programado,TEC-018,No,29.2,1029.54,No,Cerrado
F-202500144,2025-05-30 13:00,2025-05-31 13:30,Cliente 004,Centro,Congelador horizontal,Correctivo,Falla de compresor,TEC-034,Si,24.5,15980.59,Si,Cerrado
F-202500938,2025-02-24 16:00,2025-02-26 14:18,Cliente 050,Bajio,Vitrina refrigerada,Correctivo,Puerta / empaque danado,TEC-011,Si,46.3,10805.62,No,Cerrado
F-202500607,2025-04-28 12:00,2025-05-02 08:48,Cliente 023,bajio,Refrigerador vertical,Correctivo,Problema electrico,TEC-030,Si,92.8,10256.95,Si,Cerrado
F-202500728,2025-02-02 14:00,2025-02-03 19:48,Cliente 051,Centro,Congelador horizontal,Correctivo,Problema electrico,TEC-012,No,29.8,4293.14,No,Cerrado
F-202500390,2025-02-25 16:00,2025-02-26 01:36,Cliente 051,Centro,Refrigerador vertical,Preventivo,Mantenimiento programado,TEC-030,No,9.6,960.65,No,Cerrado
F-202500350,2025-03-02 15:00,2025-03-03 18:42,Cliente 007,Bajio,Congelador horizontal,Correctivo,Acumulacion de hielo,TEC-009,No,27.7,3669.31,No,Cerrado
F-202500977,2025-02-04 17:00,2025-02-05 23:06,Cliente 043,Occidente,Vitrina refrigerada,Correctivo,Acumulacion de hielo,TEC-033,No,30.1,4304.27,No,Cerrado
F-202500315,2025-03-31 14:00,2025-04-01 12:54,Cliente 006,Centro,Refrigerador vertical,Correctivo,Problema electrico,TEC-029,No,22.9,10592.44,Si,Cerrado
F-202501163,2025-11-06 15:00,2025-11-07 07:30,Cliente 053,Occidente,Camara fria,Correctivo,Acumulacion de hielo,TEC-037,No,16.5,11824.43,No,Cerrado
F-202500841,2025-04-16 09:00,2025-04-17 13:48,Cliente 051,Centro,Refrigerador vertical,Correctivo,Falla de compresor,TEC-018,No,28.8,3503.22,No,Cerrado
F-202500806,2025-10-13 16:00,2025-10-16 22:12,Cliente 059,Norte,Congelador horizontal,Correctivo,Puerta / empaque danado,TEC-022,Si,78.2,4973.58,No,Cerrado
F-202500430,2025-09-19 18:00,2025-09-20 14:42,Cliente 009,Bajio,Refrigerador vertical,Correctivo,Fuga de refrigerante,TEC-020,No,20.7,9344.85,No,Cerrado
F-202500451,2025-12-17 07:00,2025-12-18 07:42,Cliente 009,Centro,Maquina de hielo,Preventivo,Mantenimiento programado,TEC-019,Si,24.7,5195.05,No,Cerrado
F-202500209,2025-04-07 09:00,2025-04-09 06:30,Cliente 010,Bajio,Congelador horizontal,Preventivo,Mantenimiento programado,TEC-026,Si,45.5,4427.6,No,Cerrado
F-202500639,2025-10-17 18:00,2025-10-21 15:24,Cliente 001,Norte,Congelador horizontal,Correctivo,Puerta / empaque danado,TEC-010,Si,93.4,11982.04,No,Cerrado
F-202500987,2025-08-14 18:00,2025-08-15 15:24,Cliente 040,Sureste,Maquina de hielo,Correctivo,Termostato descalibrado,TEC-006,No,21.4,4873.0,Si,Cerrado
F-202501013,2025-03-31 18:00,2025-04-01 13:36,Cliente 046,Bajio,Camara fria,Instalacion,Termostato descalibrado,TEC-010,No,19.6,3153.07,No,Cerrado
F-202500587,2025-09-09 16:00,2025-09-10 17:06,Cliente 019,Centro,Refrigerador vertical,Correctivo,Acumulacion de hielo,TEC-021,No,25.1,10870.25,No,Cerrado
F-202501284,2025-10-20 16:00,2025-10-23 05:18,Cliente 030,Norte,Refrigerador vertical,Correctivo,Puerta / empaque danado,TEC-007,Si,61.3,13480.97,No,Cerrado
F-202500155,2025-06-08 12:00,2025-06-09 08:42,Cliente 041,Centro,Refrigerador vertical,Preventivo,Mantenimiento programado,TEC-038,No,20.7,1633.02,No,Cerrado
F-202500869,2025-06-12 08:00,2025-06-14 01:24,Cliente 028,Norte,Refrigerador vertical,Correctivo,Acumulacion de hielo,TEC-035,No,,4587.82,Si,Cerrado
F-202500176,2025-06-18 10:00,2025-06-19 21:36,Cliente 008,Centro,Vitrina refrigerada,Correctivo,Acumulacion de hielo,TEC-008,No,35.6,10263.59,Si,Cerrado
F-202500008,2025-09-12 17:00,2025-09-14 03:18,Cliente 010,Centro,Vitrina refrigerada,Correctivo,Puerta / empaque danado,TEC-035,No,34.3,8588.91,No,En proceso
F-202501077,2025-09-17 13:00,2025-09-18 06:00,Cliente 021,Centro,Congelador horizontal,Correctivo,Fuga de refrigerante,TEC-033,No,17.0,5437.21,No,Cerrado
F-202501276,2025-09-18 14:00,2025-09-19 00:00,Cliente 034,Bajio,Refrigerador vertical,Correctivo,Problema electrico,TEC-026,No,10.0,9039.35,Si,Cerrado
F-202500712,2025-07-10 15:00,2025-07-11 22:30,Cliente 023,Norte,Vitrina refrigerada,Correctivo,Acumulacion de hielo,TEC-025,No,31.5,8032.75,No,Cerrado
F-202500153,2025-12-01 13:00,2025-12-01 18:48,Cliente 022,Centro,Congelador horizontal,Preventivo,Mantenimiento programado,TEC-023,No,5.8,1593.57,No,Cerrado
F-202500778,2025-02-13 12:00,2025-02-17 06:06,Cliente 034,Occidente,Congelador horizontal,Correctivo,Fuga de refrigerante,TEC-037,Si,90.1,14990.1,No,Cerrado
F-202500759,2025-02-16 16:00,2025-02-18 16:06,Cliente 007,Bajio,Camara fria,Correctivo,Falla de compresor,TEC-001,Si,48.1,16135.57,No,Cerrado
F-202501152,2025-07-04 10:00,2025-07-05 09:48,Cliente 031,Bajio,Maquina de hielo,Preventivo,Mantenimiento programado,TEC-038,No,23.8,834.3,No,Cerrado
F-202500239,2025-04-23 09:00,2025-04-23 23:36,Cliente 037,Centro,Congelador horizontal,Correctivo,Termostato descalibrado,TEC-038,No,14.6,11602.25,No,Cerrado
F-202500360,2025-10-01 13:00,2025-10-02 21:30,Cliente 021,Sureste,Refrigerador vertical,Preventivo,Mantenimiento programado,TEC-004,No,32.5,1891.94,No,Cerrado
F-202500079,2025-07-26 09:00,2025-07-29 17:06,Cliente 036,Bajio,Refrigerador vertical,Correctivo,Falla de compresor,TEC-007,Si,80.1,15472.81,No,Cerrado
F-202500228,2025-07-31 14:00,2025-08-01 20:42,Cliente 057,Centro,Vitrina refrigerada,Correctivo,Problema electrico,TEC-027,Si,30.7,9130.72,No,Cerrado
F-202501295,2025-12-14 18:00,2025-12-15 11:54,Cliente 056,Occidente,Congelador horizontal,Preventivo,Mantenimiento programado,TEC-024,No,17.9,1080.54,No,Cerrado
F-202501149,2025-09-09 12:00,2025-09-09 19:24,Cliente 009,Centro,Vitrina refrigerada,Preventivo,Mantenimiento programado,TEC-030,No,7.4,2259.78,No,Cerrado
F-202500117,2025-01-14 12:00,2025-01-16 12:12,Cliente 007,Centro,Congelador horizontal,Instalacion,Acumulacion de hielo,TEC-007,No,48.2,2875.1,No,Cerrado
F-202500324,2025-12-01 15:00,2025-12-02 00:42,Cliente 045,Norte,Refrigerador vertical,Preventivo,Mantenimiento programado,TEC-035,No,9.7,1621.95,Si,Cerrado
F-202500147,2025-01-13 15:00,2025-01-14 00:18,Cliente 020,Centro,Refrigerador vertical,Preventivo,Mantenimiento programado,TEC-024,No,9.3,1873.41,No,Cerrado
F-202501362,2025-01-25 12:00,2025-01-28 00:48,Cliente 059,Sureste,Refrigerador vertical,Correctivo,Termostato descalibrado,TEC-030,No,60.8,,No,Cerrado
F-202500174,2025-09-21 16:00,2025-09-23 06:18,Cliente 017,Occidente,Maquina de hielo,Correctivo,Fuga de refrigerante,TEC-003,Si,38.3,14374.29,No,Cerrado
F-202501153,2025-06-07 09:00,2025-06-08 00:18,Cliente 057,Norte,Maquina de hielo,Preventivo,Mantenimiento programado,TEC-021,No,15.3,1439.78,No,Cerrado
F-202500889,2025-01-06 18:00,2025-01-07 11:48,Cliente 058, Centro ,Camara fria,Instalacion,Problema electrico,TEC-030,No,17.8,12213.4,No,Cerrado
F-202500047,2025-06-12 18:00,2025-06-14 14:48,Cliente 017,Sureste,Congelador horizontal,Preventivo,Mantenimiento programado,TEC-007,No,44.8,1712.68,No,Cerrado
F-202501033,2025-09-24 08:00,2025-09-26 11:48,Cliente 047,Norte,Refrigerador vertical,Correctivo,Acumulacion de hielo,TEC-018,No,51.8,7529.83,No,Cerrado
F-202501389,2025-11-22 07:00,2025-11-24 08:24,Cliente 047,Sureste,Congelador horizontal,Correctivo,Problema electrico,TEC-025,No,49.4,6207.31,No,Cerrado
F-202500148,2025-03-27 17:00,2025-03-28 17:54,Cliente 043,Occidente,Vitrina refrigerada,Preventivo,Mantenimiento programado,TEC-021,No,24.9,809.2,No,Cerrado
F-202500154,2025-04-18 14:00,2025-04-19 06:42,Cliente 018,Bajio,Vitrina refrigerada,Correctivo,Problema electrico,TEC-007,No,16.7,12445.73,No,Cerrado
F-202501103,2025-12-02 16:00,2025-12-03 20:48,Cliente 051,Sureste,Vitrina refrigerada,Preventivo,Mantenimiento programado,TEC-011,No,28.8,2035.25,No,Cerrado
F-202500838,2025-03-14 10:00,2025-03-15 20:00,Cliente 038,Centro,Congelador horizontal,Correctivo,Termostato descalibrado,TEC-029,Si,34.0,4736.23,No,Cerrado
F-202500165,2025-06-02 13:00,2025-06-03 10:24,Cliente 022,OCCIDENTE,Congelador horizontal,Preventivo,Mantenimiento programado,TEC-033,No,21.4,1845.0,Si,Cerrado
F-202500814,2025-04-14 08:00,2025-04-15 11:36,Cliente 011,Bajio,Vitrina refrigerada,Preventivo,Mantenimiento programado,TEC-025,Si,27.6,5526.24,No,En proceso
F-202500857,2025-03-31 16:00,2025-04-01 11:06,Cliente 009,Sureste,Congelador horizontal,Correctivo,Puerta / empaque danado,TEC-022,No,,13588.74,Si,Cerrado
F-202500574,2025-01-18 11:00,2025-01-19 06:42,Cliente 001,Bajio,Congelador horizontal,Correctivo,Problema electrico,TEC-010,No,19.7,8576.1,Si,Cerrado
F-202501378,2025-10-02 17:00,2025-10-03 16:36,Cliente 001,Bajio,Maquina de hielo,Preventivo,Mantenimiento programado,TEC-013,No,23.6,2314.03,No,Cerrado
F-202500403,2025-04-27 12:00,2025-04-29 12:54,Cliente 005,Centro,Vitrina refrigerada,Instalacion,Acumulacion de hielo,TEC-031,Si,48.9,12819.38,No,Cerrado
F-202501206,2025-11-26 16:00,2025-11-27 02:54,Cliente 042,Centro,Congelador horizontal,Preventivo,Mantenimiento programado,TEC-022,No,10.9,1208.01,No,Cerrado
F-202500387,2025-01-25 09:00,2025-01-29 14:30,Cliente 035, Centro ,Vitrina refrigerada,Correctivo,Puerta / empaque danado,TEC-007,Si,101.5,12945.87,No,Cerrado
F-202500465,2025-01-03 17:00,2025-01-06 23:18,Cliente 019,NORTE,Refrigerador vertical,Correctivo,Puerta / empaque danado,TEC-032,Si,78.3,12019.48,No,Cerrado
F-202500123,2025-08-27 09:00,2025-08-29 01:12,Cliente 009,Occidente,Congelador horizontal,Correctivo,Problema electrico,TEC-020,No,2267.9,11833.27,Si,Cerrado
F-202500096,2025-04-16 12:00,2025-04-17 21:06,Cliente 044,Norte,Congelador horizontal,Correctivo,Acumulacion de hielo,TEC-004,No,33.1,6554.29,No,En proceso
F-202500211,2025-04-06 16:00,2025-04-07 17:06,Cliente 008,Centro,Refrigerador vertical,Correctivo,Problema electrico,TEC-004,No,25.1,13410.11,No,Cerrado
F-202500046,2025-12-21 07:00,2025-12-24 22:42,Cliente 052,Norte,Camara fria,Correctivo,Falla de compresor,TEC-025,Si,87.7,10854.02,No,Cerrado
F-202500595,2025-04-28 16:00,2025-04-29 18:48,Cliente 054,Bajio,Vitrina refrigerada,Correctivo,Termostato descalibrado,TEC-006,Si,26.8,9257.49,No,Cerrado
F-202500834,2025-02-22 08:00,2025-02-24 07:48,Cliente 045,SURESTE,Refrigerador vertical,Correctivo,Fuga de refrigerante,TEC-006,Si,47.8,7450.28,No,Cerrado
F-202500163,2025-05-30 09:00,2025-05-31 08:54,Cliente 009,Occidente,Congelador horizontal,Preventivo,Mantenimiento programado,TEC-020,Si,23.9,7307.33,No,Cerrado
F-202500383,2025-12-12 07:00,2025-12-12 11:48,Cliente 040,Centro,Refrigerador vertical,Preventivo,Mantenimiento programado,TEC-005,No,4.8,1273.87,No,Cerrado
F-202501122,2025-01-31 07:00,2025-01-31 13:42,Cliente 014,Norte,Vitrina refrigerada,Preventivo,Mantenimiento programado,TEC-027,No,6.7,2200.52,No,Cerrado
F-202501176,2025-05-04 10:00,2025-05-06 02:54,Cliente 016,Norte,Congelador horizontal,Preventivo,Mantenimiento programado,TEC-010,Si,40.9,3347.22,No,Cerrado
F-202500657,2025-10-07 15:00,2025-10-08 17:42,Cliente 023,Sureste,Maquina de hielo,Correctivo,Fuga de refrigerante,TEC-025,Si,26.7,12411.13,Si,Cerrado
F-202500479,2025-08-31 15:00,2025-09-02 18:18,Cliente 056,Norte,Refrigerador vertical,Correctivo,Termostato descalibrado,TEC-003,No,51.3,9947.41,No,Cerrado
F-202500191,2025-09-07 15:00,2025-09-09 14:18,Cliente 004,Centro,Vitrina refrigerada,Correctivo,Termostato descalibrado,TEC-001,No,47.3,10118.85,Si,Cerrado
F-202500515,2025-12-17 10:00,2025-12-17 15:36,Cliente 042,Centro,Refrigerador vertical,Correctivo,Problema electrico,TEC-026,No,5.6,3447.29,No,Cerrado
F-202500486,2025-03-26 09:00,2025-03-27 04:06,Cliente 056,Centro,Camara fria,Correctivo,Fuga de refrigerante,TEC-011,Si,19.1,17588.15,No,Cerrado
F-202500821,2025-01-09 18:00,2025-01-10 11:18,Cliente 010,Bajio,Camara fria,Preventivo,Mantenimiento programado,,No,17.3,1656.04,No,Cerrado
F-202500540,2025-01-08 09:00,2025-01-09 13:36,Cliente 054,Centro,Refrigerador vertical,Preventivo,Mantenimiento programado,TEC-008,No,28.6,870.89,No,Cerrado
F-202500169,2025-05-03 17:00,2025-05-05 18:24,Cliente 037,Bajio,Camara fria,Correctivo,Termostato descalibrado,TEC-033,No,-49.4,2371.05,No,Cerrado
F-202500256,2025-02-22 09:00,2025-02-24 04:30,Cliente 024,Bajio,Refrigerador vertical,Correctivo,Falla de compresor,TEC-013,No,43.5,11963.42,No,Cerrado
F-202500092,2025-10-21 12:00,2025-10-22 19:12,Cliente 039,Occidente,Maquina de hielo,Correctivo,Falla de compresor,TEC-009,Si,31.2,16710.24,No,Cerrado
F-202501249,2025-04-29 18:00,2025-05-01 22:24,Cliente 034,Norte,Refrigerador vertical,Correctivo,Fuga de refrigerante,TEC-022,Si,52.4,15059.97,No,Cerrado
F-202500926,2025-12-12 16:00,2025-12-14 14:30,Cliente 055,Sureste,Vitrina refrigerada,Correctivo,Termostato descalibrado,TEC-006,No,46.5,6047.0,Si,Cerrado
F-202500944,2025-06-23 15:00,2025-06-24 15:30,Cliente 035,Centro,Refrigerador vertical,Instalacion,Termostato descalibrado,TEC-002,No,24.5,3052.82,No,Cerrado
F-202500738,2025-05-02 07:00,2025-05-02 22:48,Cliente 012,Occidente,Camara fria,Preventivo,Mantenimiento programado,TEC-024,No,,1752.86,No,Cerrado
F-202501030,2025-05-02 10:00,2025-05-03 16:24,Cliente 031,Occidente,Camara fria,Correctivo,Termostato descalibrado,TEC-016,No,30.4,8141.03,No,Cerrado
F-202500530,2025-12-03 18:00,2025-12-05 20:30,Cliente 027,Bajio,Congelador horizontal,Correctivo,Acumulacion de hielo,TEC-026,Si,50.5,12589.24,No,Cerrado
F-202500251,2025-03-07 09:00,2025-03-07 12:42,Cliente 055,Centro,Vitrina refrigerada,Preventivo,Mantenimiento programado,TEC-030,No,3.7,1748.52,Si,Cerrado
F-202500371,2025-05-03 11:00,2025-05-05 12:48,Cliente 045,Norte,Maquina de hielo,Correctivo,Puerta / empaque danado,TEC-004,No,49.8,5179.46,No,Cerrado
F-202501340,2025-05-29 11:00,2025-05-31 07:36,Cliente 035,Norte,Vitrina refrigerada,Correctivo,Problema electrico,TEC-002,No,1406.8,2414.56,No,Cerrado
F-202500170,2025-01-09 18:00,2025-01-10 13:00,Cliente 011,Bajio,Congelador horizontal,Correctivo,Problema electrico,TEC-016,No,19.0,11967.73,No,Cerrado
F-202500074,2025-02-17 09:00,2025-02-18 07:54,Cliente 026,Bajio,Congelador horizontal,Preventivo,Mantenimiento programado,TEC-010,Si,22.9,8265.49,No,Cerrado
F-202501207,2025-07-08 13:00,2025-07-10 15:24,Cliente 051,Norte,Refrigerador vertical,Correctivo,Acumulacion de hielo,TEC-019,No,50.4,9605.96,Si,Cerrado
F-202501000,2025-07-07 15:00,2025-07-08 11:12,Cliente 010,Norte,Refrigerador vertical,Correctivo,Termostato descalibrado,TEC-006,No,20.2,7885.44,No,cerrado
F-202501200,2025-08-15 11:00,2025-08-17 06:00,Cliente 057,Sureste,Congelador horizontal,Correctivo,Termostato descalibrado,TEC-038,Si,43.0,8132.05,No,Cerrado
F-202501353,2025-06-30 13:00,2025-07-02 15:54,Cliente 043,Occidente,Refrigerador vertical,Correctivo,Termostato descalibrado,TEC-026,No,50.9,12431.15,No,Cerrado
F-202500394,2025-08-07 10:00,2025-08-10 04:00,Cliente 027,Norte,Camara fria,Correctivo,Puerta / empaque danado,TEC-020,Si,66.0,8544.99,No,Cerrado
F-202500472,2025-10-21 09:00,2025-10-23 11:18,Cliente 011,Bajio,Camara fria,Correctivo,Falla de compresor,TEC-004,Si,50.3,15159.32,No,Cerrado
F-202500517,2025-11-18 10:00,2025-11-19 20:36,Cliente 036,Norte,Vitrina refrigerada,Correctivo,Acumulacion de hielo,TEC-017,No,34.6,10349.86,No,Cerrado
F-202500929,2025-06-02 07:00,2025-06-04 13:18,Cliente 040,Norte,Vitrina refrigerada,Preventivo,Mantenimiento programado,TEC-032,No,54.3,1757.87,No,Cerrado
F-202500424,2025-08-01 17:00,2025-08-02 05:24,Cliente 009,Norte,Camara fria,Preventivo,Mantenimiento programado,TEC-003,No,12.4,2253.05,No,Cerrado
F-202500348,2025-12-08 11:00,2025-12-10 05:54,Cliente 035,Norte,Vitrina refrigerada,Correctivo,Fuga de refrigerante,TEC-021,Si,42.9,19268.78,No,En proceso
F-202501216,2025-02-11 15:00,2025-02-12 08:48,Cliente 049,Bajio,Refrigerador vertical,Correctivo,Acumulacion de hielo,TEC-012,No,17.8,11975.41,Si,Cerrado
F-202500422,2025-09-11 16:00,2025-09-12 12:36,Cliente 048,Bajio,Vitrina refrigerada,Instalacion,Fuga de refrigerante,TEC-020,No,20.6,3891.79,No,Cerrado
F-202501316,2025-04-20 12:00,2025-04-21 22:06,Cliente 034,centro,Refrigerador vertical,Instalacion,Falla de compresor,TEC-005,Si,34.1,4045.03,No,Cerrado
F-202500549,2025-07-08 07:00,2025-07-10 18:00,Cliente 022,Centro,Vitrina refrigerada,Preventivo,Mantenimiento programado,TEC-003,Si,59.0,4140.84,No,Cerrado
F-202501070,2025-01-04 09:00,2025-01-06 17:12,Cliente 025,Centro,Refrigerador vertical,Correctivo,Puerta / empaque danado,TEC-013,Si,,15067.25,No,Cerrado
F-202500756,2025-06-09 12:00,2025-06-10 23:30,Cliente 054,Occidente,Vitrina refrigerada,Correctivo,Termostato descalibrado,TEC-014,No,35.5,8187.33,Si,Cerrado
F-202501306,2025-09-03 10:00,2025-09-06 08:36,Cliente 008,Bajio,Congelador horizontal,Correctivo,Fuga de refrigerante,TEC-017,Si,70.6,14103.82,No,Cerrado
F-202501104,2025-02-24 08:00,2025-02-25 03:30,Cliente 023,Occidente,Refrigerador vertical,Correctivo,Termostato descalibrado,TEC-028,No,19.5,10807.43,No,Cerrado
F-202501184,2025-06-13 14:00,2025-06-14 07:06,Cliente 020,Centro,Congelador horizontal,Correctivo,Falla de compresor,TEC-006,No,17.1,8778.84,No,Cerrado
F-202500585,2025-05-28 14:00,2025-05-29 22:54,Cliente 025,Norte,Congelador horizontal,Instalacion,Fuga de refrigerante,TEC-013,No,32.9,8104.54,Si,Cerrado
F-202500116,2025-07-27 18:00,2025-07-28 22:24,Cliente 057,Centro,Congelador horizontal,Correctivo,Acumulacion de hielo,TEC-031,No,28.4,12436.51,No,Cerrado
F-202500297,2025-11-07 12:00,2025-11-08 18:12,Cliente 001,Centro,Congelador horizontal,Correctivo,Termostato descalibrado,TEC-016,No,30.2,2627.39,Si,Cerrado
F-202501387,2025-07-24 10:00,2025-07-25 15:54,Cliente 016,Norte,Congelador horizontal,Correctivo,Problema electrico,TEC-037,No,,5159.83,Si,Cerrado
F-202500707,2025-01-03 16:00,2025-01-04 02:06,Cliente 031,Norte,Refrigerador vertical,Preventivo,Mantenimiento programado,TEC-032,No,10.1,2033.61,No,Cerrado
F-202500598,2025-10-12 18:00,2025-10-15 04:12,Cliente 006,Centro,Congelador horizontal,Correctivo,Puerta / empaque danado,TEC-021,Si,58.2,5634.47,No,Cerrado
F-202500819,2025-08-31 10:00,2025-09-03 20:18,Cliente 026,Sureste,Refrigerador vertical,Correctivo,Fuga de refrigerante,TEC-004,Si,82.3,12589.51,No,En proceso
F-202500335,2025-06-17 17:00,2025-06-19 00:12,Cliente 052,Occidente,Vitrina refrigerada,Correctivo,Falla de compresor,TEC-032,No,31.2,10745.11,No,Cerrado
F-202500807,2025-07-18 08:00,2025-07-19 02:54,Cliente 004,Norte,Congelador horizontal,Preventivo,Mantenimiento programado,TEC-022,No,18.9,1603.81,No,Cerrado
F-202500028,2025-10-28 17:00,2025-10-29 08:42,Cliente 010,Centro,Congelador horizontal,Correctivo,Puerta / empaque danado,TEC-025,Si,15.7,17645.84,No,Cerrado
F-202501055,2025-01-28 16:00,2025-01-29 05:30,Cliente 039,Norte,Camara fria,Preventivo,Mantenimiento programado,TEC-037,Si,13.5,6421.58,No,Cerrado
F-202501084,2025-07-22 10:00,2025-07-24 06:30,Cliente 060,Centro,Refrigerador vertical,Correctivo,Fuga de refrigerante,TEC-006,Si,44.5,17759.46,No,Cerrado
F-202500734,2025-10-10 11:00,2025-10-12 03:54,Cliente 049,Sureste,Congelador horizontal,Correctivo,Fuga de refrigerante,TEC-030,Si,40.9,12395.78,No,Cerrado
F-202501135,2025-08-13 16:00,2025-08-15 00:18,Cliente 042,Sureste,Refrigerador vertical,Correctivo,Falla de compresor,TEC-028,No,32.3,13596.35,No,Cerrado
F-202501188,2025-08-07 10:00,2025-08-08 21:12,Cliente 013,Centro,Refrigerador vertical,Correctivo,Fuga de refrigerante,TEC-019,No,35.2,13461.84,No,Cerrado
F-202501321,2025-02-11 14:00,2025-02-14 20:24,Cliente 018,Bajio,Maquina de hielo,Correctivo,Problema electrico,TEC-004,No,78.4,2786.36,No,Cerrado
F-202500578,2025-07-11 11:00,2025-07-12 22:48,Cliente 052,Sureste,Vitrina refrigerada,Correctivo,Acumulacion de hielo,TEC-033,No,35.8,10006.64,No,Cerrado
F-202500668,2025-11-11 17:00,2025-11-13 05:48,Cliente 035,Sureste,Refrigerador vertical,Correctivo,Termostato descalibrado,TEC-010,No,36.8,12490.3,Si,Cerrado
F-202500722,2025-12-06 18:00,2025-12-09 12:30,Cliente 020,Centro,Vitrina refrigerada,Correctivo,Fuga de refrigerante,TEC-001,Si,66.5,9725.85,Si,Cerrado
F-202501131,2025-05-29 17:00,2025-05-31 07:42,Cliente 019,Norte,Refrigerador vertical,Preventivo,Mantenimiento programado,TEC-033,Si,38.7,7092.05,No,Cerrado
F-202500388,2025-10-31 08:00,2025-10-31 15:24,Cliente 010,Norte,Vitrina refrigerada,Preventivo,Mantenimiento programado,TEC-005,No,7.4,1490.95,No,Cerrado
F-202500236,2025-09-20 13:00,2025-09-21 12:24,Cliente 013,Bajio,Vitrina refrigerada,Correctivo,Problema electrico,TEC-038,No,23.4,7367.45,No,Cerrado
F-202500203,2025-06-30 16:00,2025-07-03 14:18,Cliente 019,Norte,Congelador horizontal,Correctivo,Fuga de refrigerante,TEC-002,Si,70.3,8346.85,No,Cerrado
F-202500753,2025-02-01 17:00,2025-02-03 09:30,Cliente 021,Occidente,Refrigerador vertical,Correctivo,Fuga de refrigerante,TEC-026,Si,40.5,4412.89,No,Cerrado
F-202500017,2025-07-07 14:00,2025-07-08 04:42,Cliente 005,Norte,Refrigerador vertical,Preventivo,Mantenimiento programado,TEC-021,No,14.7,2022.93,No,Cerrado
F-202501110,2025-01-17 08:00,2025-01-19 00:42,Cliente 009,Norte,Vitrina refrigerada,Correctivo,Falla de compresor,TEC-017,Si,40.7,15922.73,No,Cerrado
F-202501394,2025-09-28 13:00,2025-10-01 14:36,Cliente 045,Sureste,Vitrina refrigerada,Correctivo,Fuga de refrigerante,TEC-031,Si,73.6,13384.01,Si,Cerrado
F-202500110,2025-09-15 15:00,2025-09-16 08:18,Cliente 017,Occidente,Camara fria,Preventivo,Mantenimiento programado,TEC-011,No,17.3,852.51,No,Cerrado
F-202500932,2025-09-13 17:00,2025-09-16 04:54,Cliente 039,Bajio,Vitrina refrigerada,Correctivo,Termostato descalibrado,TEC-034,No,59.9,7907.23,No,Cerrado
F-202500745,2025-10-18 11:00,2025-10-19 16:24,Cliente 039,Centro,Refrigerador vertical,Correctivo,Acumulacion de hielo,TEC-029,No,29.4,2721.63,No,Cerrado
F-202500617,2025-04-02 11:00,2025-04-04 18:18,Cliente 033,Centro,Camara fria,Correctivo,Puerta / empaque danado,TEC-023,Si,55.3,13181.98,No,Cerrado
F-202500550,2025-09-06 10:00,2025-09-08 16:06,Cliente 026,Sureste,Refrigerador vertical,Correctivo,Termostato descalibrado,TEC-007,No,54.1,7701.85,No,Cerrado
F-202500872,2025-03-15 10:00,2025-03-17 22:00,Cliente 059,Norte,Camara fria,Correctivo,Problema electrico,TEC-034,Si,60.0,16460.49,Si,Cerrado
F-202500159,2025-07-04 18:00,2025-07-05 12:18,Cliente 050,Norte,Congelador horizontal,Correctivo,Fuga de refrigerante,TEC-015,No,18.3,8409.61,No,Cerrado
F-202500263,2025-04-20 09:00,2025-04-23 18:24,Cliente 036,Occidente,Congelador horizontal,Correctivo,Falla de compresor,TEC-023,No,81.4,5564.74,No,Cerrado
F-202501041,2025-09-15 11:00,2025-09-16 23:36,Cliente 023,Sureste,Camara fria,Correctivo,Falla de compresor,TEC-009,No,36.6,,No,Cerrado
F-202500675,2025-08-15 15:00,2025-08-18 02:12,Cliente 056,Bajio,Refrigerador vertical,Correctivo,Puerta / empaque danado,TEC-022,Si,59.2,16006.37,Si,Cerrado
F-202500553,2025-10-30 07:00,2025-10-31 12:54,Cliente 012,Occidente,Congelador horizontal,Correctivo,Falla de compresor,TEC-021,No,29.9,4465.12,No,Cerrado
F-202500862,2025-12-05 18:00,2025-12-06 19:12,Cliente 049,Sureste,Vitrina refrigerada,Correctivo,Puerta / empaque danado,TEC-015,No,25.2,2779.74,No,Cerrado
F-202501361,2025-01-31 08:00,2025-02-01 08:48,Cliente 038,Norte,Refrigerador vertical,Instalacion,Fuga de refrigerante,TEC-015,No,24.8,12531.75,No,Cerrado
F-202501125,2025-11-03 07:00,2025-11-04 05:18,Cliente 023,Sureste,Congelador horizontal,Correctivo,Falla de compresor,TEC-035,No,22.3,7383.64,No,Cerrado
F-202500972,2025-06-02 16:00,2025-06-03 17:12,Cliente 031,Centro,Maquina de hielo,Preventivo,Mantenimiento programado,TEC-031,No,25.2,2462.48,No,Cerrado
F-202500215,2025-09-26 07:00,2025-09-27 01:06,Cliente 007,Occidente,Refrigerador vertical,Correctivo,Problema electrico,,No,,2571.51,No,Cerrado
F-202500267,2025-06-13 16:00,2025-06-15 22:54,Cliente 036,Occidente,Refrigerador vertical,Correctivo,Termostato descalibrado,TEC-030,No,54.9,2033.36,No,Cerrado
F-202500491,2025-12-07 09:00,2025-12-11 19:18,Cliente 005,Centro,Refrigerador vertical,Correctivo,Falla de compresor,TEC-005,Si,106.3,7036.97,No,Cerrado
F-202500690,2025-10-13 07:00,2025-10-15 02:06,Cliente 038,Bajio,Refrigerador vertical,Instalacion,Puerta / empaque danado,TEC-002,Si,43.1,5393.25,Si,Cerrado
F-202501310,2025-11-08 17:00,2025-11-10 11:12,Cliente 044,Norte,Refrigerador vertical,Correctivo,Termostato descalibrado,TEC-035,No,42.2,5021.75,No,Cerrado
F-202500563,2025-06-29 08:00,2025-07-01 03:30,Cliente 057,Norte,Camara fria,Instalacion,Acumulacion de hielo,TEC-009,No,43.5,4799.95,No,Cerrado
F-202500331,2025-07-19 16:00,2025-07-20 15:18,Cliente 025,Sureste,Refrigerador vertical,Preventivo,Mantenimiento programado,TEC-027,No,23.3,2087.16,No,Cerrado
F-202501330,2025-05-05 12:00,2025-05-06 06:00,Cliente 006,Sureste,Vitrina refrigerada,Preventivo,Mantenimiento programado,TEC-018,No,18.0,1923.5,No,Cerrado
F-202500345,2025-11-27 09:00,2025-11-28 07:42,Cliente 046,Norte,Vitrina refrigerada,Correctivo,Termostato descalibrado,TEC-032,No,22.7,4800.87,No,En proceso
F-202501068,2025-08-22 15:00,2025-08-26 03:42,Cliente 059,Norte,Congelador horizontal,Preventivo,Mantenimiento programado,TEC-011,Si,84.7,8452.23,No,Cerrado
F-202501261,2025-04-08 12:00,2025-04-09 07:30,Cliente 043,Occidente,Maquina de hielo,Preventivo,Mantenimiento programado,TEC-018,No,19.5,1551.27,No,Cerrado
F-202500429,2025-01-10 14:00,2025-01-12 06:24,Cliente 013,Sureste,Camara fria,Correctivo,Problema electrico,TEC-019,No,40.4,6663.8,No,Cerrado
F-202500632,2025-04-30 09:00,2025-05-02 22:36,Cliente 008,Bajio,Refrigerador vertical,Correctivo,Falla de compresor,TEC-023,Si,61.6,12111.95,No,Cerrado
F-202500322,2025-02-09 15:00,2025-02-11 16:06,Cliente 014,Centro,Refrigerador vertical,Correctivo,Falla de compresor,TEC-004,Si,49.1,14810.79,No,Cerrado
F-202500979,2025-05-09 18:00,2025-05-11 08:00,Cliente 015,Centro,Vitrina refrigerada,Correctivo,Problema electrico,TEC-002,No,38.0,6598.99,No,En proceso
F-202501308,2025-03-28 10:00,2025-03-28 20:42,Cliente 038,Centro,Vitrina refrigerada,Correctivo,Falla de compresor,TEC-014,No,10.7,12526.51,No,Cerrado
F-202500503,2025-12-18 15:00,2025-12-21 01:12,Cliente 022,Occidente,Congelador horizontal,Correctivo,Fuga de refrigerante,TEC-033,No,58.2,5927.36,No,Cerrado
F-202500891,2025-02-06 11:00,2025-02-07 05:18,Cliente 022,Sureste,Congelador horizontal,Correctivo,Fuga de refrigerante,TEC-018,No,18.3,3977.97,No,Cerrado
F-202500824,2025-08-26 12:00,2025-08-28 06:24,Cliente 052,centro,Vitrina refrigerada,Preventivo,Mantenimiento programado,TEC-027,Si,42.4,2482.91,Si,Cerrado
F-202501037,2025-11-26 14:00,2025-11-29 06:48,Cliente 008,Norte,Camara fria,Correctivo,Acumulacion de hielo,TEC-021,No,,6605.12,Si,Cerrado
F-202500588,2025-02-06 09:00,2025-02-06 15:48,Cliente 049,Norte,Maquina de hielo,Preventivo,Mantenimiento programado,TEC-033,No,6.8,2252.45,No,Cerrado
F-202501145,2025-05-01 16:00,2025-05-03 11:54,Cliente 020,Norte,Congelador horizontal,Correctivo,Problema electrico,TEC-022,No,43.9,3086.89,No,Cerrado
F-202500744,2025-04-09 14:00,2025-04-11 20:48,Cliente 020,Occidente,Congelador horizontal,Instalacion,Falla de compresor,TEC-002,Si,54.8,4891.58,Si,Cerrado
F-202500787,2025-01-12 10:00,2025-01-13 08:42,Cliente 053,Occidente,Refrigerador vertical,Preventivo,Mantenimiento programado,TEC-018,No,22.7,,No,Cerrado
F-202500084,2025-10-31 08:00,2025-11-01 01:12,Cliente 055,Centro,Refrigerador vertical,Correctivo,Acumulacion de hielo,TEC-031,No,,4810.94,No,Cerrado
F-202500895,2025-10-01 15:00,2025-10-03 01:00,Cliente 006,Centro,Vitrina refrigerada,Instalacion,Problema electrico,TEC-022,No,34.0,2010.72,Si,Cerrado
F-202500760,2025-09-24 11:00,2025-09-25 12:18,Cliente 028,Centro,Refrigerador vertical,Preventivo,Mantenimiento programado,TEC-026,Si,25.3,3342.47,No,Cerrado
F-202500448,2025-12-15 13:00,2025-12-16 20:12,Cliente 014,Norte,Vitrina refrigerada,Correctivo,Termostato descalibrado,TEC-007,Si,31.2,3840.29,Si,En proceso
F-202500678,2025-01-31 12:00,2025-02-01 21:06,Cliente 048,Centro,Vitrina refrigerada,Preventivo,Mantenimiento programado,TEC-025,Si,33.1,5996.81,No,Cerrado
F-202500748,2025-04-25 18:00,2025-04-26 05:12,Cliente 027,Sureste,Maquina de hielo,Preventivo,Mantenimiento programado,TEC-038,No,11.2,2506.83,No,Cerrado
F-202501009,2025-09-25 12:00,2025-09-26 14:42,Cliente 002,Centro,Maquina de hielo,Correctivo,Acumulacion de hielo,TEC-028,No,26.7,5631.66,Si,Cerrado
F-202500140,2025-06-09 14:00,2025-06-10 09:36,Cliente 043,Bajio,Congelador horizontal,Preventivo,Mantenimiento programado,TEC-032,No,19.6,2226.47,No,En proceso
F-202500676,2025-09-22 11:00,2025-09-24 11:30,Cliente 043,Norte,Refrigerador vertical,Correctivo,Termostato descalibrado,TEC-015,No,48.5,8476.53,No,Cerrado
F-202500839,2025-01-06 12:00,2025-01-07 03:24,Cliente 022,Bajio,Vitrina refrigerada,Preventivo,Mantenimiento programado,TEC-027,Si,15.4,,Si,Cerrado
F-202501368,2025-06-15 18:00,2025-06-19 17:48,Cliente 046,Norte,Refrigerador vertical,Correctivo,Puerta / empaque danado,TEC-004,Si,95.8,9009.07,No,Cerrado
F-202500432,2025-09-27 18:00,2025-09-29 10:54,Cliente 029,Sureste,Congelador horizontal,Correctivo,Problema electrico,TEC-031,No,40.9,8516.9,No,Cerrado
F-202500770,2025-05-18 18:00,2025-05-19 16:54,Cliente 014,Bajio,Refrigerador vertical,Preventivo,Mantenimiento programado,TEC-026,No,-22.9,946.67,No,Cerrado
F-202500597,2025-07-31 13:00,2025-08-01 21:30,Cliente 025,Centro,Congelador horizontal,Correctivo,Fuga de refrigerante,TEC-018,Si,2091.7,8255.86,No,Cerrado
F-202500983,2025-07-19 18:00,2025-07-21 15:00,Cliente 048,Centro,Maquina de hielo,Correctivo,Termostato descalibrado,TEC-002,No,45.0,1711.52,No,Cerrado
F-202500686,2025-10-20 14:00,2025-10-20 21:36,Cliente 013,Centro,Vitrina refrigerada,Preventivo,Mantenimiento programado,,No,1839.0,966.25,No,Cerrado
F-202501264,2025-10-28 12:00,2025-10-28 17:12,Cliente 044,Centro,Camara fria,Preventivo,Mantenimiento programado,TEC-019,No,5.2,2409.4,No,Cerrado
F-202501301,2025-10-05 17:00,2025-10-06 17:24,Cliente 060,Norte,Refrigerador vertical,Correctivo,Fuga de refrigerante,TEC-007,No,24.4,3230.23,No,Cerrado
F-202500823,2025-02-19 07:00,2025-02-20 17:30,Cliente 038,Bajio,Refrigerador vertical,Preventivo,Mantenimiento programado,TEC-037,Si,34.5,4313.09,No,Cerrado
F-202501108,2025-11-28 14:00,2025-11-29 14:12,Cliente 025,Sureste,Vitrina refrigerada,Correctivo,Problema electrico,TEC-011,No,24.2,6699.49,No,Cerrado
F-202500782,2025-08-21 09:00,2025-08-26 04:30,Cliente 028,Sureste,Vitrina refrigerada,Correctivo,Puerta / empaque danado,TEC-005,Si,115.5,10632.16,No,Cerrado
F-202501358,2025-02-19 14:00,2025-02-20 12:48,Cliente 048,Norte,Congelador horizontal,Correctivo,Fuga de refrigerante,TEC-029,No,22.8,12717.22,No,En proceso
F-202500670,2025-02-18 12:00,2025-02-18 19:00,Cliente 048,Bajio,Maquina de hielo,Preventivo,Mantenimiento programado,TEC-011,No,7.0,2205.57,No,Cerrado
F-202500129,2025-07-29 07:00,2025-07-29 23:24,Cliente 057,Centro,Refrigerador vertical,Preventivo,Mantenimiento programado,TEC-002,No,16.4,972.47,No,Cerrado
F-202501010,2025-07-09 07:00,2025-07-10 13:54,Cliente 054,Sureste,Vitrina refrigerada,Correctivo,Fuga de refrigerante,TEC-017,No,30.9,12224.45,No,Cerrado
F-202500312,2025-09-03 12:00,2025-09-05 17:12,Cliente 045,Bajio,Congelador horizontal,Correctivo,Termostato descalibrado,TEC-024,No,53.2,4325.8,Si,Cerrado
F-202501155,2025-04-22 18:00,2025-04-24 01:30,Cliente 054,Centro,Congelador horizontal,Preventivo,Mantenimiento programado,TEC-023,Si,31.5,5928.64,No,Cerrado
F-202500527,2025-12-04 11:00,2025-12-04 17:06,Cliente 032,Bajio,Refrigerador vertical,Preventivo,Mantenimiento programado,TEC-027,No,6.1,933.22,No,Cerrado
F-202500100,2025-02-21 17:00,2025-02-22 08:06,Cliente 042,Norte,Refrigerador vertical,Preventivo,Mantenimiento programado,TEC-007,Si,15.1,7549.26,Si,Cerrado
F-202500693,2025-12-06 16:00,2025-12-08 11:36,Cliente 001, Norte ,Vitrina refrigerada,Correctivo,Fuga de refrigerante,TEC-007,Si,43.6,13656.98,No,Cerrado
F-202500207,2025-10-06 08:00,2025-10-06 19:18,Cliente 005,Sureste,Camara fria,Preventivo,Mantenimiento programado,TEC-037,No,11.3,2595.17,No,Cerrado
F-202501364,2025-03-15 07:00,2025-03-16 07:42,Cliente 058,Centro,Refrigerador vertical,Correctivo,Acumulacion de hielo,TEC-011,No,24.7,1502.37,No,Cerrado
F-202501132,2025-09-02 16:00,2025-09-03 07:54,Cliente 022,Norte,Camara fria,Preventivo,Mantenimiento programado,TEC-025,No,15.9,1629.49,No,Cerrado
F-202500571,2025-12-13 16:00,2025-12-15 03:48,Cliente 045,Centro,Vitrina refrigerada,Preventivo,Mantenimiento programado,TEC-015,Si,35.8,5509.38,Si,Cerrado
F-202500204,2025-09-13 10:00,2025-09-14 09:30,Cliente 013,Occidente,Vitrina refrigerada,Correctivo,Termostato descalibrado,TEC-004,No,23.5,12058.09,No,Cerrado
F-202500055,2025-07-01 13:00,2025-07-02 05:42,Cliente 045,Bajio,Vitrina refrigerada,Preventivo,Mantenimiento programado,TEC-024,No,16.7,1455.53,No,Cerrado
F-202501225,2025-06-02 18:00,2025-06-04 15:00,Cliente 035,Norte,Vitrina refrigerada,Instalacion,Falla de compresor,TEC-014,No,45.0,6266.85,No,Cerrado
F-202500489,2025-10-07 07:00,2025-10-07 22:48,Cliente 041, Occidente ,Congelador horizontal,Preventivo,Mantenimiento programado,TEC-006,No,15.8,975.21,No,Cerrado
F-202500541,2025-09-16 08:00,2025-09-16 20:54,Cliente 018,Centro,Refrigerador vertical,Correctivo,Falla de compresor,TEC-024,No,12.9,9840.45,No,Cerrado
F-202500860,2025-10-20 18:00,2025-10-23 20:00,Cliente 035,Bajio,Congelador horizontal,Correctivo,Fuga de refrigerante,TEC-007,Si,74.0,5208.64,No,Cerrado
F-202500190,2025-04-21 07:00,2025-04-24 10:48,Cliente 037,Centro,Camara fria,Correctivo,Fuga de refrigerante,TEC-029,Si,,13872.33,No,Cerrado
F-202500109,2025-06-22 17:00,2025-06-25 06:12,Cliente 047,Centro,Maquina de hielo,Instalacion,Falla de compresor,TEC-014,Si,61.2,12004.44,No,Cerrado
F-202500538,2025-02-12 13:00,2025-02-14 03:42,Cliente 037,Norte,Vitrina refrigerada,Correctivo,Puerta / empaque danado,TEC-005,Si,38.7,14666.43,No,Cerrado
F-202500522,2025-02-23 13:00,2025-02-27 03:18,Cliente 028,Centro,Refrigerador vertical,Correctivo,Fuga de refrigerante,TEC-023,Si,86.3,13790.16,No,Cerrado
F-202500551,2025-10-21 17:00,2025-10-24 22:00,Cliente 014,Sureste,Congelador horizontal,Correctivo,Fuga de refrigerante,TEC-005,Si,77.0,19031.36,Si,Cerrado
F-202500023,2025-03-08 14:00,2025-03-10 18:48,Cliente 020,BAJIO,Congelador horizontal,Correctivo,Termostato descalibrado,TEC-018,No,52.8,9270.82,No,Cerrado
F-202500377,2025-09-26 10:00,2025-09-27 17:24,Cliente 028,Norte,Vitrina refrigerada,Preventivo,Mantenimiento programado,TEC-030,Si,31.4,2818.59,Si,Cerrado
F-202501273,2025-12-07 17:00,2025-12-10 14:18,Cliente 002,Bajio,Refrigerador vertical,Instalacion,Puerta / empaque danado,TEC-024,Si,69.3,10603.56,No,Cerrado
F-202500206,2025-04-08 17:00,2025-04-10 00:18,Cliente 001,Centro,Vitrina refrigerada,Correctivo,Acumulacion de hielo,TEC-003,No,31.3,9190.94,No,Cerrado
F-202500094,2025-05-22 10:00,2025-05-23 09:12,Cliente 058,OCCIDENTE,Camara fria,Correctivo,Falla de compresor,TEC-023,No,23.2,4729.54,No,Cerrado
F-202500225,2025-09-21 13:00,2025-09-24 06:06,Cliente 032,Bajio,Refrigerador vertical,Correctivo,Puerta / empaque danado,TEC-013,Si,65.1,10475.25,No,Cerrado
F-202501127,2025-11-08 12:00,2025-11-10 21:06,Cliente 006,Sureste,Refrigerador vertical,Correctivo,Fuga de refrigerante,TEC-008,Si,57.1,8518.32,No,Cerrado
F-202501016,2025-11-02 12:00,2025-11-04 08:06,Cliente 058,Centro,Refrigerador vertical,Correctivo,Falla de compresor,TEC-005,Si,44.1,16238.05,No,Cerrado
F-202500788,2025-09-08 10:00,2025-09-12 13:48,Cliente 050,Norte,Refrigerador vertical,Correctivo,Puerta / empaque danado,TEC-035,Si,99.8,7751.96,Si,Cerrado
F-202500978,2025-07-28 08:00,2025-07-30 13:24,Cliente 046,Norte,Congelador horizontal,Correctivo,Fuga de refrigerante,TEC-014,Si,53.4,14641.36,No,Cerrado
F-202500441,2025-12-22 12:00,2025-12-23 12:42,Cliente 004,Centro,Vitrina refrigerada,Correctivo,Fuga de refrigerante,TEC-020,Si,24.7,15623.97,No,Cerrado
F-202501311,2025-07-11 07:00,2025-07-14 23:42,Cliente 002,Sureste,Refrigerador vertical,Correctivo,Fuga de refrigerante,TEC-023,Si,88.7,13028.03,Si,Cerrado
F-202501021,2025-01-21 10:00,2025-01-24 04:54,Cliente 046,Centro,Vitrina refrigerada,Correctivo,Falla de compresor,TEC-024,Si,66.9,10896.55,No,Cerrado
F-202500093,2025-11-04 07:00,2025-11-07 06:30,Cliente 059,Norte,Camara fria,Correctivo,Fuga de refrigerante,TEC-030,Si,71.5,15294.18,No,Cerrado
F-202500896,2025-08-12 16:00,2025-08-14 16:06,Cliente 032,Centro,Refrigerador vertical,Correctivo,Falla de compresor,TEC-004,Si,48.1,14192.2,No,Cerrado
F-202500916,2025-06-17 07:00,2025-06-19 01:30,Cliente 054,Centro,Vitrina refrigerada,Instalacion,Termostato descalibrado,TEC-022,No,42.5,4428.63,No,Cerrado
F-202500271,2025-04-18 16:00,2025-04-19 04:24,Cliente 039,Centro,Congelador horizontal,Preventivo,Mantenimiento programado,TEC-019,No,12.4,2188.8,Si,Cerrado
F-202501189,2025-07-26 18:00,2025-07-28 09:12,Cliente 014, Bajio ,Maquina de hielo,Correctivo,Problema electrico,TEC-030,No,39.2,11316.98,No,Cerrado
F-202500076,2025-06-23 10:00,2025-06-25 14:30,Cliente 021,Bajio,Congelador horizontal,Correctivo,Puerta / empaque danado,TEC-028,Si,52.5,12548.19,No,Cerrado
F-202501079,2025-06-02 07:00,2025-06-04 14:06,Cliente 054,Bajio,Congelador horizontal,Correctivo,Fuga de refrigerante,TEC-007,Si,55.1,3278.69,Si,Cerrado
F-202501089,2025-08-26 13:00,2025-08-28 08:00,Cliente 016,Centro,Maquina de hielo,Correctivo,Acumulacion de hielo,TEC-011,No,43.0,6832.09,No,Cerrado
F-202500301,2025-05-13 10:00,2025-05-14 23:18,Cliente 007,Sureste,Maquina de hielo,Correctivo,Problema electrico,TEC-009,No,37.3,10301.83,No,Cerrado
F-202500561,2025-07-15 17:00,2025-07-19 14:06,Cliente 022,Norte,Refrigerador vertical,Correctivo,Falla de compresor,TEC-008,Si,93.1,19100.53,No,Cerrado
F-202500721,2025-02-20 16:00,2025-02-21 20:30,Cliente 026,Centro,Refrigerador vertical,Correctivo,Termostato descalibrado,TEC-033,No,28.5,7123.3,No,Cerrado
F-202500822,2025-08-31 08:00,2025-09-01 16:54,Cliente 010,Bajio,Refrigerador vertical,Preventivo,Mantenimiento programado,TEC-029,No,32.9,1422.59,No,Cerrado
F-202500247,2025-10-04 11:00,2025-10-05 10:30,Cliente 025,centro,Refrigerador vertical,Correctivo,Falla de compresor,TEC-026,No,23.5,9077.53,No,Cerrado
F-202500724,2025-02-13 14:00,2025-02-13 20:18,Cliente 054,Centro,Refrigerador vertical,Preventivo,Mantenimiento programado,TEC-006,No,6.3,1406.9,No,Cerrado
F-202500970,2025-01-14 09:00,2025-01-16 05:18,Cliente 040,Norte,Camara fria,Correctivo,Falla de compresor,TEC-004,Si,,10967.32,No,Cerrado
F-202500470,2025-12-07 16:00,2025-12-08 13:30,Cliente 027,Occidente,Congelador horizontal,Correctivo,Puerta / empaque danado,TEC-021,Si,21.5,15409.7,No,Cerrado
F-202501003,2025-07-23 15:00,2025-07-24 15:42,Cliente 020,Occidente,Refrigerador vertical,Correctivo,Fuga de refrigerante,TEC-029,No,24.7,1873.33,No,Cerrado
F-202501304,2025-11-23 17:00,2025-11-24 20:48,Cliente 059,Occidente,Refrigerador vertical,Preventivo,Mantenimiento programado,TEC-008,No,27.8,1890.52,No,Cerrado
F-202501081,2025-12-02 14:00,2025-12-03 02:30,Cliente 044,Bajio,Vitrina refrigerada,Instalacion,Puerta / empaque danado,TEC-027,No,12.5,2902.99,No,Cerrado
F-202500131,2025-07-26 08:00,2025-07-27 07:42,Cliente 055,Centro,Camara fria,Correctivo,Termostato descalibrado,TEC-038,No,23.7,11376.8,No,Cerrado
F-202501232,2025-09-25 15:00,2025-09-26 06:36,Cliente 054,BAJIO,Refrigerador vertical,Correctivo,Acumulacion de hielo,TEC-006,No,15.6,6061.03,No,Cerrado
F-202500025,2025-10-13 10:00,2025-10-14 09:48,Cliente 003,Bajio,Maquina de hielo,Correctivo,Fuga de refrigerante,TEC-030,Si,23.8,8316.05,No,Cerrado
F-202500584,2025-01-19 16:00,2025-01-22 10:00,Cliente 042,Centro,Refrigerador vertical,Correctivo,Acumulacion de hielo,TEC-023,Si,66.0,14580.46,No,Cerrado
F-202500392,2025-03-07 17:00,2025-03-08 22:00,Cliente 001,Centro,Congelador horizontal,Correctivo,Acumulacion de hielo,TEC-024,No,29.0,2154.42,No,Cerrado
F-202501224,2025-08-27 18:00,2025-08-29 22:24,Cliente 037,Sureste,Vitrina refrigerada,Correctivo,Fuga de refrigerante,TEC-029,Si,52.4,13558.75,No,Cerrado
F-202500621,2025-06-08 10:00,2025-06-09 00:36,Cliente 030,Norte,Vitrina refrigerada,Preventivo,Mantenimiento programado,TEC-028,No,14.6,1489.51,No,Cerrado
F-202501298,2025-09-05 12:00,2025-09-06 02:12,Cliente 043,Centro,Camara fria,Correctivo,Acumulacion de hielo,TEC-024,Si,14.2,9447.14,Si,Cerrado
F-202500720,2025-08-07 15:00,2025-08-08 10:00,Cliente 026,Centro,Vitrina refrigerada,Correctivo,Problema electrico,TEC-012,No,19.0,9398.0,Si,Cerrado
F-202500026,2025-08-24 16:00,2025-08-25 17:54,Cliente 058,Bajio,Vitrina refrigerada,Preventivo,Mantenimiento programado,TEC-011,Si,25.9,4729.06,No,Cerrado
F-202500156,2025-08-30 08:00,2025-08-31 16:00,Cliente 053,Occidente,Refrigerador vertical,Preventivo,Mantenimiento programado,TEC-022,No,32.0,1013.34,No,Cerrado
F-202501359,2025-02-07 11:00,2025-02-08 03:48,Cliente 001,Norte,Refrigerador vertical,Preventivo,Mantenimiento programado,TEC-017,No,16.8,1560.18,No,Cerrado
F-202500805,2025-09-27 12:00,2025-09-29 10:06,Cliente 029,Centro,Maquina de hielo,Correctivo,Problema electrico,TEC-023,No,46.1,2711.34,No,Cerrado
F-202500543,2025-03-13 17:00,2025-03-14 10:48,Cliente 002,Bajio,Congelador horizontal,Preventivo,Mantenimiento programado,TEC-022,No,17.8,1401.74,Si,Cerrado
F-202500843,2025-11-28 12:00,2025-11-29 02:06,Cliente 002,Bajio,Vitrina refrigerada,Correctivo,Acumulacion de hielo,TEC-020,No,14.1,3505.42,No,Cerrado
F-202501098,2025-10-03 17:00,2025-10-04 03:36,Cliente 013,Centro,Refrigerador vertical,Correctivo,Problema electrico,TEC-035,No,10.6,12128.81,No,Cerrado
F-202501064,2025-09-15 14:00,2025-09-16 15:24,Cliente 038,Norte,Refrigerador vertical,Preventivo,Mantenimiento programado,TEC-025,No,25.4,2343.41,No,Cerrado
F-202500616,2025-08-22 10:00,2025-08-23 23:12,Cliente 014,Norte,Congelador horizontal,Correctivo,Puerta / empaque danado,TEC-024,No,37.2,9026.92,No,Cerrado
F-202500446,2025-08-30 14:00,2025-09-02 10:24,Cliente 003,Norte,Refrigerador vertical,Instalacion,Falla de compresor,TEC-028,Si,68.4,11370.09,No,Cerrado
F-202500624,2025-06-02 14:00,2025-06-04 00:00,Cliente 016,Centro,Refrigerador vertical,Preventivo,Mantenimiento programado,TEC-004,No,34.0,1362.99,No,Cerrado
F-202501278,2025-10-10 17:00,2025-10-11 19:24,Cliente 005,Occidente,Camara fria,Correctivo,Termostato descalibrado,TEC-032,No,26.4,3458.56,No,Cerrado
F-202500870,2025-01-15 18:00,2025-01-18 07:00,Cliente 006,Occidente,Camara fria,Correctivo,Falla de compresor,TEC-038,Si,,15785.33,No,Cerrado
F-202500180,2025-07-02 14:00,2025-07-04 22:42,Cliente 013,Occidente,Vitrina refrigerada,Correctivo,Puerta / empaque danado,TEC-034,Si,56.7,16029.28,Si,Cerrado
F-202501280,2025-11-12 11:00,2025-11-13 04:42,Cliente 017,Bajio,Refrigerador vertical,Instalacion,Puerta / empaque danado,TEC-022,Si,17.7,14300.02,No,Cerrado
F-202501263,2025-06-12 08:00,2025-06-14 07:54,Cliente 025,Bajio,Congelador horizontal,Correctivo,Puerta / empaque danado,TEC-037,Si,47.9,3560.29,Si,Cerrado
F-202500011,2025-07-12 07:00,2025-07-13 09:30,Cliente 051,Occidente,Congelador horizontal,Preventivo,Mantenimiento programado,TEC-017,No,-26.5,1914.65,Si,Cerrado
F-202500355,2025-12-20 14:00,2025-12-22 10:00,Cliente 016,Bajio,Congelador horizontal,Correctivo,Termostato descalibrado,TEC-026,No,1665.6,2255.84,Si,Cerrado
F-202500068,2025-05-16 11:00,2025-05-17 04:30,Cliente 029,Centro,Refrigerador vertical,Preventivo,Mantenimiento programado,TEC-003,No,17.5,960.43,No,Cerrado
F-202500146,2025-11-08 14:00,2025-11-12 04:06,Cliente 059,Bajio,Refrigerador vertical,Instalacion,Problema electrico,TEC-014,Si,86.1,12941.96,No,Cerrado
F-202501199,2025-10-21 18:00,2025-10-22 15:12,Cliente 032,Sureste,Refrigerador vertical,Preventivo,Mantenimiento programado,TEC-037,Si,21.2,2614.6,No,Cerrado
F-202500416,2025-09-05 08:00,2025-09-07 10:00,Cliente 003,Norte,Vitrina refrigerada,Correctivo,Fuga de refrigerante,TEC-032,Si,50.0,12492.56,No,Cerrado
F-202501029,2025-07-26 16:00,2025-07-29 16:30,Cliente 044,Norte,Maquina de hielo,Correctivo,Termostato descalibrado,TEC-022,No,72.5,3365.34,Si,Cerrado
F-202500507,2025-07-13 10:00,2025-07-16 01:06,Cliente 056,Bajio,Congelador horizontal,Correctivo,Problema electrico,TEC-037,Si,63.1,14157.3,Si,Cerrado
F-202500301,2025-05-13 10:00,2025-05-14 23:18,Cliente 007,Sureste,Maquina de hielo,Correctivo,Problema electrico,TEC-009,No,37.3,10301.83,No,Cerrado
F-202500524,2025-10-29 12:00,2025-10-30 18:30,Cliente 022,Bajio,Vitrina refrigerada,Correctivo,Puerta / empaque danado,TEC-002,Si,30.5,5272.55,No,En proceso
F-202501386,2025-03-27 08:00,2025-03-29 08:36,Cliente 055,Norte,Vitrina refrigerada,Instalacion,Puerta / empaque danado,TEC-035,No,48.6,5471.29,No,Cerrado
F-202501071,2025-09-04 17:00,2025-09-07 10:00,Cliente 055,bajio,Refrigerador vertical,Instalacion,Problema electrico,TEC-032,Si,65.0,7586.75,No,Cerrado
F-202500438,2025-12-05 10:00,2025-12-05 23:06,Cliente 013,Bajio,Refrigerador vertical,Preventivo,Mantenimiento programado,TEC-014,No,13.1,1182.55,No,Cerrado
F-202501105,2025-04-22 07:00,2025-04-24 10:36,Cliente 035,Centro,Refrigerador vertical,Correctivo,Fuga de refrigerante,TEC-008,Si,51.6,13718.07,No,Cerrado
F-202501057,2025-06-14 17:00,2025-06-16 21:06,Cliente 044,Norte,Vitrina refrigerada,Correctivo,Problema electrico,TEC-037,No,52.1,3670.49,No,Cerrado
F-202501272,2025-02-09 17:00,2025-02-10 14:54,Cliente 043,Bajio,Camara fria,Correctivo,Problema electrico,TEC-003,No,21.9,5993.25,Si,Cerrado
F-202500139,2025-05-07 15:00,2025-05-09 20:06,Cliente 008,Occidente,Congelador horizontal,Correctivo,Falla de compresor,TEC-027,Si,53.1,13905.94,No,Cerrado
F-202501164,2025-07-13 11:00,2025-07-15 20:12,Cliente 040,Bajio,Refrigerador vertical,Preventivo,Mantenimiento programado,TEC-021,No,57.2,1071.07,No,Cerrado
F-202500196,2025-02-01 08:00,2025-02-04 15:18,Cliente 010,Norte,Refrigerador vertical,Correctivo,Fuga de refrigerante,TEC-035,Si,,18654.18,No,Cerrado
F-202501250,2025-12-23 10:00,2025-12-24 18:30,Cliente 021,Occidente,Vitrina refrigerada,Correctivo,Problema electrico,TEC-020,No,32.5,7759.99,No,Cerrado
F-202500450,2025-04-15 08:00,2025-04-16 00:24,Cliente 021,Occidente,Refrigerador vertical,Correctivo,Falla de compresor,TEC-014,No,16.4,1655.45,No,Cerrado
F-202501331,2025-06-14 18:00,2025-06-17 17:36,Cliente 056,Centro,Vitrina refrigerada,Correctivo,Puerta / empaque danado,,Si,71.6,15063.01,No,Cerrado
F-202501137,2025-09-22 10:00,2025-09-22 19:30,Cliente 029,Occidente,Refrigerador vertical,Preventivo,Mantenimiento programado,TEC-037,No,9.5,1957.27,No,Cerrado
F-202500666,2025-09-11 13:00,2025-09-12 06:48,Cliente 053,Sureste,Vitrina refrigerada,Correctivo,Falla de compresor,TEC-012,No,17.8,8131.52,No,Cerrado
F-202501333,2025-06-05 18:00,2025-06-09 06:06,Cliente 014,Norte,Refrigerador vertical,Correctivo,Problema electrico,TEC-008,Si,84.1,13145.49,No,Cerrado
F-202500175,2025-09-12 08:00,2025-09-14 21:48,Cliente 009,Centro,Refrigerador vertical,Correctivo,Puerta / empaque danado,TEC-025,Si,61.8,15080.79,No,Cerrado
F-202500223,2025-09-14 18:00,2025-09-15 23:36,Cliente 024,Occidente,Refrigerador vertical,Correctivo,Acumulacion de hielo,TEC-034,No,29.6,10504.73,No,Cerrado
F-202500255,2025-08-30 08:00,2025-09-02 21:42,Cliente 014,Sureste,Camara fria,Correctivo,Falla de compresor,TEC-038,Si,85.7,12039.51,No,Cerrado
F-202501334,2025-10-22 09:00,2025-10-22 17:12,Cliente 033,Centro,Refrigerador vertical,Correctivo,Problema electrico,TEC-003,No,8.2,5306.45,Si,Cerrado
F-202500386,2025-02-14 09:00,2025-02-14 13:54,Cliente 051,Occidente,Congelador horizontal,Preventivo,Mantenimiento programado,TEC-006,No,4.9,1236.61,No,Cerrado
F-202501346,2025-12-31 11:00,2026-01-02 11:30,Cliente 015, Occidente ,Congelador horizontal,Correctivo,Falla de compresor,TEC-023,Si,48.5,10372.98,Si,Cerrado
F-202500711,2025-09-05 10:00,2025-09-06 09:18,Cliente 056,Bajio,Maquina de hielo,Correctivo,Termostato descalibrado,TEC-009,No,23.3,2472.77,No,Cerrado
F-202501281,2025-09-28 08:00,2025-10-02 08:54,Cliente 016,Occidente,Refrigerador vertical,Correctivo,Fuga de refrigerante,TEC-037,Si,96.9,10257.06,No,Cerrado
F-202500035,2025-11-21 10:00,2025-11-22 15:12,Cliente 022,Centro,Camara fria,Correctivo,Termostato descalibrado,TEC-004,No,29.2,1878.92,No,Cerrado
F-202500266,2025-08-01 11:00,2025-08-02 10:54,Cliente 007,Occidente,Refrigerador vertical,Correctivo,Problema electrico,TEC-026,No,23.9,6680.23,No,Cerrado
F-202500558,2025-11-16 13:00,2025-11-17 20:12,Cliente 059,Centro,Refrigerador vertical,Instalacion,Acumulacion de hielo,TEC-028,No,31.2,12151.12,No,En proceso
F-202500090,2025-10-31 13:00,2025-11-02 15:48,Cliente 018,Bajio,Congelador horizontal,Correctivo,Fuga de refrigerante,TEC-024,Si,50.8,14511.63,Si,Cerrado
F-202500708,2025-07-28 08:00,2025-07-29 16:00,Cliente 032,Sureste,Vitrina refrigerada,Correctivo,Fuga de refrigerante,TEC-002,No,32.0,13387.89,No,Cerrado
F-202501182,2025-12-05 12:00,2025-12-06 03:00,Cliente 038,occidente,Refrigerador vertical,Preventivo,Mantenimiento programado,TEC-032,No,15.0,1783.44,No,Cerrado
F-202501365,2025-07-22 09:00,2025-07-23 01:54,Cliente 035, Centro ,Camara fria,Instalacion,Puerta / empaque danado,TEC-029,No,16.9,12537.0,No,Cerrado
F-202500001,2025-02-02 17:00,2025-02-04 22:24,Cliente 050,Bajio,Maquina de hielo,Correctivo,Acumulacion de hielo,TEC-038,No,53.4,1914.66,No,Cerrado
F-202500989,2025-03-31 18:00,2025-04-01 06:42,Cliente 009,Occidente,Refrigerador vertical,Preventivo,Mantenimiento programado,TEC-007,No,12.7,1251.23,No,Cerrado
F-202500614,2025-05-21 18:00,2025-05-22 06:00,Cliente 052,Bajio,Congelador horizontal,Instalacion,Falla de compresor,TEC-025,No,12.0,6265.11,No,Cerrado
F-202500006,2025-11-10 08:00,2025-11-10 13:00,Cliente 032,Centro,Congelador horizontal,Preventivo,Mantenimiento programado,TEC-035,No,5.0,2213.39,No,Cerrado
F-202500343,2025-08-15 12:00,2025-08-16 12:36,Cliente 004,Centro,Maquina de hielo,Instalacion,Problema electrico,TEC-006,No,24.6,9361.42,No,Cerrado
F-202500810,2025-12-30 08:00,2025-12-30 17:24,Cliente 028,Centro,Congelador horizontal,Correctivo,Puerta / empaque danado,TEC-003,No,9.4,9277.16,No,Cerrado
F-202500102,2025-03-14 10:00,2025-03-14 20:06,Cliente 047,Sureste,Maquina de hielo,Preventivo,Mantenimiento programado,TEC-034,No,10.1,1521.18,No,Cerrado
F-202501118,2025-08-03 13:00,2025-08-04 15:12,Cliente 013,Centro,Refrigerador vertical,Preventivo,Mantenimiento programado,TEC-001,No,26.2,2259.05,No,Cerrado
F-202500040,2025-08-19 18:00,2025-08-20 06:06,Cliente 037,sureste,Congelador horizontal,Preventivo,Mantenimiento programado,TEC-003,No,12.1,1370.78,No,Cerrado
F-202500529,2025-12-01 09:00,2025-12-02 05:36,Cliente 036,Centro,Refrigerador vertical,Correctivo,Termostato descalibrado,TEC-038,Si,20.6,7821.56,No,Cerrado
F-202500453,2025-07-02 12:00,2025-07-03 14:12,Cliente 012,Bajio,Refrigerador vertical,Correctivo,Fuga de refrigerante,TEC-018,Si,26.2,9549.37,No,Cerrado
F-202500661,2025-03-06 17:00,2025-03-09 11:18,Cliente 040,Sureste,Refrigerador vertical,Correctivo,Fuga de refrigerante,TEC-005,Si,66.3,16341.16,No,Cerrado
F-202500125,2025-11-09 14:00,2025-11-11 23:54,Cliente 056,Norte,Congelador horizontal,Correctivo,Acumulacion de hielo,TEC-012,Si,57.9,8835.05,No,Cerrado
F-202500178,2025-02-28 16:00,2025-03-03 04:30,Cliente 059,Occidente,Vitrina refrigerada,Correctivo,Falla de compresor,TEC-030,Si,60.5,10327.57,Si,Cerrado
F-202500137,2025-08-09 08:00,2025-08-12 08:30,Cliente 024,Occidente,Refrigerador vertical,Correctivo,Falla de compresor,TEC-014,Si,72.5,15213.93,No,Cerrado
F-202500337,2025-12-18 13:00,2025-12-18 19:18,Cliente 038,Occidente,Vitrina refrigerada,Preventivo,Mantenimiento programado,TEC-025,No,6.3,954.11,No,Cerrado
F-202500119,2025-03-31 12:00,2025-03-31 14:12,Cliente 051,Centro,Congelador horizontal,Preventivo,Mantenimiento programado,TEC-030,No,2.2,878.55,No,Cerrado
F-202501391,2025-04-22 18:00,2025-04-23 19:42,Cliente 010,Occidente,Congelador horizontal,Correctivo,Fuga de refrigerante,TEC-005,No,25.7,12374.72,Si,Cerrado
F-202501327,2025-09-05 08:00,2025-09-06 01:00,Cliente 027,Occidente,Refrigerador vertical,Correctivo,Puerta / empaque danado,TEC-018,No,17.0,6071.42,No,Cerrado
F-202500506,2025-06-15 09:00,2025-06-16 15:54,Cliente 051,bajio,Congelador horizontal,Correctivo,Puerta / empaque danado,TEC-001,Si,30.9,13848.2,No,Cerrado
F-202501195,2025-07-11 10:00,2025-07-14 18:54,Cliente 036,CENTRO,Congelador horizontal,Correctivo,Problema electrico,TEC-024,Si,80.9,16698.48,No,Cerrado
F-202500618,2025-04-08 15:00,2025-04-09 11:00,Cliente 007,Centro,Vitrina refrigerada,Correctivo,Acumulacion de hielo,TEC-012,No,20.0,12578.96,Si,Cerrado
F-202500886,2025-09-26 16:00,2025-09-30 10:00,Cliente 004,Centro,Congelador horizontal,Correctivo,Problema electrico,TEC-030,Si,90.0,16886.79,No,Cerrado
F-202500791,2025-02-04 11:00,2025-02-04 20:30,Cliente 002,Centro,Vitrina refrigerada,Correctivo,Falla de compresor,TEC-004,No,9.5,5953.59,No,Cerrado
F-202500193,2025-08-10 11:00,2025-08-12 21:12,Cliente 028,Sureste,Refrigerador vertical,Correctivo,Falla de compresor,TEC-007,No,58.2,6771.07,No,Cerrado
F-202501326,2025-03-10 14:00,2025-03-10 23:42,Cliente 035,Occidente,Congelador horizontal,Preventivo,Mantenimiento programado,TEC-003,No,,1001.96,No,Cerrado
F-202500934,2025-08-25 16:00,2025-08-28 11:18,Cliente 050,Centro,Camara fria,Correctivo,Falla de compresor,TEC-019,Si,67.3,4362.21,No,Cerrado
F-202500793,2025-09-21 10:00,2025-09-22 18:36,Cliente 044,Norte,Vitrina refrigerada,Preventivo,Mantenimiento programado,TEC-030,No,32.6,1880.13,Si,Cerrado
F-202501390,2025-11-28 17:00,2025-12-01 13:30,Cliente 048,Bajio,Refrigerador vertical,Correctivo,Puerta / empaque danado,TEC-006,Si,68.5,6484.3,No,Cerrado
F-202500136,2025-04-21 07:00,2025-04-23 04:54,Cliente 013,bajio,Refrigerador vertical,Correctivo,Problema electrico,TEC-034,No,,9648.77,No,Cerrado
F-202500245,2025-08-18 08:00,2025-08-21 10:00,Cliente 042,Centro,Vitrina refrigerada,Correctivo,Acumulacion de hielo,TEC-012,Si,74.0,5929.76,No,Cerrado
F-202500461,2025-09-22 15:00,2025-09-23 18:00,Cliente 018,Norte,Congelador horizontal,Preventivo,Mantenimiento programado,TEC-015,No,27.0,1643.2,No,En proceso
F-202500042,2025-10-04 13:00,2025-10-05 13:54,Cliente 014,Centro,Refrigerador vertical,Preventivo,Mantenimiento programado,TEC-017,No,24.9,2599.39,No,Cerrado
F-202500637,2025-03-27 14:00,2025-03-28 18:36,Cliente 057,Sureste,Refrigerador vertical,Correctivo,Termostato descalibrado,TEC-031,No,28.6,12546.31,No,Cerrado
F-202500359,2025-02-03 13:00,2025-02-04 20:42,Cliente 026,Sureste,Vitrina refrigerada,Correctivo,Acumulacion de hielo,TEC-034,No,31.7,10923.44,No,Cerrado
F-202500797,2025-12-20 10:00,2025-12-21 19:06,Cliente 030,Centro,Vitrina refrigerada,Correctivo,Falla de compresor,TEC-003,Si,33.1,3335.36,No,Cerrado
F-202500298,2025-06-10 08:00,2025-06-12 12:24,Cliente 042,Occidente,Refrigerador vertical,Correctivo,Acumulacion de hielo,TEC-037,No,52.4,5029.58,No,Cerrado
F-202501265,2025-03-29 09:00,2025-04-01 04:12,Cliente 058,Bajio,Congelador horizontal,Correctivo,Falla de compresor,TEC-037,No,,8005.43,No,Cerrado
F-202500518,2025-01-25 12:00,2025-01-27 21:06,Cliente 053,Norte,Congelador horizontal,Correctivo,Puerta / empaque danado,TEC-022,Si,57.1,15825.19,No,Cerrado
F-202500559,2025-10-17 14:00,2025-10-18 22:48,Cliente 001,Occidente,Camara fria,Correctivo,Puerta / empaque danado,TEC-038,No,32.8,3757.18,Si,Cerrado
F-202501040,2025-10-29 07:00,2025-10-30 09:06,Cliente 059,Occidente,Refrigerador vertical,Correctivo,Problema electrico,TEC-001,No,26.1,5291.36,No,Cerrado
F-202500619,2025-01-23 15:00,2025-01-25 07:06,Cliente 019,Norte,Congelador horizontal,Correctivo,Problema electrico,TEC-030,No,40.1,2851.42,No,Cerrado
F-202500466,2025-12-19 11:00,2025-12-20 01:12,Cliente 043,Occidente,Congelador horizontal,Correctivo,Acumulacion de hielo,TEC-013,No,14.2,11727.9,No,Cerrado
F-202500411,2025-03-05 09:00,2025-03-06 12:48,Cliente 012,Centro,Refrigerador vertical,Preventivo,Mantenimiento programado,TEC-013,Si,27.8,7051.5,Si,Cerrado
F-202501338,2025-04-19 09:00,2025-04-21 20:36,Cliente 036,Norte,Vitrina refrigerada,Correctivo,Fuga de refrigerante,TEC-002,Si,59.6,13337.66,No,Cerrado
F-202501235,2025-08-21 07:00,2025-08-21 22:42,Cliente 003,Norte,Congelador horizontal,Preventivo,Mantenimiento programado,TEC-014,No,,1651.55,Si,Cerrado
F-202500990,2025-10-15 17:00,2025-10-16 00:42,Cliente 038,Centro,Camara fria,Correctivo,Fuga de refrigerante,TEC-037,No,7.7,9425.5,No,Cerrado
F-202500960,2025-05-31 09:00,2025-06-02 12:54,Cliente 044,Centro,Congelador horizontal,Correctivo,Termostato descalibrado,TEC-033,No,51.9,10084.67,No,Cerrado
F-202500679,2025-07-10 10:00,2025-07-11 10:06,Cliente 004,Centro,Maquina de hielo,Correctivo,Termostato descalibrado,TEC-037,No,24.1,7002.94,No,Cerrado
F-202500080,2025-09-02 11:00,2025-09-03 03:54,Cliente 043,Bajio,Congelador horizontal,Preventivo,Mantenimiento programado,TEC-022,No,16.9,1960.88,No,Cerrado
F-202501243,2025-12-18 09:00,2025-12-18 21:48,Cliente 010,Norte,Congelador horizontal,Preventivo,Mantenimiento programado,TEC-035,No,12.8,923.5,No,Cerrado
F-202500687,2025-05-29 15:00,2025-05-31 23:36,Cliente 045,Bajio,Camara fria,Correctivo,Fuga de refrigerante,TEC-015,No,56.6,13314.15,No,Cerrado
F-202500492,2025-11-13 09:00,2025-11-15 09:24,Cliente 051,Occidente,Vitrina refrigerada,Correctivo,Acumulacion de hielo,TEC-034,Si,,17469.79,No,Cerrado
F-202500528,2025-02-22 08:00,2025-02-24 08:42,Cliente 057,Norte,Vitrina refrigerada,Correctivo,Acumulacion de hielo,TEC-028,No,48.7,6423.5,No,Cerrado
F-202500878,2025-09-29 07:00,2025-09-29 20:36,Cliente 048,Centro,Camara fria,Correctivo,Termostato descalibrado,TEC-009,No,13.6,13825.48,No,Cerrado
F-202501217,2025-07-05 18:00,2025-07-08 09:12,Cliente 049,Centro,Congelador horizontal,Correctivo,Termostato descalibrado,TEC-036,No,63.2,6744.74,No,Cerrado
F-202501375,2025-11-20 13:00,2025-11-24 10:18,Cliente 049,Occidente,Vitrina refrigerada,Correctivo,Puerta / empaque danado,TEC-009,Si,93.3,15240.62,No,Cerrado
F-202500928,2025-04-20 09:00,2025-04-22 05:06,Cliente 041,Centro,Congelador horizontal,Correctivo,Problema electrico,TEC-016,Si,44.1,13416.7,No,Cerrado
F-202500694,2025-12-12 09:00,2025-12-14 09:06,Cliente 005,Centro,Camara fria,Correctivo,Puerta / empaque danado,TEC-003,No,48.1,9435.15,No,Cerrado
F-202500820,2025-12-31 09:00,2026-01-05 03:42,Cliente 010,Centro,Maquina de hielo,Correctivo,Fuga de refrigerante,TEC-033,Si,114.7,8023.01,No,Cerrado
F-202500421,2025-12-05 10:00,2025-12-06 12:48,Cliente 046,Sureste,Refrigerador vertical,Correctivo,Acumulacion de hielo,TEC-031,No,,6380.65,No,Cerrado
F-202501053,2025-07-03 08:00,2025-07-04 17:36,Cliente 045,Norte,Refrigerador vertical,Correctivo,Falla de compresor,TEC-020,Si,33.6,8862.43,No,Cerrado
F-202501080,2025-11-02 08:00,2025-11-03 05:06,Cliente 054,Sureste,Refrigerador vertical,Preventivo,Mantenimiento programado,TEC-017,No,21.1,1567.44,No,En proceso
F-202501374,2025-06-03 15:00,2025-06-03 20:48,Cliente 036,Centro,Refrigerador vertical,Preventivo,Mantenimiento programado,TEC-020,No,5.8,827.45,No,Cerrado
F-202500591,2025-10-20 13:00,2025-10-20 22:18,Cliente 047,Centro,Congelador horizontal,Correctivo,Fuga de refrigerante,TEC-027,No,9.3,5955.54,No,Cerrado
F-202501399,2025-01-10 15:00,2025-01-12 21:24,Cliente 032,Norte,Congelador horizontal,Correctivo,Termostato descalibrado,TEC-017,No,54.4,11050.47,No,Cerrado
F-202500458,2025-08-20 14:00,2025-08-21 15:12,Cliente 031,Centro,Refrigerador vertical,Correctivo,Termostato descalibrado,TEC-020,Si,25.2,14570.78,No,Cerrado
F-202500112,2025-10-12 09:00,2025-10-13 05:42,Cliente 030,Centro,Congelador horizontal,Preventivo,Mantenimiento programado,TEC-008,No,20.7,1381.81,No,Cerrado
F-202500792,2025-06-15 11:00,2025-06-16 17:00,Cliente 017,Norte,Refrigerador vertical,Preventivo,Mantenimiento programado,TEC-015,Si,30.0,3450.96,No,Cerrado
F-202500948,2025-02-18 16:00,2025-02-20 19:54,Cliente 059,Occidente,Vitrina refrigerada,Correctivo,Falla de compresor,TEC-007,Si,51.9,8733.62,No,Cerrado
F-202501060,2025-04-24 07:00,2025-04-26 09:06,Cliente 045,Norte,Congelador horizontal,Correctivo,Falla de compresor,TEC-005,Si,50.1,11974.76,No,Cerrado
F-202500800,2025-06-11 09:00,2025-06-12 09:42,Cliente 034,Norte,Refrigerador vertical,Correctivo,Falla de compresor,TEC-032,No,24.7,3073.81,No,Cerrado
F-202501238,2025-02-15 15:00,2025-02-20 22:48,Cliente 017,Centro,Vitrina refrigerada,Correctivo,Falla de compresor,TEC-008,Si,127.8,10131.25,No,Cerrado
F-202500881,2025-02-01 16:00,2025-02-04 05:18,Cliente 018,Bajio,Vitrina refrigerada,Correctivo,Puerta / empaque danado,TEC-016,Si,61.3,11558.42,Si,Cerrado
F-202500103,2025-10-21 09:00,2025-10-25 04:18,Cliente 038,Bajio,Congelador horizontal,Instalacion,Problema electrico,TEC-005,Si,91.3,10569.06,No,Cerrado
F-202500455,2025-08-06 08:00,2025-08-07 05:54,Cliente 017,OCCIDENTE,Congelador horizontal,Correctivo,Puerta / empaque danado,TEC-028,No,21.9,6963.52,No,Cerrado
F-202501168,2025-05-26 14:00,2025-05-27 22:18,Cliente 049,Centro,Congelador horizontal,Preventivo,Mantenimiento programado,TEC-026,Si,32.3,3270.97,No,Cerrado
F-202500664,2025-03-15 15:00,2025-03-16 07:30,Cliente 004,Centro,Refrigerador vertical,Preventivo,Mantenimiento programado,TEC-010,No,16.5,1046.53,No,Cerrado
F-202501398,2025-08-27 13:00,2025-08-29 07:24,Cliente 052,Bajio,Vitrina refrigerada,Correctivo,Fuga de refrigerante,TEC-011,Si,42.4,14680.2,No,Cerrado
F-202501086,2025-11-03 11:00,2025-11-04 06:54,Cliente 044,Bajio,Congelador horizontal,Correctivo,Fuga de refrigerante,TEC-004,Si,19.9,8093.49,No,Cerrado
F-202501007,2025-11-07 11:00,2025-11-08 02:18,Cliente 051,Norte,Camara fria,Correctivo,Termostato descalibrado,TEC-011,No,15.3,9210.35,No,Cerrado
F-202500992,2025-07-20 09:00,2025-07-21 01:48,Cliente 034,Occidente,Refrigerador vertical,Preventivo,Mantenimiento programado,TEC-015,No,16.8,1528.5,No,Cerrado
F-202501397,2025-08-15 17:00,2025-08-16 16:00,Cliente 054,Norte,Congelador horizontal,Preventivo,Mantenimiento programado,TEC-030,No,23.0,2503.39,Si,Cerrado
F-202500844,2025-01-14 08:00,2025-01-16 12:42,Cliente 023,Centro,Congelador horizontal,Correctivo,Acumulacion de hielo,,No,52.7,9032.67,No,Cerrado
F-202501305,2025-08-11 07:00,2025-08-12 10:48,Cliente 023,Norte,Vitrina refrigerada,Preventivo,Mantenimiento programado,TEC-018,No,27.8,2588.5,No,Cerrado
F-202500069,2025-01-28 16:00,2025-01-30 05:30,Cliente 051,Norte,Maquina de hielo,Preventivo,Mantenimiento programado,TEC-033,Si,37.5,7516.08,No,Cerrado
F-202500832,2025-03-29 07:00,2025-03-30 03:36,Cliente 051,Norte,Maquina de hielo,Preventivo,Mantenimiento programado,TEC-003,No,20.6,2241.46,No,Cerrado
F-202500547,2025-06-06 08:00,2025-06-06 23:48,Cliente 017,Centro,Vitrina refrigerada,Correctivo,Fuga de refrigerante,TEC-018,No,15.8,6269.2,Si,Cerrado
F-202500718,2025-06-29 13:00,2025-06-30 05:48,Cliente 048,Centro,Congelador horizontal,Preventivo,Mantenimiento programado,TEC-026,No,16.8,1817.43,No,En proceso
F-202501339,2025-10-10 12:00,2025-10-11 08:36,Cliente 049,Norte,Vitrina refrigerada,Correctivo,Acumulacion de hielo,TEC-007,No,20.6,7206.77,No,Cerrado
F-202500727,2025-09-21 10:00,2025-09-22 13:48,Cliente 050,Centro,Congelador horizontal,Correctivo,Acumulacion de hielo,TEC-007,No,27.8,3235.37,Si,cerrado
F-202500817,2025-01-16 12:00,2025-01-17 14:12,Cliente 036,Centro,Refrigerador vertical,Correctivo,Puerta / empaque danado,TEC-015,Si,26.2,10557.55,No,Cerrado
F-202500650,2025-11-06 14:00,2025-11-07 01:36,Cliente 001,Centro,Vitrina refrigerada,Preventivo,Mantenimiento programado,TEC-022,No,11.6,2194.82,Si,Cerrado
F-202500981,2025-08-04 09:00,2025-08-05 00:36,Cliente 021,Occidente,Congelador horizontal,Preventivo,Mantenimiento programado,TEC-026,No,15.6,1983.35,Si,Cerrado
F-202500871,2025-06-16 10:00,2025-06-17 02:00,Cliente 037,Norte,Refrigerador vertical,Correctivo,Problema electrico,TEC-014,No,16.0,10513.74,No,Cerrado
F-202500253,2025-03-10 07:00,2025-03-10 11:06,Cliente 018,Centro,Camara fria,Preventivo,Mantenimiento programado,TEC-030,No,4.1,2149.75,No,Cerrado
F-202500897,2025-07-05 09:00,2025-07-06 19:06,Cliente 047,Norte,Refrigerador vertical,Preventivo,Mantenimiento programado,TEC-013,No,34.1,1441.16,No,Cerrado
F-202500996,2025-08-17 14:00,2025-08-19 04:12,Cliente 012,Sureste,Camara fria,Instalacion,Problema electrico,TEC-021,No,38.2,10836.6,No,Cerrado
F-202500135,2025-10-18 16:00,2025-10-19 05:54,Cliente 015,Centro,Camara fria,Preventivo,Mantenimiento programado,TEC-023,No,13.9,1233.25,No,Cerrado
F-202500846,2025-01-02 16:00,2025-01-03 08:42,Cliente 026,Centro,Vitrina refrigerada,Instalacion,Puerta / empaque danado,TEC-006,No,16.7,,No,Cerrado
F-202501076,2025-03-01 12:00,2025-03-02 06:42,Cliente 039,Centro,Refrigerador vertical,Preventivo,Mantenimiento programado,TEC-008,No,18.7,1288.69,No,Cerrado
F-202500951,2025-02-04 13:00,2025-02-04 18:48,Cliente 032,Centro,Congelador horizontal,Preventivo,Mantenimiento programado,TEC-005,No,5.8,1235.51,No,Cerrado
F-202501039,2025-06-09 17:00,2025-06-13 05:48,Cliente 002,Bajio,Vitrina refrigerada,Correctivo,Termostato descalibrado,TEC-018,Si,84.8,9356.4,No,Cerrado
F-202500659,2025-01-27 11:00,2025-01-28 11:24,Cliente 023,Centro,Congelador horizontal,Correctivo,Acumulacion de hielo,TEC-010,No,24.4,2131.4,No,Cerrado
F-202500128,2025-10-07 08:00,2025-10-07 14:54,Cliente 008,Bajio,Camara fria,Preventivo,Mantenimiento programado,TEC-005,No,6.9,1703.79,Si,Cerrado
F-202501167,2025-01-09 16:00,2025-01-11 15:48,Cliente 006,Centro,Refrigerador vertical,Correctivo,Puerta / empaque danado,TEC-024,Si,47.8,14215.05,Si,Cerrado
F-202501297,2025-04-06 08:00,2025-04-08 00:00,Cliente 059,Occidente,Camara fria,Instalacion,Termostato descalibrado,TEC-014,No,40.0,4624.87,No,Cerrado
F-202501066,2025-05-22 09:00,2025-05-26 07:24,Cliente 016,Norte,Refrigerador vertical,Correctivo,Problema electrico,TEC-028,Si,94.4,12242.59,Si,Cerrado
F-202500238,2025-06-07 14:00,2025-06-10 18:48,Cliente 053,Sureste,Congelador horizontal,Correctivo,Fuga de refrigerante,TEC-004,Si,76.8,17075.64,No,Cerrado
F-202501290,2025-08-15 18:00,2025-08-16 01:36,Cliente 023, Bajio ,Congelador horizontal,Preventivo,Mantenimiento programado,TEC-007,No,7.6,1126.9,No,Cerrado
F-202501042,2025-11-09 07:00,2025-11-13 07:18,Cliente 040,Centro,Camara fria,Correctivo,Acumulacion de hielo,TEC-003,No,96.3,11865.83,No,Cerrado
F-202500460,2025-02-08 15:00,2025-02-10 21:30,Cliente 006,Centro,Congelador horizontal,Correctivo,Fuga de refrigerante,TEC-031,Si,54.5,9126.69,No,Cerrado
F-202501078,2025-03-02 09:00,2025-03-03 03:18,Cliente 060,centro,Maquina de hielo,Preventivo,Mantenimiento programado,TEC-007,No,18.3,2100.69,No,Cerrado
F-202500056,2025-01-16 07:00,2025-01-21 01:06,Cliente 035,Centro,Maquina de hielo,Correctivo,Puerta / empaque danado,TEC-030,Si,114.1,14892.24,No,Cerrado
F-202500075,2025-09-08 18:00,2025-09-11 19:24,Cliente 034,Bajio,Congelador horizontal,Correctivo,Falla de compresor,TEC-005,Si,73.4,15067.01,No,Cerrado
F-202501111,2025-08-19 09:00,2025-08-21 13:00,Cliente 002,Bajio,Refrigerador vertical,Correctivo,Acumulacion de hielo,TEC-008,No,52.0,3671.44,No,Cerrado
F-202500106,2025-10-15 09:00,2025-10-17 01:18,Cliente 046,Bajio,Camara fria,Correctivo,Termostato descalibrado,TEC-023,No,40.3,13772.62,No,Cerrado
F-202500164,2025-05-29 18:00,2025-06-03 02:30,Cliente 053,Sureste,Camara fria,Instalacion,Problema electrico,TEC-015,Si,104.5,8218.07,No,Cerrado
F-202501050,2025-02-13 09:00,2025-02-14 19:30,Cliente 035,Norte,Refrigerador vertical,Preventivo,Mantenimiento programado,TEC-003,No,34.5,1534.36,No,Cerrado
F-202500867,2025-10-27 15:00,2025-10-28 13:36,Cliente 013,Occidente,Congelador horizontal,Preventivo,Mantenimiento programado,TEC-011,No,22.6,2190.88,No,Cerrado
F-202500936,2025-12-10 13:00,2025-12-12 11:30,Cliente 029,NORTE,Maquina de hielo,Correctivo,Problema electrico,TEC-009,No,46.5,2214.88,No,Cerrado
F-202501012,2025-10-19 07:00,2025-10-21 21:42,Cliente 047,Sureste,Congelador horizontal,Correctivo,Acumulacion de hielo,TEC-037,No,62.7,5070.63,No,Cerrado
F-202500640,2025-12-13 12:00,2025-12-14 16:36,Cliente 017,Occidente,Camara fria,Correctivo,Termostato descalibrado,,No,28.6,9756.98,No,Cerrado
F-202501211,2025-08-16 18:00,2025-08-18 13:12,Cliente 039,Occidente,Refrigerador vertical,Correctivo,Fuga de refrigerante,TEC-033,No,43.2,13300.8,No,Cerrado
F-202501120,2025-06-30 18:00,2025-07-03 20:42,Cliente 007,Centro,Refrigerador vertical,Correctivo,Falla de compresor,TEC-036,Si,74.7,7130.7,No,Cerrado
F-202500519,2025-06-23 12:00,2025-06-25 05:18,Cliente 040,Norte,Congelador horizontal,Correctivo,Acumulacion de hielo,TEC-036,No,41.3,9785.71,No,Cerrado
F-202501193,2025-03-04 13:00,2025-03-05 15:30,Cliente 050,Norte,Congelador horizontal,Instalacion,Falla de compresor,TEC-018,Si,26.5,16566.14,No,Cerrado
F-202500592,2025-11-26 12:00,2025-11-28 02:06,Cliente 021,Norte,Camara fria,Correctivo,Fuga de refrigerante,TEC-030,No,38.1,9776.62,No,Cerrado
F-202500915,2025-08-05 09:00,2025-08-06 04:36,Cliente 018,Bajio,Vitrina refrigerada,Correctivo,Falla de compresor,,No,19.6,11006.98,No,Cerrado
F-202500771,2025-08-26 07:00,2025-08-26 16:06,Cliente 020,bajio,Vitrina refrigerada,Preventivo,Mantenimiento programado,TEC-026,No,9.1,1152.53,Si,Cerrado
F-202500413,2025-04-12 15:00,2025-04-13 03:30,Cliente 054,Occidente,Vitrina refrigerada,Preventivo,Mantenimiento programado,TEC-034,No,12.5,2166.5,No,Cerrado
F-202501352,2025-05-24 07:00,2025-05-26 01:24,Cliente 002,Norte,Refrigerador vertical,Correctivo,Acumulacion de hielo,TEC-028,No,42.4,7057.72,No,Cerrado
F-202500556,2025-07-04 11:00,2025-07-05 10:54,Cliente 046,Sureste,Refrigerador vertical,Correctivo,Fuga de refrigerante,TEC-007,No,23.9,10889.75,No,Cerrado
F-202500544,2025-03-05 07:00,2025-03-06 21:12,Cliente 032,Centro,Congelador horizontal,Correctivo,Falla de compresor,TEC-011,Si,38.2,12021.98,No,Cerrado
F-202501172,2025-08-19 18:00,2025-08-20 17:36,Cliente 058,Norte,Congelador horizontal,Instalacion,Problema electrico,TEC-028,No,23.6,12653.54,No,Cerrado
F-202500537,2025-06-16 11:00,2025-06-16 22:30,Cliente 038,bajio,Refrigerador vertical,Preventivo,Mantenimiento programado,TEC-005,No,11.5,2437.13,Si,Cerrado
F-202501191,2025-06-01 07:00,2025-06-05 07:54,Cliente 007,occidente,Maquina de hielo,Correctivo,Falla de compresor,TEC-005,Si,96.9,13594.8,No,cerrado
F-202501231,2025-10-27 18:00,2025-10-29 06:30,Cliente 049,Centro,Refrigerador vertical,Correctivo,Problema electrico,TEC-011,Si,36.5,6895.4,No,Cerrado
F-202501126,2025-11-04 10:00,2025-11-08 14:42,Cliente 006,Centro,Camara fria,Correctivo,Puerta / empaque danado,,Si,100.7,18583.63,No,Cerrado
F-202500625,2025-08-09 07:00,2025-08-10 18:12,Cliente 026,Bajio,Congelador horizontal,Correctivo,Problema electrico,TEC-022,No,35.2,4202.32,No,Cerrado
F-202500407,2025-06-08 07:00,2025-06-09 13:42,Cliente 032,Centro,Congelador horizontal,Preventivo,Mantenimiento programado,TEC-028,No,30.7,1851.33,No,Cerrado
F-202501342,2025-02-19 08:00,2025-02-21 11:24,Cliente 047, Occidente ,Refrigerador vertical,Correctivo,Falla de compresor,TEC-018,Si,51.4,5560.97,Si,Cerrado
F-202500645,2025-10-09 10:00,2025-10-10 12:54,Cliente 015,Sureste,Vitrina refrigerada,Correctivo,Problema electrico,TEC-006,No,26.9,10611.1,No,Cerrado
F-202501156,2025-08-03 08:00,2025-08-06 13:48,Cliente 020,Norte,Camara fria,Instalacion,Falla de compresor,TEC-014,Si,77.8,15466.67,No,Cerrado
F-202500447,2025-04-25 11:00,2025-04-26 08:06,Cliente 055,Centro,Refrigerador vertical,Preventivo,Mantenimiento programado,TEC-005,No,21.1,922.81,No,Cerrado
F-202500665,2025-08-07 14:00,2025-08-08 05:18,Cliente 038,Bajio,Vitrina refrigerada,Preventivo,Mantenimiento programado,TEC-033,No,15.3,1261.47,No,Cerrado
F-202500963,2025-11-03 18:00,2025-11-06 02:54,Cliente 005,Bajio,Congelador horizontal,Correctivo,Falla de compresor,TEC-007,Si,56.9,14207.25,No,Cerrado
F-202500772,2025-12-27 15:00,2025-12-28 14:12,Cliente 022,Centro,Congelador horizontal,Correctivo,Termostato descalibrado,TEC-014,No,23.2,6759.23,No,Cerrado
F-202500480,2025-02-09 08:00,2025-02-11 00:12,Cliente 045,Norte,Congelador horizontal,Preventivo,Mantenimiento programado,TEC-008,Si,40.2,3096.1,No,Cerrado
F-202501044,2025-05-16 09:00,2025-05-17 20:12,Cliente 057,Norte,Camara fria,Correctivo,Falla de compresor,TEC-014,Si,35.2,17107.88,No,Cerrado
F-202501073,2025-10-04 11:00,2025-10-05 13:18,Cliente 016,Norte,Congelador horizontal,Preventivo,Mantenimiento programado,TEC-011,No,26.3,843.97,No,Cerrado
F-202501255,2025-08-26 17:00,2025-09-01 15:12,Cliente 031,Bajio,Vitrina refrigerada,Instalacion,Fuga de refrigerante,TEC-006,Si,142.2,8821.93,No,Cerrado
F-202500262,2025-03-04 14:00,2025-03-06 06:18,Cliente 025,Norte,Refrigerador vertical,Correctivo,Termostato descalibrado,TEC-011,No,40.3,5020.92,No,Cerrado
F-202500295,2025-07-18 08:00,2025-07-19 10:30,Cliente 031,norte,Refrigerador vertical,Correctivo,Fuga de refrigerante,TEC-036,No,26.5,3158.46,No,Cerrado
F-202500722,2025-12-06 18:00,2025-12-09 12:30,Cliente 020,Centro,Vitrina refrigerada,Correctivo,Fuga de refrigerante,TEC-001,Si,66.5,9725.85,Si,Cerrado
F-202501348,2025-09-13 16:00,2025-09-14 13:54,Cliente 058,Centro,Camara fria,Preventivo,Mantenimiento programado,TEC-001,No,21.9,2396.61,No,Cerrado
F-202501134,2025-10-06 09:00,2025-10-07 03:00,Cliente 032,Centro,Congelador horizontal,Correctivo,Termostato descalibrado,TEC-023,No,18.0,8774.03,No,Cerrado
F-202500945,2025-02-17 14:00,2025-02-18 13:30,Cliente 054,Norte,Congelador horizontal,Correctivo,Termostato descalibrado,TEC-017,No,23.5,6034.73,No,Cerrado
F-202500877,2025-07-17 09:00,2025-07-18 02:30,Cliente 014,Norte,Refrigerador vertical,Correctivo,Fuga de refrigerante,TEC-029,No,17.5,6238.6,No,Cerrado
F-202501279,2025-01-03 13:00,2025-01-05 01:42,Cliente 053,Occidente,Congelador horizontal,Correctivo,Falla de compresor,TEC-019,No,36.7,2074.3,No,Cerrado
F-202500160,2025-10-14 17:00,2025-10-15 17:42,Cliente 028,Occidente,Vitrina refrigerada,Preventivo,Mantenimiento programado,TEC-015,No,24.7,2505.67,No,Cerrado
F-202500955,2025-10-14 10:00,2025-10-18 21:12,Cliente 004,Bajio,Refrigerador vertical,Correctivo,Problema electrico,TEC-025,Si,107.2,7971.13,No,Cerrado
F-202500651,2025-06-28 09:00,2025-06-30 22:00,Cliente 013,Sureste,Camara fria,Correctivo,Puerta / empaque danado,TEC-019,No,61.0,5901.76,No,Cerrado
F-202500610,2025-11-10 14:00,2025-11-12 18:48,Cliente 044,Norte,Congelador horizontal,Correctivo,Fuga de refrigerante,TEC-018,Si,52.8,7622.22,No,En proceso
F-202501183,2025-09-10 10:00,2025-09-11 17:06,Cliente 029,Centro,Camara fria,Preventivo,Mantenimiento programado,TEC-009,Si,31.1,7686.93,Si,Cerrado
F-202500334,2025-10-30 17:00,2025-10-31 15:42,Cliente 015,Centro,Congelador horizontal,Correctivo,Acumulacion de hielo,TEC-014,No,22.7,11622.37,No,Cerrado
F-202501395,2025-03-20 07:00,2025-03-22 12:48,Cliente 032,Occidente,Refrigerador vertical,Correctivo,Falla de compresor,TEC-036,Si,53.8,7880.86,Si,Cerrado
F-202500280,2025-01-31 13:00,2025-02-01 16:06,Cliente 035,Norte,Refrigerador vertical,Instalacion,Problema electrico,TEC-015,No,27.1,7488.61,No,Cerrado
F-202500961,2025-02-26 14:00,2025-02-28 06:48,Cliente 017,Occidente,Maquina de hielo,Instalacion,Problema electrico,TEC-003,No,40.8,8023.52,No,Cerrado
F-202500699,2025-01-19 16:00,2025-01-20 19:06,Cliente 011,Centro,Refrigerador vertical,Preventivo,Mantenimiento programado,TEC-030,No,27.1,2453.83,No,Cerrado
F-202501392,2025-07-13 08:00,2025-07-14 08:12,Cliente 051,Centro,Vitrina refrigerada,Preventivo,Mantenimiento programado,TEC-031,No,24.2,1355.65,No,Cerrado
F-202500630,2025-05-14 11:00,2025-05-14 23:06,Cliente 060,Norte,Vitrina refrigerada,Preventivo,Mantenimiento programado,TEC-011,No,12.1,1709.92,No,Cerrado
F-202500534,2025-04-14 18:00,2025-04-17 01:48,Cliente 035,Occidente,Congelador horizontal,Correctivo,Fuga de refrigerante,TEC-032,Si,55.8,7841.15,No,Cerrado
F-202501212,2025-10-13 18:00,2025-10-14 06:12,Cliente 050,Occidente,Congelador horizontal,Preventivo,Mantenimiento programado,TEC-026,No,12.2,1086.08,No,Cerrado
F-202500737,2025-09-24 13:00,2025-09-25 14:54,Cliente 005,Centro,Congelador horizontal,Correctivo,Falla de compresor,TEC-014,Si,25.9,13201.49,No,Cerrado
F-202500015,2025-09-19 14:00,2025-09-24 12:24,Cliente 027,Centro,Congelador horizontal,Correctivo,Fuga de refrigerante,TEC-019,Si,118.4,6566.39,No,Cerrado
F-202500683,2025-12-17 10:00,2025-12-21 05:48,Cliente 043,Norte,Vitrina refrigerada,Correctivo,Falla de compresor,TEC-024,Si,91.8,5528.37,No,Cerrado
F-202500905,2025-06-17 17:00,2025-06-18 09:48,Cliente 002,Bajio,Congelador horizontal,Preventivo,Mantenimiento programado,TEC-003,No,16.8,958.06,No,Cerrado
F-202500393,2025-05-15 11:00,2025-05-16 06:30,Cliente 040,Centro,Refrigerador vertical,Preventivo,Mantenimiento programado,TEC-026,Si,19.5,4834.04,No,Cerrado
F-202500423,2025-10-07 10:00,2025-10-08 01:12,Cliente 001,Norte,Vitrina refrigerada,Preventivo,Mantenimiento programado,TEC-030,No,15.2,1242.6,No,Cerrado
F-202501220,2025-06-10 18:00,2025-06-12 03:42,Cliente 023,Sureste,Vitrina refrigerada,Correctivo,Problema electrico,TEC-033,No,33.7,1752.64,No,Cerrado
F-202500463,2025-10-01 17:00,2025-10-04 08:42,Cliente 026,Sureste,Congelador horizontal,Correctivo,Fuga de refrigerante,TEC-034,Si,63.7,6795.01,No,Cerrado
F-202501241,2025-07-05 09:00,2025-07-07 22:12,Cliente 037,Norte,Refrigerador vertical,Correctivo,Problema electrico,TEC-016,No,61.2,11200.55,No,Cerrado
F-202501174,2025-03-06 11:00,2025-03-09 00:48,Cliente 026,Occidente,Congelador horizontal,Correctivo,Falla de compresor,TEC-028,Si,61.8,17729.59,No,Cerrado
F-202500802,2025-04-21 07:00,2025-04-22 09:42,Cliente 015,Sureste,Congelador horizontal,Preventivo,Mantenimiento programado,TEC-018,No,26.7,1303.97,No,Cerrado
F-202501259,2025-07-17 15:00,2025-07-18 09:36,Cliente 003,Centro,Refrigerador vertical,Correctivo,Problema electrico,TEC-018,No,18.6,13009.44,No,Cerrado
F-202501266,2025-01-14 13:00,2025-01-14 21:12,Cliente 035,Occidente,Vitrina refrigerada,Preventivo,Mantenimiento programado,TEC-032,No,8.2,2474.25,No,Cerrado
F-202501139,2025-09-29 13:00,2025-09-29 21:06,Cliente 041,Centro,Refrigerador vertical,Preventivo,Mantenimiento programado,TEC-001,No,8.1,1619.02,No,Cerrado
F-202500620,2025-02-21 12:00,2025-02-23 21:24,Cliente 001,Bajio,Vitrina refrigerada,Correctivo,Fuga de refrigerante,TEC-006,Si,57.4,13306.45,No,Cerrado
F-202501335,2025-07-14 12:00,2025-07-15 07:06,Cliente 052,Centro,Refrigerador vertical,Preventivo,Mantenimiento programado,TEC-006,No,19.1,2237.17,No,Cerrado
F-202501048,2025-08-08 14:00,2025-08-09 12:24,Cliente 003,Bajio,Vitrina refrigerada,Correctivo,Termostato descalibrado,TEC-013,Si,22.4,15656.51,No,Cerrado
F-202500237,2025-08-31 08:00,2025-09-01 19:30,Cliente 008,Bajio,Camara fria,Preventivo,Mantenimiento programado,TEC-005,Si,35.5,3508.62,No,Cerrado
F-202500467,2025-03-02 08:00,2025-03-03 22:30,Cliente 047,Sureste,Congelador horizontal,Preventivo,Mantenimiento programado,TEC-013,No,38.5,921.75,No,Cerrado
F-202500754,2025-12-08 13:00,2025-12-09 06:12,Cliente 027,Occidente,Refrigerador vertical,Instalacion,Fuga de refrigerante,TEC-029,No,17.2,10383.18,No,Cerrado
F-202500292,2025-04-08 17:00,2025-04-09 22:42,Cliente 010,Sureste,Vitrina refrigerada,Preventivo,Mantenimiento programado,TEC-003,No,,2105.51,No,Cerrado
F-202500234,2025-10-04 17:00,2025-10-11 01:42,Cliente 027,Norte,Congelador horizontal,Correctivo,Puerta / empaque danado,TEC-032,Si,152.7,13243.32,No,Cerrado
F-202500742,2025-10-06 17:00,2025-10-09 02:06,Cliente 023,Bajio,Refrigerador vertical,Correctivo,Fuga de refrigerante,TEC-015,Si,57.1,8383.5,No,Cerrado
F-202501116,2025-06-28 16:00,2025-06-30 05:24,Cliente 020,Occidente,Refrigerador vertical,Correctivo,Acumulacion de hielo,TEC-002,No,37.4,2406.48,No,Cerrado
F-202500410,2025-01-06 18:00,2025-01-08 03:42,Cliente 047,CENTRO,Congelador horizontal,Instalacion,Fuga de refrigerante,TEC-020,Si,33.7,17871.51,No,Cerrado
F-202500851,2025-12-24 13:00,2025-12-25 11:48,Cliente 002,Norte,Refrigerador vertical,Correctivo,Problema electrico,TEC-005,No,22.8,7134.49,No,Cerrado
F-202500904,2025-11-19 17:00,2025-11-21 05:06,Cliente 017,Bajio,Camara fria,Correctivo,Problema electrico,TEC-021,No,36.1,13470.05,No,Cerrado
F-202501112,2025-03-26 17:00,2025-03-28 05:36,Cliente 021,Bajio,Refrigerador vertical,Correctivo,Falla de compresor,TEC-004,Si,36.6,7592.56,No,Cerrado
F-202500320,2025-10-08 13:00,2025-10-11 07:54,Cliente 043,Occidente,Refrigerador vertical,Correctivo,Fuga de refrigerante,TEC-003,Si,66.9,12368.55,No,Cerrado
F-202500743,2025-08-20 18:00,2025-08-23 06:42,Cliente 015,Occidente,Vitrina refrigerada,Correctivo,Fuga de refrigerante,TEC-015,Si,60.7,18184.54,No,Cerrado
F-202501146,2025-06-26 11:00,2025-06-27 03:24,Cliente 027,Bajio,Vitrina refrigerada,Correctivo,Problema electrico,TEC-015,No,16.4,5344.55,No,Cerrado
F-202501178,2025-03-11 12:00,2025-03-11 16:24,Cliente 037,Occidente,Congelador horizontal,Preventivo,Mantenimiento programado,TEC-024,No,4.4,1377.39,No,Cerrado
F-202500939,2025-06-18 07:00,2025-06-20 11:54,Cliente 017,Norte,Vitrina refrigerada,Correctivo,Fuga de refrigerante,TEC-023,No,52.9,10223.38,No,Cerrado
F-202500949,2025-12-12 09:00,2025-12-12 18:42,Cliente 004,Centro,Refrigerador vertical,Preventivo,Mantenimiento programado,TEC-004,No,9.7,1312.66,No,Cerrado
F-202500980,2025-07-26 14:00,2025-07-27 17:18,Cliente 051,Norte,Maquina de hielo,Correctivo,Fuga de refrigerante,TEC-028,No,27.3,12472.94,Si,Cerrado
F-202500786,2025-08-03 10:00,2025-08-04 20:00,Cliente 054,Centro,Vitrina refrigerada,Correctivo,Problema electrico,,No,34.0,12908.16,No,Cerrado
F-202500060,2025-09-07 13:00,2025-09-08 16:24,Cliente 015,Bajio,Refrigerador vertical,Correctivo,Fuga de refrigerante,TEC-012,Si,27.4,11258.54,Si,Cerrado
F-202501151,2025-05-16 14:00,2025-05-17 04:30,Cliente 026,Norte,Refrigerador vertical,Preventivo,Mantenimiento programado,TEC-009,No,14.5,1765.05,No,Cerrado
F-202500885,2025-10-24 15:00,2025-10-25 09:06,Cliente 019,Centro,Congelador horizontal,Instalacion,Termostato descalibrado,TEC-029,No,18.1,3096.24,No,Cerrado
F-202500462,2025-02-21 10:00,2025-02-22 05:48,Cliente 017,Sureste,Camara fria,Preventivo,Mantenimiento programado,TEC-026,No,19.8,1736.36,No,Cerrado
F-202501245,2025-11-16 12:00,2025-11-19 10:48,Cliente 036,Centro,Refrigerador vertical,Instalacion,Fuga de refrigerante,TEC-011,Si,70.8,6965.41,No,Cerrado
F-202500535,2025-07-30 08:00,2025-07-30 20:42,Cliente 046,Norte,Refrigerador vertical,Preventivo,Mantenimiento programado,TEC-018,No,12.7,2526.7,No,Cerrado
F-202500629,2025-07-04 13:00,2025-07-05 13:30,Cliente 011,Norte,Maquina de hielo,Preventivo,Mantenimiento programado,TEC-024,No,24.5,1755.51,Si,Cerrado
F-202501209,2025-04-14 13:00,2025-04-16 11:54,Cliente 005,Norte,Congelador horizontal,Correctivo,Problema electrico,TEC-011,No,46.9,5365.98,Si,Cerrado
F-202500924,2025-02-22 14:00,2025-02-24 10:24,Cliente 036,Centro,Refrigerador vertical,Correctivo,Fuga de refrigerante,TEC-016,Si,44.4,7078.16,No,Cerrado
F-202501253,2025-01-28 18:00,2025-01-29 16:00,Cliente 021,Occidente,Refrigerador vertical,Preventivo,Mantenimiento programado,TEC-033,No,22.0,1462.56,Si,Cerrado
F-202500402,2025-10-11 12:00,2025-10-14 19:12,Cliente 055,Norte,Maquina de hielo,Instalacion,Problema electrico,TEC-016,No,79.2,9264.95,No,Cerrado
F-202500900,2025-08-13 17:00,2025-08-14 13:24,Cliente 042,Norte,Refrigerador vertical,Preventivo,Mantenimiento programado,TEC-020,No,20.4,1053.3,No,Cerrado
F-202500372,2025-08-30 11:00,2025-08-31 12:30,Cliente 054,occidente,Camara fria,Preventivo,Mantenimiento programado,,No,25.5,961.59,No,Cerrado
F-202500400,2025-04-24 13:00,2025-04-26 11:00,Cliente 036,Norte,Maquina de hielo,Correctivo,Problema electrico,TEC-016,No,46.0,5907.28,No,Cerrado
F-202500892,2025-09-17 10:00,2025-09-18 06:12,Cliente 006,Norte,Camara fria,Preventivo,Mantenimiento programado,TEC-015,No,20.2,1142.21,No,Cerrado
F-202501143,2025-12-06 18:00,2025-12-07 03:36,Cliente 023,Centro,Congelador horizontal,Preventivo,Mantenimiento programado,TEC-016,No,9.6,1692.5,No,Cerrado
F-202500914,2025-12-24 07:00,2025-12-26 12:30,Cliente 048,Centro,Vitrina refrigerada,Instalacion,Acumulacion de hielo,TEC-006,Si,53.5,14580.25,No,Cerrado
F-202501147,2025-07-13 16:00,2025-07-14 16:48,Cliente 008,Sureste,Congelador horizontal,Preventivo,Mantenimiento programado,TEC-030,No,24.8,1256.71,No,Cerrado
F-202500038,2025-10-30 14:00,2025-10-31 09:00,Cliente 030,Bajio,Refrigerador vertical,Preventivo,Mantenimiento programado,TEC-024,No,19.0,2432.92,No,Cerrado
F-202500590,2025-11-04 18:00,2025-11-05 15:00,Cliente 060,Centro,Refrigerador vertical,Preventivo,Mantenimiento programado,TEC-002,Si,21.0,4640.73,No,Cerrado
F-202500674,2025-02-04 11:00,2025-02-05 12:24,Cliente 008,Occidente,Refrigerador vertical,Correctivo,Termostato descalibrado,TEC-010,No,25.4,9873.6,Si,Cerrado
F-202500982,2025-09-14 12:00,2025-09-17 12:00,Cliente 023,Centro,Vitrina refrigerada,Correctivo,Termostato descalibrado,TEC-003,Si,72.0,17807.17,Si,Cerrado
F-202500107,2025-10-12 17:00,2025-10-13 22:18,Cliente 024,Norte,Maquina de hielo,Correctivo,Acumulacion de hielo,TEC-008,No,29.3,11059.9,No,Cerrado
F-202500323,2025-08-13 14:00,2025-08-14 16:42,Cliente 010,Norte,Refrigerador vertical,Preventivo,Mantenimiento programado,TEC-010,No,26.7,2514.35,No,Cerrado
F-202500352,2025-01-17 17:00,2025-01-18 03:06,Cliente 003,Centro,Camara fria,Preventivo,Mantenimiento programado,TEC-002,No,10.1,2318.58,No,Cerrado
F-202500357,2025-02-25 11:00,2025-02-25 22:00,Cliente 030,Centro,Congelador horizontal,Preventivo,Mantenimiento programado,TEC-014,No,11.0,2279.0,No,Cerrado
F-202500836,2025-10-11 16:00,2025-10-13 22:12,Cliente 051,Occidente,Congelador horizontal,Correctivo,Problema electrico,TEC-032,Si,54.2,18803.89,No,Cerrado
F-202500716,2025-10-19 09:00,2025-10-20 16:12,Cliente 058,Sureste,Vitrina refrigerada,Preventivo,Mantenimiento programado,TEC-003,No,31.2,2463.46,No,Cerrado
F-202500252,2025-06-30 07:00,2025-07-02 11:06,Cliente 002,Centro,Congelador horizontal,Instalacion,Puerta / empaque danado,TEC-034,Si,52.1,16412.54,Si,Cerrado
F-202501124,2025-03-30 11:00,2025-04-01 17:24,Cliente 055, Norte ,Maquina de hielo,Correctivo,Acumulacion de hielo,TEC-022,No,54.4,4642.84,No,Cerrado
F-202501324,2025-11-20 11:00,2025-11-21 01:06,Cliente 011,Bajio,Refrigerador vertical,Preventivo,Mantenimiento programado,TEC-006,No,14.1,2555.16,No,Cerrado
F-202500848,2025-01-19 09:00,2025-01-20 02:42,Cliente 008,Norte,Refrigerador vertical,Preventivo,Mantenimiento programado,TEC-034,No,17.7,1062.9,No,Cerrado
F-202500391,2025-09-30 14:00,2025-10-02 20:54,Cliente 006,Occidente,Congelador horizontal,Correctivo,Falla de compresor,TEC-004,Si,1865.1,13409.58,No,Cerrado
F-202500444,2025-06-28 17:00,2025-06-30 19:54,Cliente 027,Sureste,Refrigerador vertical,Correctivo,Termostato descalibrado,TEC-033,No,50.9,7085.99,No,Cerrado
F-202500568,2025-04-02 12:00,2025-04-04 14:54,Cliente 011,Occidente,Camara fria,Correctivo,Termostato descalibrado,TEC-037,No,50.9,7561.14,No,Cerrado
F-202500216,2025-04-10 09:00,2025-04-10 22:24,Cliente 013,Centro,Vitrina refrigerada,Preventivo,Mantenimiento programado,TEC-032,No,13.4,1004.82,No,Cerrado
F-202500339,2025-03-15 07:00,2025-03-17 10:06,Cliente 047,Norte,Vitrina refrigerada,Correctivo,Termostato descalibrado,TEC-032,Si,51.1,11620.36,No,Cerrado
F-202500795,2025-06-07 14:00,2025-06-09 22:42,Cliente 029,Norte,Congelador horizontal,Correctivo,Puerta / empaque danado,TEC-036,Si,56.7,7986.08,No,Cerrado
F-202500057,2025-07-19 18:00,2025-07-22 21:06,Cliente 016,Centro,Camara fria,Correctivo,Puerta / empaque danado,TEC-004,Si,75.1,14146.39,No,Cerrado
F-202500669,2025-12-02 10:00,2025-12-03 13:12,Cliente 014,Centro,Refrigerador vertical,Correctivo,Termostato descalibrado,TEC-004,No,27.2,9924.03,No,Cerrado
F-202500633,2025-06-08 08:00,2025-06-09 07:48,Cliente 019,Bajio,Maquina de hielo,Preventivo,Mantenimiento programado,TEC-025,No,23.8,1720.17,No,Cerrado
F-202500682,2025-02-20 08:00,2025-02-20 21:18,Cliente 002,Centro,Vitrina refrigerada,Correctivo,Acumulacion de hielo,TEC-027,No,13.3,,Si,cerrado
F-202500804,2025-12-02 11:00,2025-12-03 02:06,Cliente 038,Centro,Congelador horizontal,Correctivo,Fuga de refrigerante,,No,15.1,6426.1,No,cerrado
F-202500182,2025-02-25 09:00,2025-02-25 20:42,Cliente 009,Centro,Refrigerador vertical,Correctivo,Termostato descalibrado,TEC-021,No,11.7,5425.47,No,Cerrado
F-202500054,2025-06-20 09:00,2025-06-23 02:36,Cliente 051,sureste,Refrigerador vertical,Correctivo,Acumulacion de hielo,TEC-028,Si,65.6,11808.46,No,Cerrado
F-202500958,2025-08-20 09:00,2025-08-21 19:30,Cliente 022,Bajio,Refrigerador vertical,Correctivo,Fuga de refrigerante,TEC-003,Si,34.5,13993.7,No,En proceso
F-202501332,2025-09-19 13:00,2025-09-20 12:12,Cliente 034,Centro,Camara fria,Preventivo,Mantenimiento programado,TEC-032,No,23.2,2271.07,No,Cerrado
F-202500347,2025-12-28 18:00,2025-12-31 02:48,Cliente 041,Occidente,Vitrina refrigerada,Instalacion,Acumulacion de hielo,TEC-038,No,56.8,3499.22,No,Cerrado
F-202500232,2025-11-09 17:00,2025-11-10 18:12,Cliente 010,Occidente,Congelador horizontal,Preventivo,Mantenimiento programado,TEC-008,Si,25.2,3991.66,No,Cerrado
F-202500152,2025-04-13 17:00,2025-04-15 23:18,Cliente 013,Bajio,Vitrina refrigerada,Correctivo,Fuga de refrigerante,TEC-035,Si,54.3,16014.2,No,Cerrado
F-202500501,2025-02-11 13:00,2025-02-12 13:18,Cliente 018,Norte,Maquina de hielo,Instalacion,Termostato descalibrado,TEC-026,No,1801.0,5003.55,No,Cerrado
F-202501218,2025-09-25 07:00,2025-09-26 20:12,Cliente 060,Occidente,Refrigerador vertical,Instalacion,Fuga de refrigerante,TEC-002,Si,37.2,8603.73,No,Cerrado
F-202500828,2025-11-24 18:00,2025-11-26 02:54,Cliente 038,Centro,Camara fria,Correctivo,Acumulacion de hielo,TEC-024,Si,32.9,2947.08,Si,En proceso
F-202500231,2025-06-19 13:00,2025-06-21 11:18,Cliente 056,Bajio,Vitrina refrigerada,Correctivo,Acumulacion de hielo,TEC-016,No,46.3,6505.3,Si,Cerrado
F-202500525,2025-04-27 11:00,2025-04-28 21:36,Cliente 007,Centro,Camara fria,Correctivo,Puerta / empaque danado,TEC-011,Si,34.6,8970.02,Si,Cerrado
F-202501083,2025-12-16 09:00,2025-12-17 15:36,Cliente 031,Centro,Vitrina refrigerada,Instalacion,Termostato descalibrado,TEC-029,No,30.6,6046.1,No,Cerrado
F-202500022,2025-05-16 18:00,2025-05-18 02:54,Cliente 010,Bajio,Camara fria,Correctivo,Puerta / empaque danado,TEC-002,No,32.9,12817.42,No,Cerrado
F-202500406,2025-07-02 07:00,2025-07-03 21:06,Cliente 035,Norte,Refrigerador vertical,Correctivo,Problema electrico,TEC-029,No,38.1,11832.51,No,Cerrado
F-202500258,2025-02-07 17:00,2025-02-08 01:48,Cliente 029,Occidente,Congelador horizontal,Correctivo,Problema electrico,TEC-035,No,8.8,12155.98,No,Cerrado
F-202500701,2025-07-09 17:00,2025-07-11 10:36,Cliente 045,Occidente,Refrigerador vertical,Correctivo,Problema electrico,TEC-035,Si,41.6,9446.45,Si,Cerrado
F-202500389,2025-11-22 12:00,2025-11-23 01:00,Cliente 020,OCCIDENTE,Congelador horizontal,Preventivo,Mantenimiento programado,TEC-035,No,13.0,1602.54,No,Cerrado
F-202500695,2025-02-02 08:00,2025-02-03 09:18,Cliente 018,Sureste,Congelador horizontal,Preventivo,Mantenimiento programado,TEC-021,Si,25.3,5671.34,No,Cerrado
F-202500526,2025-04-24 08:00,2025-04-25 17:18,Cliente 008,Centro,Vitrina refrigerada,Correctivo,Falla de compresor,TEC-025,No,33.3,12887.59,No,Cerrado
F-202501254,2025-10-17 11:00,2025-10-19 21:12,Cliente 016,Occidente,Refrigerador vertical,Correctivo,Puerta / empaque danado,TEC-019,Si,58.2,4216.62,No,Cerrado
F-202500186,2025-06-12 10:00,2025-06-13 17:54,Cliente 020,Sureste,Congelador horizontal,Preventivo,Mantenimiento programado,TEC-021,Si,31.9,7780.0,Si,Cerrado
F-202500044,2025-05-10 12:00,2025-05-13 03:42,Cliente 023,centro,Congelador horizontal,Correctivo,Fuga de refrigerante,TEC-012,Si,63.7,12143.99,No,Cerrado
F-202500474,2025-06-20 18:00,2025-06-23 00:24,Cliente 008, Sureste ,Vitrina refrigerada,Correctivo,Fuga de refrigerante,TEC-034,Si,54.4,6088.08,No,Cerrado
F-202500853,2025-12-18 09:00,2025-12-22 15:00,Cliente 020,Bajio,Refrigerador vertical,Correctivo,Puerta / empaque danado,TEC-030,Si,102.0,5985.47,No,Cerrado
F-202501056,2025-12-30 12:00,2025-12-31 01:24,Cliente 052,Norte,Congelador horizontal,Preventivo,Mantenimiento programado,TEC-001,No,13.4,1616.23,Si,Cerrado
F-202500341,2025-08-20 12:00,2025-08-22 18:12,Cliente 048,Centro,Refrigerador vertical,Correctivo,Problema electrico,TEC-031,Si,54.2,9791.09,Si,Cerrado
F-202500143,2025-04-11 08:00,2025-04-13 20:36,Cliente 017,Bajio,Vitrina refrigerada,Correctivo,Falla de compresor,TEC-023,Si,60.6,13763.57,Si,Cerrado
F-202501296,2025-07-07 11:00,2025-07-08 18:42,Cliente 043,Centro,Refrigerador vertical,Correctivo,Problema electrico,TEC-037,No,31.7,,No,Cerrado
F-202501091,2025-07-03 11:00,2025-07-04 14:30,Cliente 048,Sureste,Congelador horizontal,Correctivo,Termostato descalibrado,TEC-027,No,27.5,4128.81,Si,Cerrado
F-202501271,2025-05-15 16:00,2025-05-17 03:24,Cliente 003,Norte,Refrigerador vertical,Preventivo,Mantenimiento programado,TEC-004,Si,35.4,7549.88,No,Cerrado
F-202501372,2025-05-06 07:00,2025-05-06 20:18,Cliente 038,Occidente,Vitrina refrigerada,Correctivo,Termostato descalibrado,TEC-022,No,13.3,10150.35,No,Cerrado
F-202500830,2025-01-11 18:00,2025-01-14 00:54,Cliente 038,NORTE,Congelador horizontal,Correctivo,Acumulacion de hielo,TEC-005,No,54.9,2986.14,No,Cerrado
F-202501322,2025-04-11 15:00,2025-04-12 23:54,Cliente 022,Occidente,Vitrina refrigerada,Correctivo,Termostato descalibrado,TEC-034,No,1690.5,2246.21,No,Cerrado
F-202501160,2025-05-05 14:00,2025-05-06 05:54,Cliente 007,Centro,Refrigerador vertical,Preventivo,Mantenimiento programado,TEC-017,No,15.9,1243.06,No,Cerrado
F-202500050,2025-10-12 08:00,2025-10-13 08:42,Cliente 036,Centro,Refrigerador vertical,Preventivo,Mantenimiento programado,TEC-001,No,24.7,1882.65,No,Cerrado
F-202501019,2025-01-16 10:00,2025-01-17 07:36,Cliente 052,Centro,Camara fria,Correctivo,Problema electrico,TEC-036,No,21.6,5134.45,Si,Cerrado
F-202500316,2025-08-29 17:00,2025-08-31 21:42,Cliente 044,Occidente,Camara fria,Correctivo,Fuga de refrigerante,TEC-019,Si,52.7,12866.81,No,Cerrado
F-202500330,2025-07-22 08:00,2025-07-25 20:06,Cliente 034,Bajio,Maquina de hielo,Correctivo,Falla de compresor,TEC-018,Si,84.1,16539.42,Si,Cerrado
F-202500513,2025-11-03 07:00,2025-11-04 22:18,Cliente 027,Sureste,Refrigerador vertical,Correctivo,Falla de compresor,TEC-032,Si,39.3,10021.21,No,Cerrado
F-202501357,2025-05-06 17:00,2025-05-08 07:06,Cliente 046,Occidente,Vitrina refrigerada,Correctivo,Fuga de refrigerante,TEC-008,Si,38.1,16541.98,No,Cerrado
F-202500346,2025-04-04 18:00,2025-04-06 12:30,Cliente 060,Norte,Camara fria,Correctivo,Puerta / empaque danado,TEC-010,No,42.5,6281.65,No,Cerrado
F-202500580,2025-02-07 16:00,2025-02-08 00:18,Cliente 031,Centro,Maquina de hielo,Preventivo,Mantenimiento programado,TEC-004,No,8.3,1917.27,No,Cerrado
F-202500833,2025-06-15 18:00,2025-06-18 22:18,Cliente 038,Centro,Camara fria,Correctivo,Falla de compresor,TEC-038,Si,76.3,14154.98,No,Cerrado
F-202501074,2025-07-11 09:00,2025-07-11 21:24,Cliente 004,Bajio,Congelador horizontal,Preventivo,Mantenimiento programado,TEC-037,No,12.4,1029.45,No,Cerrado
F-202500684,2025-12-16 15:00,2025-12-18 05:06,Cliente 050,Centro,Camara fria,Correctivo,Fuga de refrigerante,TEC-023,No,38.1,11881.9,No,Cerrado
F-202500954,2025-06-06 12:00,2025-06-11 23:30,Cliente 024,Norte,Vitrina refrigerada,Correctivo,Puerta / empaque danado,TEC-024,Si,131.5,10527.89,No,Cerrado
F-202501014,2025-04-25 14:00,2025-04-26 04:54,Cliente 032,Norte,Congelador horizontal,Preventivo,Mantenimiento programado,TEC-038,No,14.9,1624.12,Si,Cerrado
F-202501269,2025-12-14 07:00,2025-12-16 09:12,Cliente 042,Norte,Vitrina refrigerada,Correctivo,Problema electrico,TEC-017,Si,50.2,17651.63,No,Cerrado
F-202501385,2025-05-22 17:00,2025-05-23 00:48,Cliente 046,Centro,Vitrina refrigerada,Preventivo,Mantenimiento programado,TEC-033,No,7.8,1013.19,No,Cerrado
F-202501299,2025-07-13 08:00,2025-07-14 09:42,Cliente 051,Bajio,Camara fria,Correctivo,Problema electrico,TEC-010,No,25.7,,No,Cerrado
F-202500773,2025-01-02 18:00,2025-01-04 13:12,Cliente 002,Bajio,Refrigerador vertical,Correctivo,Falla de compresor,TEC-022,Si,43.2,10984.27,No,Cerrado
F-202501138,2025-05-14 12:00,2025-05-15 03:24,Cliente 039,Bajio,Camara fria,Preventivo,Mantenimiento programado,TEC-014,No,15.4,1951.55,Si,Cerrado
F-202500067,2025-11-27 14:00,2025-11-28 19:12,Cliente 028,Bajio,Refrigerador vertical,Correctivo,Termostato descalibrado,TEC-006,No,29.2,7064.34,Si,Cerrado
F-202501154,2025-11-28 09:00,2025-11-29 07:54,Cliente 002,Sureste,Vitrina refrigerada,Preventivo,Mantenimiento programado,TEC-027,No,22.9,1203.09,Si,Cerrado
F-202500039,2025-04-12 10:00,2025-04-15 04:00,Cliente 039,Sureste,Refrigerador vertical,Correctivo,Problema electrico,TEC-038,No,66.0,3823.23,No,Cerrado
F-202500933,2025-04-04 10:00,2025-04-05 07:42,Cliente 002,Occidente,Camara fria,Correctivo,Acumulacion de hielo,TEC-012,No,21.7,1798.74,No,Cerrado
F-202500998,2025-05-12 10:00,2025-05-13 14:06,Cliente 034,Centro,Vitrina refrigerada,Correctivo,Acumulacion de hielo,TEC-025,No,28.1,8703.0,Si,Cerrado
F-202501379,2025-07-03 11:00,2025-07-04 08:24,Cliente 035,Centro,Camara fria,Preventivo,Mantenimiento programado,TEC-015,Si,21.4,4488.21,Si,Cerrado
F-202501283,2025-05-24 11:00,2025-05-25 13:42,Cliente 057,CENTRO,Vitrina refrigerada,Correctivo,Acumulacion de hielo,TEC-001,No,26.7,7196.0,No,Cerrado
F-202500644,2025-06-25 15:00,2025-06-27 15:00,Cliente 017,Sureste,Refrigerador vertical,Correctivo,Fuga de refrigerante,TEC-001,Si,48.0,11424.23,No,Cerrado
F-202501258,2025-07-22 10:00,2025-07-23 11:48,Cliente 019,Norte,Maquina de hielo,Preventivo,Mantenimiento programado,TEC-018,Si,25.8,3148.88,No,Cerrado
F-202500809,2025-05-23 09:00,2025-05-23 16:12,Cliente 021,Centro,Congelador horizontal,Preventivo,Mantenimiento programado,TEC-020,No,7.2,2594.18,No,Cerrado
F-202500284,2025-06-29 16:00,2025-07-02 09:42,Cliente 055,Centro,Vitrina refrigerada,Correctivo,Falla de compresor,TEC-025,No,65.7,4629.61,No,Cerrado
F-202500646,2025-04-30 18:00,2025-05-02 13:48,Cliente 001,Centro,Refrigerador vertical,Correctivo,Termostato descalibrado,TEC-029,No,43.8,7651.68,No,Cerrado
F-202500418,2025-02-14 10:00,2025-02-16 01:36,Cliente 036,Bajio,Congelador horizontal,Correctivo,Fuga de refrigerante,TEC-003,Si,39.6,12281.34,No,Cerrado
F-202501215,2025-01-28 08:00,2025-01-28 23:42,Cliente 050,Centro,Camara fria,Preventivo,Mantenimiento programado,TEC-004,No,15.7,1752.95,Si,Cerrado
F-202500643,2025-11-08 15:00,2025-11-09 22:54,Cliente 021,Norte,Congelador horizontal,Correctivo,Acumulacion de hielo,TEC-027,No,31.9,3772.25,No,Cerrado
F-202501170,2025-12-01 18:00,2025-12-03 15:24,Cliente 057,Sureste,Congelador horizontal,Correctivo,Problema electrico,TEC-008,No,45.4,10539.55,No,Cerrado
F-202501038,2025-01-06 15:00,2025-01-07 17:48,Cliente 008,Norte,Congelador horizontal,Correctivo,Problema electrico,TEC-033,No,26.8,9146.16,Si,Cerrado
F-202500115,2025-07-04 09:00,2025-07-06 21:42,Cliente 026,Sureste,Refrigerador vertical,Correctivo,Puerta / empaque danado,TEC-031,Si,60.7,8042.08,Si,Cerrado
F-202500542,2025-01-21 10:00,2025-01-22 01:36,Cliente 042,Bajio,Vitrina refrigerada,Correctivo,Falla de compresor,,No,15.6,8682.14,No,Cerrado
F-202500290,2025-06-22 08:00,2025-06-23 23:54,Cliente 014,Bajio,Vitrina refrigerada,Correctivo,Problema electrico,TEC-026,No,39.9,12350.69,No,Cerrado
F-202501072,2025-03-18 08:00,2025-03-18 20:00,Cliente 010,Occidente,Congelador horizontal,Preventivo,Mantenimiento programado,TEC-010,No,12.0,,No,Cerrado
F-202501291,2025-03-27 15:00,2025-03-29 11:30,Cliente 047,Sureste,Congelador horizontal,Correctivo,Fuga de refrigerante,TEC-020,Si,44.5,9270.47,No,Cerrado
F-202501315,2025-11-26 13:00,2025-11-27 18:36,Cliente 059,Occidente,Vitrina refrigerada,Correctivo,Fuga de refrigerante,TEC-032,Si,29.6,10918.27,No,Cerrado
F-202500272,2025-01-09 13:00,2025-01-10 04:12,Cliente 024,Norte,Maquina de hielo,Correctivo,Termostato descalibrado,TEC-037,No,15.2,4299.41,No,Cerrado
F-202501028,2025-04-13 11:00,2025-04-14 08:54,Cliente 007, Norte ,Refrigerador vertical,Correctivo,Termostato descalibrado,TEC-037,No,21.9,9909.23,No,Cerrado
F-202500314,2025-04-13 15:00,2025-04-15 07:00,Cliente 029,Occidente,Camara fria,Correctivo,Fuga de refrigerante,TEC-006,Si,40.0,11790.89,No,Cerrado
F-202500890,2025-04-09 11:00,2025-04-10 16:30,Cliente 006,Centro,Refrigerador vertical,Correctivo,Fuga de refrigerante,TEC-021,Si,29.5,12258.0,No,Cerrado
F-202501001,2025-10-23 07:00,2025-10-25 14:24,Cliente 030,Norte,Congelador horizontal,Correctivo,Falla de compresor,TEC-021,Si,55.4,11790.71,No,Cerrado
F-202500917,2025-07-18 08:00,2025-07-19 22:00,Cliente 018,Centro,Vitrina refrigerada,Correctivo,Fuga de refrigerante,TEC-010,Si,38.0,15019.91,No,Cerrado
F-202500941,2025-09-10 12:00,2025-09-11 11:30,Cliente 003,Centro,Congelador horizontal,Preventivo,Mantenimiento programado,TEC-013,No,23.5,2187.84,No,Cerrado
F-202500285,2025-06-11 11:00,2025-06-12 07:42,Cliente 038,Centro,Vitrina refrigerada,Preventivo,Mantenimiento programado,TEC-033,No,,2095.49,No,Cerrado
F-202500130,2025-08-20 18:00,2025-08-21 11:36,Cliente 053,Centro,Camara fria,Instalacion,Falla de compresor,TEC-008,No,17.6,7494.77,No,Cerrado
F-202500396,2025-11-16 09:00,2025-11-18 11:18,Cliente 029,Centro,Refrigerador vertical,Instalacion,Falla de compresor,TEC-035,Si,50.3,8264.25,Si,Cerrado
F-202501302,2025-05-27 16:00,2025-05-29 02:36,Cliente 036,Norte,Camara fria,Correctivo,Fuga de refrigerante,TEC-032,Si,34.6,9940.52,No,Cerrado
F-202500906,2025-09-16 08:00,2025-09-18 13:54,Cliente 047,Centro,Congelador horizontal,Correctivo,Problema electrico,TEC-033,No,53.9,4122.27,No,Cerrado
F-202500327,2025-03-28 18:00,2025-03-29 00:18,Cliente 043, Bajio ,Refrigerador vertical,Preventivo,Mantenimiento programado,,No,6.3,989.34,No,Cerrado
F-202500192,2025-08-19 11:00,2025-08-20 03:12,Cliente 046,Centro,Vitrina refrigerada,Preventivo,Mantenimiento programado,TEC-012,No,16.2,1913.01,No,Cerrado
F-202500723,2025-11-05 13:00,2025-11-06 19:48,Cliente 043,CENTRO,Congelador horizontal,Correctivo,Problema electrico,TEC-004,No,30.8,5386.94,No,Cerrado
F-202501140,2025-07-16 12:00,2025-07-17 10:06,Cliente 034,Bajio,Congelador horizontal,Correctivo,Termostato descalibrado,TEC-027,No,,8769.23,No,Cerrado
F-202500099,2025-08-21 12:00,2025-08-23 16:36,Cliente 045,Bajio,Camara fria,Correctivo,Termostato descalibrado,TEC-011,Si,52.6,9900.32,No,Cerrado
F-202501289,2025-02-07 14:00,2025-02-09 07:30,Cliente 058,Centro,Congelador horizontal,Correctivo,Puerta / empaque danado,TEC-006,Si,41.5,10610.1,No,Cerrado
F-202501069,2025-05-02 07:00,2025-05-03 10:18,Cliente 017,NORTE,Camara fria,Preventivo,Mantenimiento programado,TEC-011,Si,27.3,4096.76,No,Cerrado
F-202500041,2025-03-02 16:00,2025-03-03 01:48,Cliente 060,Centro,Vitrina refrigerada,Preventivo,Mantenimiento programado,TEC-025,No,9.8,1858.72,No,Cerrado
F-202500307,2025-04-21 18:00,2025-04-23 19:18,Cliente 027,Centro,Refrigerador vertical,Correctivo,Falla de compresor,TEC-013,Si,49.3,15648.19,Si,Cerrado
F-202501242,2025-10-11 12:00,2025-10-12 01:48,Cliente 046,Occidente,Vitrina refrigerada,Preventivo,Mantenimiento programado,TEC-017,No,13.8,1717.7,No,Cerrado
F-202500374,2025-05-17 11:00,2025-05-19 02:18,Cliente 016,Occidente,Maquina de hielo,Correctivo,Termostato descalibrado,TEC-034,No,39.3,2097.42,No,Cerrado
F-202500994,2025-06-07 09:00,2025-06-08 13:48,Cliente 047,Centro,Congelador horizontal,Preventivo,Mantenimiento programado,TEC-003,No,28.8,1377.64,Si,Cerrado
F-202500717,2025-07-08 18:00,2025-07-09 03:54,Cliente 033,Centro,Camara fria,Preventivo,Mantenimiento programado,TEC-017,No,9.9,1099.9,No,Cerrado
F-202500921,2025-11-15 08:00,2025-11-16 08:36,Cliente 059,Centro,Camara fria,Preventivo,Mantenimiento programado,TEC-029,No,24.6,1679.38,Si,Cerrado
F-202501101,2025-06-25 15:00,2025-06-27 06:48,Cliente 021,Centro,Congelador horizontal,Correctivo,Falla de compresor,TEC-030,Si,39.8,10403.44,No,Cerrado
F-202500496,2025-05-31 17:00,2025-06-03 01:24,Cliente 034,Centro,Maquina de hielo,Preventivo,Mantenimiento programado,TEC-009,Si,56.4,6337.81,No,Cerrado
F-202500273,2025-02-25 10:00,2025-02-25 20:30,Cliente 008,OCCIDENTE,Vitrina refrigerada,Preventivo,Mantenimiento programado,TEC-035,No,10.5,1606.45,No,Cerrado
F-202500009,2025-03-15 07:00,2025-03-17 16:00,Cliente 021,Occidente,Congelador horizontal,Correctivo,Termostato descalibrado,TEC-021,No,57.0,10657.45,No,Cerrado
F-202500868,2025-11-02 15:00,2025-11-04 09:12,Cliente 048,Bajio,Congelador horizontal,Correctivo,Termostato descalibrado,TEC-001,Si,42.2,9820.26,Si,Cerrado
F-202500385,2025-01-12 15:00,2025-01-13 02:48,Cliente 020,Centro,Congelador horizontal,Preventivo,Mantenimiento programado,,No,11.8,2596.0,No,En proceso
F-202501043,2025-06-01 07:00,2025-06-03 03:30,Cliente 059, Centro ,Camara fria,Correctivo,Acumulacion de hielo,TEC-020,No,44.5,5256.0,No,Cerrado
F-202500653,2025-03-15 11:00,2025-03-16 13:12,Cliente 060,Bajio,Congelador horizontal,Preventivo,Mantenimiento programado,TEC-020,No,26.2,956.07,No,Cerrado
F-202501169,2025-12-31 11:00,2026-01-01 04:06,Cliente 044,Norte,Refrigerador vertical,Preventivo,Mantenimiento programado,TEC-027,No,17.1,1545.68,No,Cerrado
F-202500398,2025-03-13 09:00,2025-03-14 09:12,Cliente 023,Centro,Congelador horizontal,Correctivo,Acumulacion de hielo,TEC-026,No,24.2,6193.66,Si,Cerrado
F-202500415,2025-01-07 17:00,2025-01-09 08:24,Cliente 016,Occidente,Congelador horizontal,Correctivo,Acumulacion de hielo,,Si,39.4,10346.41,No,Cerrado
F-202500947,2025-12-22 10:00,2025-12-22 21:06,Cliente 055,Occidente,Congelador horizontal,Preventivo,Mantenimiento programado,TEC-002,No,11.1,2415.61,No,Cerrado
F-202501275,2025-10-06 18:00,2025-10-07 12:00,Cliente 053,Norte,Congelador horizontal,Preventivo,Mantenimiento programado,TEC-032,No,18.0,2139.99,No,Cerrado
F-202501130,2025-08-25 13:00,2025-08-27 01:54,Cliente 032,Norte,Vitrina refrigerada,Correctivo,Problema electrico,TEC-034,No,36.9,2819.31,No,En proceso
F-202501054,2025-12-16 12:00,2025-12-17 00:30,Cliente 001,Occidente,Refrigerador vertical,Preventivo,Mantenimiento programado,TEC-010,No,-12.5,814.41,No,Cerrado
F-202500018,2025-02-16 12:00,2025-02-19 02:18,Cliente 021,Norte,Camara fria,Correctivo,Fuga de refrigerante,TEC-017,Si,62.3,8725.03,Si,Cerrado
F-202500505,2025-04-11 10:00,2025-04-12 11:42,Cliente 006,Norte,Vitrina refrigerada,Correctivo,Fuga de refrigerante,TEC-004,Si,25.7,12308.67,Si,Cerrado
F-202500725,2025-10-14 15:00,2025-10-15 13:18,Cliente 020,Bajio,Refrigerador vertical,Correctivo,Problema electrico,TEC-038,No,2090.4,2946.14,Si,Cerrado
F-202500533,2025-02-26 17:00,2025-03-01 15:24,Cliente 044,Occidente,Congelador horizontal,Correctivo,Fuga de refrigerante,TEC-015,Si,70.4,10612.19,No,Cerrado
F-202500763,2025-12-13 11:00,2025-12-15 05:48,Cliente 009,Bajio,Vitrina refrigerada,Correctivo,Acumulacion de hielo,TEC-006,No,42.8,5780.05,Si,Cerrado
F-202500162,2025-08-31 10:00,2025-09-02 09:36,Cliente 043,Norte,Maquina de hielo,Correctivo,Problema electrico,TEC-033,No,47.6,6649.84,No,Cerrado
F-202500631,2025-09-26 13:00,2025-09-28 00:54,Cliente 044,Centro,Camara fria,Correctivo,Termostato descalibrado,TEC-022,Si,35.9,5134.73,No,Cerrado
F-202500937,2025-02-27 12:00,2025-03-01 03:12,Cliente 030,Occidente,Congelador horizontal,Correctivo,Termostato descalibrado,TEC-001,No,39.2,5672.12,Si,Cerrado
F-202501328,2025-01-31 07:00,2025-02-01 20:18,Cliente 024,Centro,Refrigerador vertical,Correctivo,Termostato descalibrado,TEC-027,Si,37.3,9850.61,No,Cerrado
F-202500021,2025-07-02 18:00,2025-07-05 15:54,Cliente 052,Norte,Refrigerador vertical,Correctivo,Falla de compresor,TEC-023,Si,69.9,6978.54,No,Cerrado
F-202500570,2025-07-28 08:00,2025-07-28 21:30,Cliente 029,Bajio,Refrigerador vertical,Preventivo,Mantenimiento programado,TEC-019,No,13.5,1773.95,No,Cerrado
F-202500654,2025-10-21 18:00,2025-10-22 05:12,Cliente 039,Occidente,Congelador horizontal,Correctivo,Puerta / empaque danado,TEC-032,No,11.2,2469.56,No,Cerrado
F-202500697,2025-09-21 18:00,2025-09-24 04:18,Cliente 057,Centro,Vitrina refrigerada,Correctivo,Falla de compresor,TEC-021,No,58.3,13355.44,No,Cerrado
F-202500482,2025-10-30 10:00,2025-10-31 15:00,Cliente 054,Norte,Congelador horizontal,Correctivo,Problema electrico,,No,29.0,10885.22,No,Cerrado
F-202500034,2025-07-22 13:00,2025-07-22 23:12,Cliente 032,Centro,Vitrina refrigerada,Preventivo,Mantenimiento programado,TEC-017,No,10.2,2538.94,No,Cerrado
F-202500048,2025-11-22 18:00,2025-11-26 18:36,Cliente 007,Norte,Congelador horizontal,Correctivo,Fuga de refrigerante,TEC-024,Si,96.6,11194.83,No,Cerrado
F-202500030,2025-06-11 16:00,2025-06-14 12:00,Cliente 042,Bajio,Vitrina refrigerada,Correctivo,Falla de compresor,TEC-024,Si,68.0,10563.18,No,Cerrado
F-202501006,2025-12-03 16:00,2025-12-04 08:36,Cliente 030,Centro,Congelador horizontal,Correctivo,Acumulacion de hielo,TEC-033,No,16.6,11967.87,No,Cerrado
F-202501186,2025-04-23 13:00,2025-04-25 09:48,Cliente 004,Bajio,Congelador horizontal,Preventivo,Mantenimiento programado,TEC-008,No,44.8,2098.06,No,En proceso
F-202501159,2025-05-21 07:00,2025-05-22 12:42,Cliente 059,Bajio,Congelador horizontal,Correctivo,Acumulacion de hielo,TEC-038,No,29.7,9899.51,No,Cerrado
F-202501205,2025-08-26 16:00,2025-08-28 12:42,Cliente 044,Centro,Refrigerador vertical,Correctivo,Falla de compresor,TEC-012,Si,44.7,9778.03,Si,Cerrado
F-202500511,2025-12-30 07:00,2025-12-30 22:54,Cliente 009,Centro,Maquina de hielo,Preventivo,Mantenimiento programado,TEC-024,No,15.9,2204.12,No,Cerrado
F-202500531,2025-08-07 08:00,2025-08-09 08:48,Cliente 056,Norte,Maquina de hielo,Correctivo,Termostato descalibrado,TEC-023,No,48.8,10758.76,No,cerrado
F-202500923,2025-06-12 11:00,2025-06-13 19:06,Cliente 016,BAJIO,Vitrina refrigerada,Correctivo,Acumulacion de hielo,TEC-034,No,32.1,12003.68,No,Cerrado
F-202500502,2025-08-26 13:00,2025-08-28 03:12,Cliente 052,Centro,Refrigerador vertical,Correctivo,Falla de compresor,TEC-038,Si,38.2,9770.77,No,Cerrado
F-202500433,2025-10-29 14:00,2025-10-30 12:48,Cliente 039,Bajio,Refrigerador vertical,Correctivo,Termostato descalibrado,TEC-010,No,22.8,4069.84,No,Cerrado
F-202500254,2025-05-01 14:00,2025-05-03 00:30,Cliente 007,Centro,Vitrina refrigerada,Preventivo,Mantenimiento programado,TEC-025,Si,34.5,5165.58,No,En proceso
F-202501380,2025-07-17 07:00,2025-07-17 23:54,Cliente 004,Centro,Vitrina refrigerada,Preventivo,Mantenimiento programado,,No,16.9,2335.67,No,Cerrado
F-202501293,2025-06-11 17:00,2025-06-15 12:24,Cliente 052,Occidente,Vitrina refrigerada,Correctivo,Puerta / empaque danado,TEC-010,Si,91.4,10000.84,No,Cerrado
F-202501363,2025-05-09 11:00,2025-05-10 15:18,Cliente 003,Centro,Vitrina refrigerada,Correctivo,Fuga de refrigerante,TEC-027,Si,28.3,6660.23,No,Cerrado
F-202500780,2025-11-07 12:00,2025-11-08 08:24,Cliente 029,Sureste,Congelador horizontal,Preventivo,Mantenimiento programado,TEC-019,No,20.4,1035.18,No,Cerrado
F-202500367,2025-06-21 13:00,2025-06-23 06:12,Cliente 048,Sureste,Congelador horizontal,Preventivo,Mantenimiento programado,TEC-005,No,41.2,1596.46,No,Cerrado
F-202500681,2025-09-22 16:00,2025-09-24 04:42,Cliente 040,Bajio,Refrigerador vertical,Correctivo,Falla de compresor,TEC-009,Si,36.7,10556.3,No,Cerrado
F-202501141,2025-11-18 10:00,2025-11-18 22:06,Cliente 032,Bajio,Congelador horizontal,Correctivo,Problema electrico,TEC-026,No,12.1,12179.73,No,Cerrado
F-202500813,2025-09-07 14:00,2025-09-10 05:54,Cliente 027,Occidente,Camara fria,Correctivo,Fuga de refrigerante,TEC-024,Si,63.9,5124.11,Si,Cerrado
F-202500736,2025-09-02 15:00,2025-09-06 06:54,Cliente 029,Norte,Vitrina refrigerada,Correctivo,Fuga de refrigerante,TEC-011,Si,87.9,10416.63,Si,Cerrado
F-202501049,2025-09-01 16:00,2025-09-02 13:48,Cliente 047,Norte,Congelador horizontal,Correctivo,Puerta / empaque danado,TEC-038,No,21.8,3638.31,No,Cerrado
F-202500299,2025-04-14 11:00,2025-04-15 05:30,Cliente 022,Sureste,Congelador horizontal,Preventivo,Mantenimiento programado,TEC-002,No,2398.7,2334.43,No,Cerrado
F-202500557,2025-09-26 13:00,2025-09-28 01:00,Cliente 025,Norte,Camara fria,Correctivo,Acumulacion de hielo,TEC-001,No,36.0,2869.14,No,Cerrado
F-202500576,2025-05-17 07:00,2025-05-19 01:00,Cliente 059,Centro,Refrigerador vertical,Correctivo,Fuga de refrigerante,TEC-007,Si,42.0,8747.67,No,Cerrado
F-202500019,2025-11-03 17:00,2025-11-04 17:06,Cliente 003,Sureste,Refrigerador vertical,Instalacion,Problema electrico,TEC-012,No,24.1,1607.39,No,Cerrado
F-202500573,2025-04-14 15:00,2025-04-16 07:18,Cliente 034,Norte,Vitrina refrigerada,Correctivo,Puerta / empaque danado,TEC-015,No,-40.3,,No,Cerrado
F-202500226,2025-04-22 18:00,2025-04-25 15:24,Cliente 027,Occidente,Congelador horizontal,Correctivo,Fuga de refrigerante,TEC-038,Si,69.4,7439.16,No,Cerrado
F-202500600,2025-08-23 10:00,2025-08-24 02:00,Cliente 024,Norte,Camara fria,Preventivo,Mantenimiento programado,TEC-003,No,16.0,1120.52,No,Cerrado
F-202500420,2025-07-04 10:00,2025-07-07 05:24,Cliente 035,Norte,Refrigerador vertical,Correctivo,Falla de compresor,TEC-029,Si,67.4,13566.21,Si,Cerrado
F-202501148,2025-10-08 14:00,2025-10-08 20:18,Cliente 022,Centro,Congelador horizontal,Preventivo,Mantenimiento programado,TEC-017,No,6.3,1286.29,No,Cerrado
F-202500219,2025-06-13 08:00,2025-06-14 21:48,Cliente 008,Sureste,Refrigerador vertical,Correctivo,Acumulacion de hielo,TEC-024,No,37.8,8407.59,No,Cerrado
F-202500308,2025-07-22 17:00,2025-07-26 17:30,Cliente 017,Bajio,Camara fria,Correctivo,Fuga de refrigerante,TEC-029,Si,96.5,8001.74,No,Cerrado
F-202500157,2025-02-16 17:00,2025-02-18 22:18,Cliente 016,Sureste,Congelador horizontal,Instalacion,Problema electrico,TEC-011,No,53.3,9965.19,No,Cerrado
F-202500172,2025-02-02 11:00,2025-02-05 01:18,Cliente 053,Norte,Camara fria,Correctivo,Problema electrico,TEC-001,Si,62.3,,No,Cerrado
F-202501129,2025-07-23 08:00,2025-07-25 17:00,Cliente 028, Occidente ,Congelador horizontal,Correctivo,Problema electrico,TEC-011,No,57.0,4664.61,Si,Cerrado
F-202500706,2025-07-26 10:00,2025-07-28 03:06,Cliente 041,Norte,Camara fria,Correctivo,Acumulacion de hielo,TEC-018,No,41.1,6858.61,Si,Cerrado
F-202500287,2025-02-28 12:00,2025-03-01 20:06,Cliente 049,Bajio,Congelador horizontal,Preventivo,Mantenimiento programado,TEC-012,No,32.1,2474.96,No,Cerrado
F-202500454,2025-01-10 08:00,2025-01-12 01:48,Cliente 019,Occidente,Refrigerador vertical,Correctivo,Acumulacion de hielo,TEC-027,No,41.8,7454.91,No,Cerrado
F-202501384,2025-11-24 17:00,2025-11-25 03:00,Cliente 016,Bajio,Refrigerador vertical,Preventivo,Mantenimiento programado,TEC-036,No,10.0,1224.29,No,Cerrado
F-202500072,2025-03-11 15:00,2025-03-13 15:12,Cliente 023,Centro,Refrigerador vertical,Correctivo,Termostato descalibrado,TEC-026,No,48.2,4696.41,No,Cerrado
F-202500083,2025-02-28 10:00,2025-03-01 22:48,Cliente 060, Norte ,Refrigerador vertical,Correctivo,Termostato descalibrado,TEC-005,No,36.8,9300.1,No,Cerrado
F-202501106,2025-03-08 08:00,2025-03-09 03:54,Cliente 043,Centro,Camara fria,Preventivo,Mantenimiento programado,TEC-014,No,19.9,2103.3,No,Cerrado
F-202501370,2025-08-20 18:00,2025-08-21 22:00,Cliente 020,Sureste,Refrigerador vertical,Preventivo,Mantenimiento programado,TEC-032,Si,28.0,2155.19,No,En proceso
F-202500016,2025-10-14 16:00,2025-10-16 13:24,Cliente 051,Occidente,Refrigerador vertical,Correctivo,Puerta / empaque danado,TEC-023,Si,45.4,12952.23,No,Cerrado
F-202500536,2025-02-26 08:00,2025-02-26 11:54,Cliente 031,Centro,Refrigerador vertical,Preventivo,Mantenimiento programado,TEC-028,No,3.9,1385.56,No,Cerrado
F-202501096,2025-01-30 09:00,2025-02-01 07:48,Cliente 026,Norte,Camara fria,Correctivo,Falla de compresor,TEC-013,Si,46.8,15061.37,Si,Cerrado
F-202500919,2025-04-03 17:00,2025-04-04 21:06,Cliente 054,Bajio,Maquina de hielo,Correctivo,Fuga de refrigerante,TEC-005,Si,28.1,5711.94,No,Cerrado
F-202500452,2025-12-04 10:00,2025-12-05 08:42,Cliente 060,Sureste,Refrigerador vertical,Preventivo,Mantenimiento programado,TEC-007,Si,22.7,4127.1,No,Cerrado
F-202501093,2025-11-04 18:00,2025-11-05 11:12,Cliente 037,Centro,Refrigerador vertical,Preventivo,Mantenimiento programado,TEC-016,No,17.2,2311.82,No,Cerrado
F-202500405,2025-07-02 08:00,2025-07-03 03:48,Cliente 016,Norte,Maquina de hielo,Preventivo,Mantenimiento programado,TEC-027,No,19.8,832.48,No,Cerrado
F-202501317,2025-09-17 12:00,2025-09-19 16:30,Cliente 009,Bajio,Camara fria,Correctivo,Fuga de refrigerante,TEC-037,Si,52.5,14598.57,No,Cerrado
F-202501313,2025-10-12 18:00,2025-10-14 16:30,Cliente 016,Centro,Vitrina refrigerada,Correctivo,Problema electrico,TEC-038,No,46.5,4071.12,No,Cerrado
F-202500740,2025-11-24 11:00,2025-11-24 20:36,Cliente 051,Occidente,Refrigerador vertical,Correctivo,Termostato descalibrado,TEC-031,No,9.6,12921.09,No,Cerrado
F-202500365,2025-02-12 13:00,2025-02-13 09:06,Cliente 060,Centro,Camara fria,Correctivo,Termostato descalibrado,TEC-007,No,20.1,11119.11,No,Cerrado
F-202500105,2025-10-18 14:00,2025-10-21 16:12,Cliente 007,Occidente,Refrigerador vertical,Correctivo,Falla de compresor,TEC-028,Si,74.2,4278.96,No,Cerrado
F-202501323,2025-07-20 08:00,2025-07-22 04:18,Cliente 021,Bajio,Vitrina refrigerada,Correctivo,Problema electrico,TEC-018,No,44.3,4469.41,No,Cerrado
F-202501175,2025-01-04 16:00,2025-01-05 12:18,Cliente 043,Norte,Congelador horizontal,Preventivo,Mantenimiento programado,TEC-005,No,20.3,1473.84,No,Cerrado
F-202500662,2025-09-26 13:00,2025-09-26 18:54,Cliente 041,Centro,Vitrina refrigerada,Preventivo,Mantenimiento programado,TEC-038,No,5.9,2306.17,No,Cerrado
F-202500242,2025-08-02 07:00,2025-08-03 20:00,Cliente 021,Centro,Maquina de hielo,Correctivo,Termostato descalibrado,TEC-030,No,37.0,10855.68,No,Cerrado
F-202500431,2025-01-31 11:00,2025-02-01 16:00,Cliente 001,Bajio,Refrigerador vertical,Correctivo,Puerta / empaque danado,TEC-023,No,29.0,4656.46,Si,En proceso
F-202500815,2025-10-11 08:00,2025-10-14 02:42,Cliente 027,Sureste,Camara fria,Correctivo,Falla de compresor,TEC-038,Si,66.7,7546.71,No,Cerrado
F-202500631,2025-09-26 13:00,2025-09-28 00:54,Cliente 044,Centro,Camara fria,Correctivo,Termostato descalibrado,TEC-022,Si,35.9,5134.73,No,Cerrado
F-202500097,2025-03-29 13:00,2025-03-31 11:36,Cliente 031,Occidente,Maquina de hielo,Correctivo,Problema electrico,TEC-038,No,46.6,,No,Cerrado
F-202500468,2025-08-06 16:00,2025-08-09 03:54,Cliente 004,Centro,Vitrina refrigerada,Correctivo,Falla de compresor,TEC-025,Si,59.9,9440.88,No,Cerrado
F-202500085,2025-08-18 11:00,2025-08-19 03:48,Cliente 006,Norte,Refrigerador vertical,Preventivo,Mantenimiento programado,TEC-024,No,16.8,1052.54,No,Cerrado
F-202500702,2025-08-13 15:00,2025-08-16 16:48,Cliente 040,Centro,Camara fria,Correctivo,Fuga de refrigerante,TEC-014,Si,73.8,16564.78,No,Cerrado
F-202500010,2025-02-04 10:00,2025-02-05 13:12,Cliente 044,Norte,Congelador horizontal,Correctivo,Acumulacion de hielo,TEC-021,No,27.2,3846.68,No,Cerrado
F-202500605,2025-10-29 16:00,2025-10-29 22:42,Cliente 060,Centro,Vitrina refrigerada,Preventivo,Mantenimiento programado,TEC-027,No,6.7,1613.65,No,Cerrado
F-202500879,2025-07-20 11:00,2025-07-23 19:24,Cliente 024, Occidente ,Refrigerador vertical,Correctivo,Fuga de refrigerante,TEC-032,Si,80.4,13674.53,No,Cerrado
F-202500774,2025-09-19 16:00,2025-09-19 22:30,Cliente 057,Centro,Refrigerador vertical,Preventivo,Mantenimiento programado,TEC-002,No,6.5,1823.05,No,Cerrado
F-202500277,2025-06-20 08:00,2025-06-23 03:24,Cliente 053,Norte,Refrigerador vertical,Correctivo,Fuga de refrigerante,TEC-003,Si,67.4,5229.49,No,Cerrado
F-202500089,2025-10-08 08:00,2025-10-11 04:06,Cliente 025, Sureste ,Congelador horizontal,Instalacion,Termostato descalibrado,TEC-011,Si,68.1,15723.26,No,Cerrado
F-202500091,2025-06-08 10:00,2025-06-10 22:24,Cliente 053,Centro,Congelador horizontal,Correctivo,Fuga de refrigerante,TEC-032,Si,60.4,10890.26,Si,Cerrado
F-202500766,2025-10-12 18:00,2025-10-13 21:00,Cliente 036,Centro,Vitrina refrigerada,Correctivo,Puerta / empaque danado,TEC-032,No,27.0,2062.16,No,Cerrado
F-202500281,2025-04-11 18:00,2025-04-12 11:06,Cliente 045,Occidente,Congelador horizontal,Correctivo,Problema electrico,TEC-010,No,17.1,3104.41,No,Cerrado
F-202501008,2025-07-03 15:00,2025-07-04 12:42,Cliente 023,Centro,Camara fria,Instalacion,Fuga de refrigerante,TEC-032,No,21.7,4366.29,No,Cerrado
F-202500652,2025-08-27 10:00,2025-08-28 17:12,Cliente 055,Centro,Refrigerador vertical,Preventivo,Mantenimiento programado,TEC-007,Si,31.2,5883.58,No,Cerrado
F-202500993,2025-03-13 14:00,2025-03-16 20:06,Cliente 031,Bajio,Congelador horizontal,Correctivo,Falla de compresor,TEC-017,Si,,10240.66,Si,Cerrado
F-202500366,2025-07-09 18:00,2025-07-10 10:12,Cliente 053,Centro,Camara fria,Preventivo,Mantenimiento programado,TEC-018,No,16.2,2545.23,No,Cerrado
F-202500024,2025-12-05 15:00,2025-12-05 23:24,Cliente 051,Bajio,Maquina de hielo,Correctivo,Fuga de refrigerante,TEC-028,No,8.4,3230.44,Si,Cerrado
F-202500677,2025-07-31 12:00,2025-08-02 01:36,Cliente 020,Sureste,Vitrina refrigerada,Correctivo,Puerta / empaque danado,TEC-025,Si,37.6,9787.57,No,Cerrado
F-202500999,2025-12-18 10:00,2025-12-18 20:18,Cliente 058,Centro,Refrigerador vertical,Preventivo,Mantenimiento programado,TEC-015,No,10.3,1545.14,No,Cerrado
F-202500311,2025-09-01 11:00,2025-09-04 17:18,Cliente 060,Occidente,Refrigerador vertical,Correctivo,Fuga de refrigerante,TEC-013,Si,78.3,14671.32,No,Cerrado
F-202501061,2025-10-09 11:00,2025-10-09 17:12,Cliente 046,Occidente,Refrigerador vertical,Preventivo,Mantenimiento programado,TEC-004,No,6.2,1589.65,No,En proceso
F-202500641,2025-09-02 10:00,2025-09-02 23:24,Cliente 035,Centro,Refrigerador vertical,Preventivo,Mantenimiento programado,TEC-021,Si,13.4,6399.76,Si,Cerrado
F-202500241,2025-02-21 15:00,2025-02-22 04:12,Cliente 008,Occidente,Refrigerador vertical,Correctivo,Termostato descalibrado,TEC-028,No,13.2,4389.7,No,Cerrado
F-202500667,2025-07-03 15:00,2025-07-05 07:18,Cliente 039,Bajio,Camara fria,Correctivo,Termostato descalibrado,TEC-023,No,40.3,4490.54,No,Cerrado
F-202501228,2025-12-26 07:00,2025-12-27 07:42,Cliente 045,Bajio,Camara fria,Preventivo,Mantenimiento programado,TEC-023,No,24.7,1411.52,No,Cerrado
F-202500099,2025-08-21 12:00,2025-08-23 16:36,Cliente 045,Bajio,Camara fria,Correctivo,Termostato descalibrado,TEC-011,Si,52.6,9900.32,No,Cerrado
F-202500168,2025-03-02 14:00,2025-03-06 12:48,Cliente 046,Centro,Refrigerador vertical,Correctivo,Puerta / empaque danado,TEC-023,Si,94.8,18406.46,No,Cerrado
F-202500497,2025-02-13 13:00,2025-02-16 11:06,Cliente 003,Norte,Vitrina refrigerada,Correctivo,Falla de compresor,TEC-027,Si,70.1,9896.5,No,Cerrado
F-202500276,2025-06-26 18:00,2025-06-28 08:18,Cliente 019,Sureste,Vitrina refrigerada,Preventivo,Mantenimiento programado,TEC-026,No,38.3,1151.28,Si,Cerrado
F-202501114,2025-04-17 16:00,2025-04-18 11:24,Cliente 015,Centro,Refrigerador vertical,Preventivo,Mantenimiento programado,TEC-018,No,19.4,1917.25,No,Cerrado
F-202500715,2025-12-02 15:00,2025-12-03 18:30,Cliente 048,Centro,Vitrina refrigerada,Correctivo,Problema electrico,TEC-004,No,27.5,11663.37,No,Cerrado
F-202501197,2025-09-18 13:00,2025-09-19 12:42,Cliente 052,Centro,Congelador horizontal,Correctivo,Acumulacion de hielo,TEC-038,No,23.7,2848.4,No,Cerrado
F-202500332,2025-05-16 17:00,2025-05-17 20:36,Cliente 052,Centro,Vitrina refrigerada,Correctivo,Problema electrico,TEC-016,No,27.6,10946.42,No,Cerrado
F-202500220,2025-11-26 18:00,2025-11-29 02:00,Cliente 013,Centro,Congelador horizontal,Correctivo,Puerta / empaque danado,TEC-024,Si,56.0,4308.9,No,Cerrado
F-202500434,2025-02-17 07:00,2025-02-19 12:06,Cliente 044,Centro,Congelador horizontal,Correctivo,Problema electrico,TEC-012,Si,53.1,18541.88,No,Cerrado
F-202501373,2025-06-14 09:00,2025-06-16 02:54,Cliente 012,Occidente,Maquina de hielo,Correctivo,Puerta / empaque danado,TEC-030,Si,41.9,4483.2,Si,Cerrado
F-202501219,2025-10-23 14:00,2025-10-27 01:36,Cliente 040,Occidente,Congelador horizontal,Correctivo,Fuga de refrigerante,TEC-006,Si,83.6,17288.04,No,Cerrado
F-202500487,2025-05-02 14:00,2025-05-03 02:42,Cliente 044,Centro,Camara fria,Correctivo,Puerta / empaque danado,TEC-025,No,12.7,10425.34,Si,Cerrado
F-202500532,2025-03-02 12:00,2025-03-03 07:06,Cliente 042,Norte,Refrigerador vertical,Preventivo,Mantenimiento programado,TEC-013,No,19.1,1174.98,No,Cerrado
F-202501236,2025-05-07 07:00,2025-05-09 06:48,Cliente 040,Bajio,Refrigerador vertical,Correctivo,Puerta / empaque danado,TEC-027,Si,47.8,14390.57,No,Cerrado
F-202500261,2025-10-17 14:00,2025-10-18 11:54,Cliente 056,Centro,Camara fria,Correctivo,Fuga de refrigerante,TEC-006,No,21.9,6888.08,No,Cerrado
F-202500811,2025-01-17 15:00,2025-01-18 14:54,Cliente 054,Sureste,Camara fria,Correctivo,Problema electrico,TEC-006,No,23.9,12834.57,Si,Cerrado
F-202500306,2025-02-21 17:00,2025-02-23 15:06,Cliente 030,Sureste,Camara fria,Correctivo,Problema electrico,TEC-029,No,46.1,7654.86,No,Cerrado
F-202501201,2025-11-17 17:00,2025-11-18 05:00,Cliente 025,Bajio,Vitrina refrigerada,Preventivo,Mantenimiento programado,TEC-002,No,12.0,2268.98,No,Cerrado
F-202500197,2025-05-06 14:00,2025-05-07 22:24,Cliente 002,Centro,Camara fria,Correctivo,Falla de compresor,TEC-026,No,32.4,2972.73,No,Cerrado
F-202500495,2025-04-16 08:00,2025-04-18 17:36,Cliente 004,Centro,Refrigerador vertical,Correctivo,Fuga de refrigerante,TEC-034,Si,57.6,7336.35,No,Cerrado
F-202500111,2025-04-12 11:00,2025-04-14 10:30,Cliente 054,Centro,Vitrina refrigerada,Correctivo,Puerta / empaque danado,TEC-037,Si,47.5,10602.6,No,Cerrado
F-202501109,2025-12-10 11:00,2025-12-11 04:24,Cliente 020,Norte,Refrigerador vertical,Correctivo,Acumulacion de hielo,TEC-033,No,17.4,9495.89,Si,Cerrado
F-202500514,2025-10-26 16:00,2025-10-28 02:00,Cliente 052,Norte,Camara fria,Preventivo,Mantenimiento programado,TEC-023,No,34.0,1777.56,No,Cerrado
F-202500692,2025-10-18 10:00,2025-10-19 22:42,Cliente 006,Occidente,Congelador horizontal,Correctivo,Acumulacion de hielo,TEC-011,No,36.7,7216.71,No,Cerrado
F-202500370,2025-10-09 09:00,2025-10-12 08:54,Cliente 059,OCCIDENTE,Camara fria,Correctivo,Fuga de refrigerante,TEC-010,Si,71.9,7159.6,No,Cerrado
F-202500794,2025-10-29 09:00,2025-10-30 13:12,Cliente 021,Centro,Congelador horizontal,Correctivo,Acumulacion de hielo,TEC-023,No,28.2,7630.86,No,Cerrado
F-202501099,2025-01-16 07:00,2025-01-17 17:06,Cliente 024,Occidente,Congelador horizontal,Correctivo,Acumulacion de hielo,TEC-032,Si,34.1,16318.51,No,Cerrado
F-202500927,2025-07-17 11:00,2025-07-19 07:36,Cliente 058,Centro,Maquina de hielo,Correctivo,Puerta / empaque danado,TEC-036,No,44.6,3427.83,No,Cerrado
F-202500274,2025-12-16 16:00,2025-12-16 23:30,Cliente 031,Centro,Vitrina refrigerada,Correctivo,Acumulacion de hielo,TEC-024,No,7.5,12184.16,No,Cerrado
F-202500397,2025-01-17 18:00,2025-01-18 23:12,Cliente 012,Norte,Refrigerador vertical,Correctivo,Problema electrico,TEC-020,No,29.2,7615.67,No,Cerrado
F-202500114,2025-06-17 10:00,2025-06-18 05:30,Cliente 020,Occidente,Camara fria,Preventivo,Mantenimiento programado,TEC-035,No,19.5,1381.39,No,Cerrado
F-202500798,2025-06-17 17:00,2025-06-20 00:24,Cliente 044,Bajio,Vitrina refrigerada,Correctivo,Fuga de refrigerante,TEC-033,Si,55.4,8827.14,No,Cerrado
F-202501075,2025-06-20 08:00,2025-06-22 21:06,Cliente 015,Bajio,Maquina de hielo,Correctivo,Fuga de refrigerante,TEC-025,Si,61.1,10012.75,No,Cerrado
F-202501063,2025-02-22 12:00,2025-02-24 10:48,Cliente 035,Centro,Camara fria,Correctivo,Problema electrico,TEC-013,Si,46.8,14815.04,No,En proceso
F-202500962,2025-05-30 16:00,2025-05-31 21:42,Cliente 023,Centro,Refrigerador vertical,Instalacion,Falla de compresor,TEC-008,No,29.7,5886.52,No,Cerrado
F-202500419,2025-04-19 08:00,2025-04-22 21:36,Cliente 054,Bajio,Refrigerador vertical,Correctivo,Falla de compresor,TEC-013,Si,85.6,,No,En proceso
F-202500376,2025-02-04 08:00,2025-02-05 11:12,Cliente 040,Norte,Congelador horizontal,Correctivo,Fuga de refrigerante,TEC-031,Si,27.2,13178.07,No,Cerrado
F-202500464,2025-06-02 11:00,2025-06-04 15:12,Cliente 060,Norte,Refrigerador vertical,Correctivo,Termostato descalibrado,TEC-012,No,52.2,7155.47,No,Cerrado
F-202500471,2025-09-27 07:00,2025-09-28 02:36,Cliente 031,Centro,Maquina de hielo,Correctivo,Termostato descalibrado,TEC-009,No,19.6,7788.59,No,Cerrado
F-202501100,2025-06-08 18:00,2025-06-10 01:48,Cliente 058,Bajio,Congelador horizontal,Correctivo,Termostato descalibrado,TEC-028,No,31.8,10984.4,No,cerrado
F-202500560,2025-11-07 09:00,2025-11-10 23:36,Cliente 058,Norte,Camara fria,Instalacion,Termostato descalibrado,TEC-011,Si,86.6,7559.22,No,Cerrado
F-202500303,2025-01-04 15:00,2025-01-06 15:54,Cliente 004,Bajio,Maquina de hielo,Correctivo,Acumulacion de hielo,TEC-029,No,48.9,9497.71,No,Cerrado
F-202500583,2025-02-08 07:00,2025-02-09 09:54,Cliente 045,Occidente,Maquina de hielo,Preventivo,Mantenimiento programado,TEC-033,Si,26.9,7429.02,Si,Cerrado
F-202500799,2025-04-26 13:00,2025-04-27 11:42,Cliente 035,Centro,Maquina de hielo,Correctivo,Termostato descalibrado,TEC-014,No,22.7,9587.5,No,Cerrado
F-202500012,2025-12-23 13:00,2025-12-26 02:36,Cliente 006,Sureste,Vitrina refrigerada,Correctivo,Fuga de refrigerante,TEC-022,Si,61.6,6264.94,No,Cerrado
F-202501202,2025-06-24 09:00,2025-06-25 15:48,Cliente 022,Norte,Refrigerador vertical,Correctivo,Falla de compresor,TEC-020,No,,8229.66,Si,Cerrado
F-202500539,2025-07-17 18:00,2025-07-23 08:30,Cliente 046,Centro,Refrigerador vertical,Correctivo,Termostato descalibrado,TEC-009,Si,134.5,7986.83,No,Cerrado
F-202500628,2025-05-15 18:00,2025-05-16 13:12,Cliente 007,Bajio,Vitrina refrigerada,Correctivo,Termostato descalibrado,TEC-011,No,19.2,10060.69,No,Cerrado
F-202500282,2025-06-27 07:00,2025-06-27 17:00,Cliente 030,Occidente,Congelador horizontal,Preventivo,Mantenimiento programado,TEC-028,No,10.0,1444.18,No,Cerrado
F-202500984,2025-08-25 11:00,2025-08-25 23:54,Cliente 020,Centro,Congelador horizontal,Preventivo,Mantenimiento programado,TEC-005,No,12.9,1673.1,No,Cerrado
F-202500829,2025-11-12 10:00,2025-11-13 16:30,Cliente 003,Centro,Camara fria,Correctivo,Fuga de refrigerante,TEC-021,Si,30.5,6444.34,No,Cerrado
F-202500224,2025-03-15 07:00,2025-03-16 08:12,Cliente 046,Centro,Camara fria,Correctivo,Acumulacion de hielo,TEC-021,No,25.2,11602.48,No,Cerrado
F-202500673,2025-08-21 11:00,2025-08-22 03:18,Cliente 030,Centro,Refrigerador vertical,Preventivo,Mantenimiento programado,TEC-001,No,16.3,1083.88,No,Cerrado
F-202500967,2025-08-08 11:00,2025-08-10 16:48,Cliente 018,Centro,Refrigerador vertical,Correctivo,Termostato descalibrado,TEC-026,Si,53.8,13061.38,No,Cerrado
F-202501150,2025-11-07 08:00,2025-11-09 15:12,Cliente 014,Centro,Refrigerador vertical,Correctivo,Falla de compresor,TEC-017,Si,55.2,12401.82,No,Cerrado
F-202501094,2025-05-24 14:00,2025-05-26 09:06,Cliente 014,Sureste,Refrigerador vertical,Preventivo,Mantenimiento programado,TEC-030,No,43.1,2158.71,No,Cerrado
F-202500611,2025-11-01 12:00,2025-11-02 21:06,Cliente 005,Centro,Camara fria,Correctivo,Termostato descalibrado,,No,33.1,5771.86,No,Cerrado
F-202500995,2025-07-13 12:00,2025-07-14 03:48,Cliente 059,Norte,Camara fria,Preventivo,Mantenimiento programado,TEC-003,No,15.8,2564.8,No,Cerrado
F-202500581,2025-02-04 14:00,2025-02-05 17:36,Cliente 041,Occidente,Refrigerador vertical,Correctivo,Problema electrico,TEC-005,No,27.6,4318.1,No,Cerrado
F-202501046,2025-02-26 17:00,2025-02-28 18:48,Cliente 030,Norte,Refrigerador vertical,Preventivo,Mantenimiento programado,TEC-027,Si,49.8,5551.12,No,Cerrado
F-202500078,2025-03-24 11:00,2025-03-24 22:54,Cliente 010,Sureste,Refrigerador vertical,Preventivo,Mantenimiento programado,TEC-002,No,11.9,2283.95,Si,Cerrado
F-202500548,2025-08-04 18:00,2025-08-05 16:00,Cliente 037,Sureste,Camara fria,Correctivo,Acumulacion de hielo,TEC-006,No,22.0,10366.22,No,Cerrado
F-202500833,2025-06-15 18:00,2025-06-18 22:18,Cliente 038,Centro,Camara fria,Correctivo,Falla de compresor,TEC-038,Si,76.3,14154.98,No,Cerrado
F-202500749,2025-04-25 17:00,2025-04-26 01:06,Cliente 039,Occidente,Congelador horizontal,Preventivo,Mantenimiento programado,TEC-007,No,8.1,1623.76,No,Cerrado
F-202500827,2025-09-06 17:00,2025-09-09 11:54,Cliente 005,Norte,Vitrina refrigerada,Correctivo,Falla de compresor,TEC-007,Si,66.9,18826.84,No,Cerrado
F-202500126,2025-07-26 07:00,2025-07-28 23:30,Cliente 032,Centro,Camara fria,Correctivo,Falla de compresor,TEC-021,No,64.5,5720.61,No,Cerrado
F-202500758,2025-05-20 14:00,2025-05-22 18:48,Cliente 003,Centro,Maquina de hielo,Correctivo,Fuga de refrigerante,TEC-007,Si,52.8,17444.43,No,Cerrado
F-202501067,2025-12-04 10:00,2025-12-06 13:18,Cliente 048,Occidente,Camara fria,Correctivo,Falla de compresor,TEC-012,Si,51.3,15931.27,No,Cerrado
F-202500577,2025-12-04 18:00,2025-12-05 13:24,Cliente 052,Bajio,Congelador horizontal,Correctivo,Acumulacion de hielo,TEC-029,No,19.4,11958.26,No,Cerrado
F-202500622,2025-06-24 14:00,2025-06-25 11:00,Cliente 043,Centro,Refrigerador vertical,Correctivo,Fuga de refrigerante,TEC-037,Si,21.0,6615.1,No,Cerrado
F-202500768,2025-06-24 17:00,2025-06-25 22:42,Cliente 050,Bajio,Refrigerador vertical,Correctivo,Problema electrico,TEC-013,No,29.7,1887.26,Si,Cerrado
F-202500978,2025-07-28 08:00,2025-07-30 13:24,Cliente 046,Norte,Congelador horizontal,Correctivo,Fuga de refrigerante,TEC-014,Si,53.4,14641.36,No,Cerrado
F-202501031,2025-06-27 08:00,2025-06-27 23:00,Cliente 024,Occidente,Refrigerador vertical,Preventivo,Mantenimiento programado,TEC-003,No,15.0,1190.15,No,Cerrado
F-202501292,2025-11-10 14:00,2025-11-10 23:30,Cliente 047,Bajio,Vitrina refrigerada,Preventivo,Mantenimiento programado,,No,9.5,,No,Cerrado
F-202500803,2025-07-08 07:00,2025-07-09 05:48,Cliente 018,Sureste,Refrigerador vertical,Preventivo,Mantenimiento programado,TEC-003,No,22.8,1664.69,No,Cerrado
F-202500845,2025-01-02 15:00,2025-01-04 03:06,Cliente 024,Bajio,Congelador horizontal,Correctivo,Problema electrico,TEC-028,No,36.1,9594.62,No,Cerrado
F-202501208,2025-09-21 10:00,2025-09-23 00:30,Cliente 020,Centro,Congelador horizontal,Correctivo,Acumulacion de hielo,TEC-008,Si,,14134.41,No,Cerrado
F-202500102,2025-03-14 10:00,2025-03-14 20:06,Cliente 047,Sureste,Maquina de hielo,Preventivo,Mantenimiento programado,TEC-034,No,10.1,,No,Cerrado
F-202501229,2025-02-26 14:00,2025-02-27 01:18,Cliente 005,Centro,Refrigerador vertical,Instalacion,Termostato descalibrado,TEC-035,No,11.3,1716.21,Si,En proceso
F-202500260,2025-08-03 10:00,2025-08-04 09:18,Cliente 009,Centro,Refrigerador vertical,Preventivo,Mantenimiento programado,TEC-012,No,23.3,2203.24,No,Cerrado
F-202500283,2025-09-02 07:00,2025-09-03 09:30,Cliente 042,Occidente,Camara fria,Preventivo,Mantenimiento programado,TEC-002,Si,26.5,5879.43,No,Cerrado
F-202500635,2025-03-08 18:00,2025-03-10 01:42,Cliente 011,Centro,Congelador horizontal,Correctivo,Falla de compresor,TEC-034,No,,5164.63,No,Cerrado
F-202501350,2025-08-06 18:00,2025-08-08 00:24,Cliente 034,Centro,Refrigerador vertical,Correctivo,Problema electrico,TEC-002,No,30.4,7989.86,Si,Cerrado
F-202500475,2025-08-20 11:00,2025-08-21 03:42,Cliente 057,Sureste,Vitrina refrigerada,Preventivo,Mantenimiento programado,TEC-034,No,16.7,1262.56,No,Cerrado
F-202500456,2025-07-22 17:00,2025-07-23 10:42,Cliente 002,Sureste,Vitrina refrigerada,Preventivo,Mantenimiento programado,TEC-010,No,17.7,1380.14,No,Cerrado
F-202500321,2025-04-28 08:00,2025-05-01 07:12,Cliente 056,Centro,Congelador horizontal,Correctivo,Puerta / empaque danado,TEC-026,Si,71.2,18137.82,No,Cerrado
F-202500435,2025-06-08 11:00,2025-06-09 05:54,Cliente 055,Centro,Congelador horizontal,Preventivo,Mantenimiento programado,TEC-016,No,18.9,2061.77,No,Cerrado
F-202501381,2025-12-24 10:00,2025-12-24 17:06,Cliente 056,Centro,Vitrina refrigerada,Preventivo,Mantenimiento programado,TEC-020,No,7.1,1382.56,No,Cerrado
F-202500300,2025-01-08 18:00,2025-01-09 10:18,Cliente 046,Norte,Congelador horizontal,Preventivo,Mantenimiento programado,TEC-037,No,16.3,2275.12,No,Cerrado
F-202500437,2025-07-27 18:00,2025-07-28 17:06,Cliente 046,Centro,Maquina de hielo,Correctivo,Termostato descalibrado,TEC-013,No,23.1,9495.41,No,Cerrado
F-202501303,2025-09-13 09:00,2025-09-14 06:00,Cliente 043,Bajio,Refrigerador vertical,Correctivo,Termostato descalibrado,TEC-007,No,21.0,2835.18,No,Cerrado
F-202500439,2025-01-30 09:00,2025-02-01 07:30,Cliente 021,Occidente,Refrigerador vertical,Correctivo,Termostato descalibrado,TEC-012,No,46.5,6925.24,No,Cerrado
F-202500326,2025-03-26 16:00,2025-03-29 13:48,Cliente 043,centro,Congelador horizontal,Correctivo,Falla de compresor,TEC-029,Si,69.8,7296.01,No,Cerrado
F-202500404,2025-12-21 10:00,2025-12-22 10:42,Cliente 020,Norte,Camara fria,Preventivo,Mantenimiento programado,TEC-023,No,24.7,2261.78,No,Cerrado
F-202500565,2025-11-21 16:00,2025-11-23 18:00,Cliente 037,Norte,Refrigerador vertical,Correctivo,Falla de compresor,TEC-019,No,50.0,1584.87,No,Cerrado
F-202500293,2025-12-15 14:00,2025-12-16 01:12,Cliente 015,centro,Vitrina refrigerada,Instalacion,Termostato descalibrado,TEC-001,No,11.2,11589.04,No,Cerrado
F-202500279,2025-01-24 18:00,2025-01-25 03:30,Cliente 015,Occidente,Camara fria,Preventivo,Mantenimiento programado,TEC-007,No,9.5,2251.64,No,Cerrado
F-202500656,2025-07-14 11:00,2025-07-16 11:48,Cliente 035,Bajio,Vitrina refrigerada,Instalacion,Fuga de refrigerante,TEC-032,Si,48.8,6724.32,No,Cerrado
F-202501244,2025-06-28 12:00,2025-06-30 03:42,Cliente 048,Occidente,Maquina de hielo,Preventivo,Mantenimiento programado,TEC-009,Si,39.7,4193.59,No,Cerrado
F-202500733,2025-12-03 13:00,2025-12-04 05:24,Cliente 048,Sureste,Refrigerador vertical,Preventivo,Mantenimiento programado,TEC-003,No,16.4,1435.9,No,Cerrado
F-202500554,2025-04-27 12:00,2025-04-30 03:42,Cliente 027,Sureste,Refrigerador vertical,Correctivo,Falla de compresor,TEC-024,Si,63.7,14976.44,No,Cerrado
F-202500095,2025-11-24 11:00,2025-11-25 20:48,Cliente 026,Bajio,Maquina de hielo,Preventivo,Mantenimiento programado,TEC-032,No,33.8,1297.7,No,Cerrado
F-202501354,2025-12-01 14:00,2025-12-03 16:12,Cliente 050,Centro,Refrigerador vertical,Correctivo,Acumulacion de hielo,TEC-008,No,50.2,6267.57,No,Cerrado
F-202500246,2025-01-31 10:00,2025-02-01 06:54,Cliente 041, Bajio ,Maquina de hielo,Correctivo,Problema electrico,TEC-003,No,20.9,2818.86,No,Cerrado
F-202500946,2025-02-13 10:00,2025-02-14 03:18,Cliente 028,Centro,Vitrina refrigerada,Preventivo,Mantenimiento programado,TEC-001,No,17.3,1709.62,No,Cerrado
F-202501192,2025-04-12 11:00,2025-04-13 19:24,Cliente 008,Sureste,Refrigerador vertical,Correctivo,Termostato descalibrado,TEC-016,Si,32.4,13602.84,Si,Cerrado
F-202500776,2025-12-14 16:00,2025-12-16 23:42,Cliente 054,Norte,Refrigerador vertical,Correctivo,Fuga de refrigerante,TEC-015,No,55.7,12062.47,No,Cerrado
F-202500427,2025-11-12 08:00,2025-11-12 17:42,Cliente 013,BAJIO,Camara fria,Preventivo,Mantenimiento programado,TEC-020,No,9.7,998.47,No,Cerrado
F-202501187,2025-02-21 11:00,2025-02-24 01:18,Cliente 046,Centro,Congelador horizontal,Correctivo,Falla de compresor,TEC-021,Si,62.3,6484.58,No,Cerrado
F-202500150,2025-01-22 07:00,2025-01-24 10:12,Cliente 018,Centro,Vitrina refrigerada,Preventivo,Mantenimiento programado,TEC-020,Si,51.2,5301.08,No,Cerrado
F-202500227,2025-10-23 13:00,2025-10-24 13:18,Cliente 030,Bajio,Refrigerador vertical,Correctivo,Fuga de refrigerante,TEC-037,No,24.3,6966.72,No,Cerrado
F-202500866,2025-09-12 08:00,2025-09-12 21:42,Cliente 052,Centro,Refrigerador vertical,Correctivo,Termostato descalibrado,TEC-005,No,13.7,7043.57,No,Cerrado
F-202500968,2025-04-26 09:00,2025-04-27 18:36,Cliente 004,Bajio,Refrigerador vertical,Preventivo,Mantenimiento programado,TEC-004,No,33.6,2088.11,No,Cerrado
F-202501119,2025-09-21 08:00,2025-09-22 22:42,Cliente 014,Norte,Camara fria,Correctivo,Termostato descalibrado,TEC-012,No,38.7,11413.41,No,Cerrado
F-202500901,2025-01-02 10:00,2025-01-04 07:24,Cliente 012,Sureste,Vitrina refrigerada,Correctivo,Fuga de refrigerante,TEC-028,Si,45.4,8069.08,No,Cerrado
F-202500700,2025-02-04 09:00,2025-02-04 16:42,Cliente 019,Centro,Vitrina refrigerada,Preventivo,Mantenimiento programado,TEC-025,No,7.7,1230.23,No,Cerrado
F-202500602,2025-10-12 07:00,2025-10-13 11:42,Cliente 002,Bajio,Vitrina refrigerada,Correctivo,Problema electrico,,No,28.7,6164.45,No,Cerrado
F-202501059,2025-06-04 12:00,2025-06-05 15:30,Cliente 006,Centro,Vitrina refrigerada,Correctivo,Puerta / empaque danado,TEC-002,Si,27.5,17239.15,No,Cerrado
F-202500218,2025-02-05 13:00,2025-02-06 21:42,Cliente 039,Norte,Congelador horizontal,Correctivo,Termostato descalibrado,TEC-003,No,32.7,12436.4,No,Cerrado
F-202501097,2025-11-01 16:00,2025-11-03 15:00,Cliente 035,Norte,Refrigerador vertical,Instalacion,Puerta / empaque danado,TEC-028,No,47.0,1671.13,No,Cerrado
F-202500818,2025-02-08 18:00,2025-02-10 04:00,Cliente 037,Sureste,Congelador horizontal,Correctivo,Puerta / empaque danado,TEC-030,No,34.0,4831.65,No,Cerrado
F-202500221,2025-02-16 10:00,2025-02-17 11:24,Cliente 026,CENTRO,Refrigerador vertical,Correctivo,Problema electrico,TEC-021,No,25.4,10740.26,No,Cerrado
F-202500214,2025-06-14 15:00,2025-06-16 00:18,Cliente 058,Bajio,Camara fria,Correctivo,Acumulacion de hielo,TEC-035,No,33.3,9449.58,No,Cerrado
F-202501329,2025-09-04 13:00,2025-09-06 09:12,Cliente 041,Bajio,Vitrina refrigerada,Instalacion,Falla de compresor,TEC-028,Si,44.2,2824.45,No,Cerrado
F-202500908,2025-03-05 08:00,2025-03-08 02:48,Cliente 055,Bajio,Camara fria,Correctivo,Fuga de refrigerante,TEC-009,Si,66.8,9032.97,No,Cerrado
F-202500395,2025-09-20 12:00,2025-09-22 20:54,Cliente 016,Sureste,Camara fria,Correctivo,Fuga de refrigerante,TEC-024,Si,56.9,17912.08,No,Cerrado
F-202500368,2025-04-26 12:00,2025-05-01 14:18,Cliente 045,Centro,Congelador horizontal,Correctivo,Puerta / empaque danado,TEC-033,Si,122.3,16893.16,No,Cerrado
F-202500925,2025-04-01 15:00,2025-04-03 08:36,Cliente 036,Centro,Vitrina refrigerada,Correctivo,Termostato descalibrado,TEC-011,Si,,12398.29,No,Cerrado
F-202500013,2025-09-26 10:00,2025-09-29 05:42,Cliente 005,Occidente,Camara fria,Correctivo,Fuga de refrigerante,TEC-003,Si,67.7,7041.99,No,Cerrado
F-202501319,2025-06-13 13:00,2025-06-15 13:54,Cliente 015,Centro,Refrigerador vertical,Correctivo,Fuga de refrigerante,TEC-028,Si,48.9,8241.12,No,Cerrado
F-202501223,2025-12-17 08:00,2025-12-17 16:36,Cliente 015,Centro,Refrigerador vertical,Preventivo,Mantenimiento programado,TEC-019,No,8.6,1405.86,No,Cerrado
F-202500235,2025-06-29 11:00,2025-07-02 06:42,Cliente 020,Sureste,Maquina de hielo,Correctivo,Termostato descalibrado,TEC-009,No,67.7,4901.93,No,Cerrado
F-202500696,2025-04-03 16:00,2025-04-04 04:30,Cliente 002,Bajio,Vitrina refrigerada,Correctivo,Acumulacion de hielo,TEC-026,No,12.5,11090.17,Si,Cerrado
F-202501085,2025-03-15 11:00,2025-03-17 01:18,Cliente 006,Occidente,Maquina de hielo,Correctivo,Acumulacion de hielo,TEC-030,No,38.3,12408.78,No,Cerrado
F-202501345,2025-03-10 09:00,2025-03-10 17:54,Cliente 043,Bajio,Refrigerador vertical,Correctivo,Fuga de refrigerante,TEC-024,No,8.9,6937.77,No,Cerrado
F-202501268,2025-05-17 18:00,2025-05-19 18:54,Cliente 042,Centro,Camara fria,Correctivo,Falla de compresor,TEC-009,Si,48.9,7277.8,No,Cerrado
F-202500064,2025-12-20 07:00,2025-12-20 22:42,Cliente 058,Centro,Congelador horizontal,Preventivo,Mantenimiento programado,TEC-007,No,15.7,1789.04,No,Cerrado
F-202500735,2025-03-18 12:00,2025-03-18 16:24,Cliente 058,Bajio,Vitrina refrigerada,Preventivo,Mantenimiento programado,TEC-006,No,4.4,2167.7,No,Cerrado
F-202501024,2025-11-04 16:00,2025-11-04 23:54,Cliente 018,Centro,Congelador horizontal,Correctivo,Termostato descalibrado,TEC-015,No,7.9,4236.07,No,Cerrado
F-202500965,2025-12-13 16:00,2025-12-14 17:48,Cliente 035,Norte,Congelador horizontal,Preventivo,Mantenimiento programado,TEC-005,No,25.8,881.96,No,Cerrado
F-202500608,2025-07-07 08:00,2025-07-09 06:12,Cliente 010,Centro,Congelador horizontal,Correctivo,Problema electrico,TEC-031,No,46.2,1574.41,No,Cerrado
F-202500014,2025-10-05 16:00,2025-10-08 03:30,Cliente 042,Sureste,Congelador horizontal,Correctivo,Termostato descalibrado,TEC-003,No,59.5,7171.55,No,Cerrado
F-202500840,2025-11-29 17:00,2025-12-01 03:06,Cliente 027,Norte,Refrigerador vertical,Preventivo,Mantenimiento programado,TEC-037,Si,34.1,5573.7,No,Cerrado
F-202500436,2025-02-15 08:00,2025-02-16 22:12,Cliente 040,Centro,Congelador horizontal,Correctivo,Acumulacion de hielo,TEC-008,No,,4423.0,No,Cerrado
F-202500018,2025-02-16 12:00,2025-02-19 02:18,Cliente 021,Norte,Camara fria,Correctivo,Fuga de refrigerante,TEC-017,Si,62.3,8725.03,Si,Cerrado
F-202500765,2025-05-12 18:00,2025-05-13 19:54,Cliente 030,Occidente,Maquina de hielo,Correctivo,Falla de compresor,TEC-010,No,25.9,10083.92,No,Cerrado
F-202500349,2025-03-07 16:00,2025-03-07 23:48,Cliente 035,Bajio,Vitrina refrigerada,Preventivo,Mantenimiento programado,TEC-013,No,7.8,1755.95,No,Cerrado
F-202500208,2025-12-20 14:00,2025-12-23 03:24,Cliente 032,Centro,Congelador horizontal,Correctivo,Fuga de refrigerante,TEC-029,Si,61.4,5778.5,No,Cerrado
F-202501115,2025-03-12 08:00,2025-03-12 19:06,Cliente 011,Centro,Refrigerador vertical,Correctivo,Fuga de refrigerante,TEC-020,No,11.1,4502.17,No,Cerrado
F-202500342,2025-04-17 15:00,2025-04-18 15:42,Cliente 025,Centro,Congelador horizontal,Correctivo,Falla de compresor,TEC-031,Si,24.7,10898.64,No,En proceso
F-202500345,2025-11-27 09:00,2025-11-28 07:42,Cliente 046,Norte,Vitrina refrigerada,Correctivo,Termostato descalibrado,TEC-032,No,22.7,4800.87,No,En proceso
F-202501337,2025-08-21 13:00,2025-08-24 04:12,Cliente 032,Centro,Refrigerador vertical,Correctivo,Puerta / empaque danado,TEC-018,No,63.2,12501.95,No,Cerrado
F-202501312,2025-05-08 07:00,2025-05-10 02:48,Cliente 029,Centro,Vitrina refrigerada,Correctivo,Fuga de refrigerante,TEC-035,Si,43.8,9975.19,No,Cerrado
F-202500552,2025-05-24 14:00,2025-05-27 03:06,Cliente 038,Centro,Congelador horizontal,Correctivo,Fuga de refrigerante,TEC-019,Si,,10647.83,No,En proceso
F-202500599,2025-08-18 10:00,2025-08-20 01:30,Cliente 005,Occidente,Camara fria,Preventivo,Mantenimiento programado,TEC-037,Si,39.5,6293.2,No,Cerrado
F-202500033,2025-02-03 09:00,2025-02-03 18:06,Cliente 004,Centro,Refrigerador vertical,Preventivo,Mantenimiento programado,TEC-006,No,9.1,1935.43,No,Cerrado
F-202500373,2025-05-30 11:00,2025-06-01 06:18,Cliente 055,Norte,Vitrina refrigerada,Correctivo,Acumulacion de hielo,TEC-031,Si,43.3,7105.69,No,Cerrado
F-202500658,2025-08-20 15:00,2025-08-21 11:18,Cliente 013,Bajio,Vitrina refrigerada,Preventivo,Mantenimiento programado,TEC-034,No,20.3,2349.51,No,Cerrado
F-202500173,2025-10-09 15:00,2025-10-11 11:42,Cliente 032,Norte,Congelador horizontal,Correctivo,Termostato descalibrado,TEC-029,No,44.7,10503.33,No,Cerrado
F-202501087,2025-10-20 09:00,2025-10-21 11:54,Cliente 009,Occidente,Maquina de hielo,Preventivo,Mantenimiento programado,TEC-018,Si,26.9,4689.12,No,En proceso
F-202501322,2025-04-11 15:00,2025-04-12 23:54,Cliente 022,Occidente,Vitrina refrigerada,Correctivo,Termostato descalibrado,TEC-034,No,32.9,2246.21,No,Cerrado
F-202500409,2025-12-08 08:00,2025-12-09 19:30,Cliente 056,Bajio,Congelador horizontal,Correctivo,Fuga de refrigerante,TEC-024,Si,35.5,16840.87,No,Cerrado
F-202501051,2025-07-05 17:00,2025-07-08 23:36,Cliente 023,Norte,Refrigerador vertical,Correctivo,Fuga de refrigerante,TEC-010,Si,78.6,3496.38,No,Cerrado
F-202501366,2025-01-07 13:00,2025-01-11 03:36,Cliente 017,Sureste,Congelador horizontal,Correctivo,Acumulacion de hielo,TEC-015,Si,86.6,14285.74,No,Cerrado
F-202500201,2025-05-14 10:00,2025-05-15 01:36,Cliente 053,Sureste,Vitrina refrigerada,Preventivo,Mantenimiento programado,TEC-014,No,,2578.18,No,Cerrado
F-202500861,2025-12-20 07:00,2025-12-22 01:42,Cliente 040,Norte,Congelador horizontal,Correctivo,Falla de compresor,TEC-017,No,42.7,8300.6,No,Cerrado
F-202501344,2025-07-29 18:00,2025-08-01 21:42,Cliente 022,Occidente,Refrigerador vertical,Correctivo,Puerta / empaque danado,TEC-009,Si,75.7,3193.75,No,Cerrado
F-202501166,2025-02-08 12:00,2025-02-11 14:36,Cliente 024,Bajio,Congelador horizontal,Instalacion,Fuga de refrigerante,TEC-031,Si,74.6,14381.46,Si,cerrado
F-202501369,2025-12-18 12:00,2025-12-20 20:24,Cliente 060,Occidente,Refrigerador vertical,Correctivo,Puerta / empaque danado,TEC-038,Si,56.4,13702.82,Si,Cerrado
F-202501349,2025-09-26 11:00,2025-09-27 01:42,Cliente 018,Bajio,Refrigerador vertical,Preventivo,Mantenimiento programado,TEC-003,No,14.7,2353.51,No,Cerrado
F-202500490,2025-08-10 12:00,2025-08-11 02:12,Cliente 016,Bajio,Refrigerador vertical,Preventivo,Mantenimiento programado,TEC-018,No,14.2,1154.45,No,Cerrado
F-202501347,2025-11-09 09:00,2025-11-10 02:24,Cliente 051,Centro,Congelador horizontal,Instalacion,Problema electrico,TEC-032,No,17.4,8948.5,No,En proceso
F-202500213,2025-10-15 15:00,2025-10-16 05:18,Cliente 039,Occidente,Vitrina refrigerada,Preventivo,Mantenimiento programado,TEC-031,No,14.3,2148.95,No,Cerrado
F-202500134,2025-07-24 09:00,2025-07-25 20:54,Cliente 026,Norte,Vitrina refrigerada,Correctivo,Acumulacion de hielo,TEC-010,No,35.9,13598.34,No,Cerrado
F-202500061,2025-12-03 16:00,2025-12-06 14:42,Cliente 028,Occidente,Refrigerador vertical,Instalacion,Falla de compresor,TEC-010,Si,70.7,,No,Cerrado
F-202500691,2025-12-30 17:00,2026-01-01 11:12,Cliente 006,Bajio,Camara fria,Correctivo,Puerta / empaque danado,TEC-018,Si,42.2,12501.38,No,Cerrado
F-202500027,2025-05-27 15:00,2025-05-30 00:36,Cliente 054,Centro,Refrigerador vertical,Correctivo,Termostato descalibrado,TEC-036,Si,57.6,17823.5,No,Cerrado
F-202500101,2025-10-31 13:00,2025-11-01 08:18,Cliente 055,Norte,Refrigerador vertical,Correctivo,Problema electrico,TEC-038,No,19.3,4216.35,No,Cerrado
F-202500975,2025-02-23 15:00,2025-02-24 12:12,Cliente 039,Bajio,Vitrina refrigerada,Correctivo,Problema electrico,TEC-005,No,21.2,9722.99,No,Cerrado
F-202500777,2025-06-04 08:00,2025-06-06 14:42,Cliente 022,Bajio,Vitrina refrigerada,Correctivo,Fuga de refrigerante,TEC-021,Si,54.7,17107.01,No,Cerrado
F-202500789,2025-07-18 12:00,2025-07-19 11:12,Cliente 023,Centro,Vitrina refrigerada,Preventivo,Mantenimiento programado,TEC-038,No,23.2,989.45,No,Cerrado
F-202500521,2025-05-11 11:00,2025-05-12 16:18,Cliente 008,Bajio,Congelador horizontal,Correctivo,Fuga de refrigerante,TEC-018,No,29.3,10776.53,No,Cerrado
F-202500364,2025-11-23 14:00,2025-11-24 10:06,Cliente 028,CENTRO,Vitrina refrigerada,Preventivo,Mantenimiento programado,TEC-038,No,20.1,2458.96,No,Cerrado
F-202500310,2025-02-09 09:00,2025-02-10 13:06,Cliente 041,Centro,Maquina de hielo,Correctivo,Fuga de refrigerante,TEC-004,No,28.1,11924.53,No,Cerrado
F-202500796,2025-04-18 16:00,2025-04-19 10:00,Cliente 008,Occidente,Maquina de hielo,Correctivo,Puerta / empaque danado,TEC-032,Si,18.0,11514.76,No,Cerrado
F-202500829,2025-11-12 10:00,2025-11-13 16:30,Cliente 003,Centro,Camara fria,Correctivo,Fuga de refrigerante,TEC-021,Si,30.5,6444.34,No,cerrado
F-202501277,2025-08-28 18:00,2025-09-01 04:00,Cliente 039,Bajio,Camara fria,Correctivo,Acumulacion de hielo,TEC-004,Si,82.0,,No,Cerrado
F-202500545,2025-10-31 11:00,2025-11-02 06:42,Cliente 054,Occidente,Refrigerador vertical,Correctivo,Puerta / empaque danado,TEC-022,No,43.7,4837.96,Si,Cerrado
F-202500940,2025-07-05 08:00,2025-07-06 22:30,Cliente 024,Centro,Refrigerador vertical,Preventivo,Mantenimiento programado,TEC-006,No,,1433.32,No,Cerrado
F-202500442,2025-04-20 08:00,2025-04-21 13:24,Cliente 059,Norte,Camara fria,Correctivo,Acumulacion de hielo,TEC-027,No,29.4,10292.99,No,cerrado
F-202500648,2025-07-15 13:00,2025-07-16 04:36,Cliente 026,Norte,Vitrina refrigerada,Preventivo,Mantenimiento programado,TEC-012,No,15.6,1856.85,No,Cerrado
F-202501004,2025-11-20 13:00,2025-11-21 16:30,Cliente 040,Sureste,Congelador horizontal,Correctivo,Termostato descalibrado,TEC-008,No,27.5,5869.11,No,Cerrado
F-202500477,2025-11-06 09:00,2025-11-12 17:00,Cliente 003,Centro,Refrigerador vertical,Correctivo,Falla de compresor,TEC-034,Si,152.0,13930.77,No,Cerrado
F-202501047,2025-03-29 16:00,2025-03-30 23:42,Cliente 028,Centro,Vitrina refrigerada,Correctivo,Acumulacion de hielo,TEC-007,No,31.7,3034.23,No,Cerrado
F-202500063,2025-05-14 07:00,2025-05-15 01:12,Cliente 005,Centro,Refrigerador vertical,Correctivo,Puerta / empaque danado,TEC-028,No,18.2,9788.81,No,Cerrado
F-202501173,2025-05-23 15:00,2025-05-24 12:48,Cliente 054,Occidente,Refrigerador vertical,Correctivo,Problema electrico,TEC-001,No,21.8,3152.45,No,Cerrado
F-202500484,2025-10-18 17:00,2025-10-20 00:06,Cliente 015,Occidente,Congelador horizontal,Preventivo,Mantenimiento programado,TEC-013,No,31.1,2575.31,No,En proceso
F-202501027,2025-01-29 08:00,2025-01-30 19:54,Cliente 007,Centro,Refrigerador vertical,Correctivo,Fuga de refrigerante,TEC-008,Si,35.9,9853.17,No,Cerrado
F-202501282,2025-09-27 08:00,2025-09-30 19:36,Cliente 043,Occidente,Refrigerador vertical,Correctivo,Termostato descalibrado,TEC-025,Si,83.6,11020.21,No,En proceso
F-202500053,2025-05-13 07:00,2025-05-14 19:48,Cliente 051,Occidente,Vitrina refrigerada,Correctivo,Fuga de refrigerante,TEC-014,Si,36.8,,No,Cerrado
F-202500243,2025-02-04 12:00,2025-02-04 22:48,Cliente 038,Bajio,Vitrina refrigerada,Preventivo,Mantenimiento programado,TEC-013,No,10.8,1593.76,No,Cerrado
F-202501198,2025-12-25 15:00,2025-12-26 07:30,Cliente 037,Bajio,Refrigerador vertical,Correctivo,Problema electrico,TEC-018,No,16.5,7629.68,Si,Cerrado
F-202500036,2025-01-24 08:00,2025-01-25 23:00,Cliente 043,Sureste,Camara fria,Correctivo,Problema electrico,TEC-032,No,39.0,11224.14,No,Cerrado
F-202501203,2025-12-26 16:00,2025-12-27 19:42,Cliente 047,Bajio,Vitrina refrigerada,Correctivo,Acumulacion de hielo,TEC-017,No,27.7,12382.06,No,Cerrado
F-202500739,2025-09-27 13:00,2025-09-28 07:48,Cliente 054,Occidente,Congelador horizontal,Preventivo,Mantenimiento programado,TEC-024,No,18.8,2384.37,No,Cerrado
F-202500121,2025-06-10 17:00,2025-06-11 07:48,Cliente 034,Centro,Maquina de hielo,Preventivo,Mantenimiento programado,TEC-029,Si,14.8,6531.29,No,Cerrado
F-202501376,2025-12-17 10:00,2025-12-18 10:00,Cliente 004,Bajio,Refrigerador vertical,Correctivo,Puerta / empaque danado,TEC-037,Si,24.0,7161.78,No,Cerrado
F-202501300,2025-01-11 08:00,2025-01-13 05:42,Cliente 054,Occidente,Vitrina refrigerada,Correctivo,Acumulacion de hielo,TEC-015,No,45.7,13067.35,Si,Cerrado
F-202501020,2025-02-12 12:00,2025-02-13 05:36,Cliente 048,Sureste,Vitrina refrigerada,Correctivo,Termostato descalibrado,TEC-023,No,17.6,7523.5,No,Cerrado
F-202500045,2025-01-25 08:00,2025-01-25 22:18,Cliente 045,Centro,Congelador horizontal,Preventivo,Mantenimiento programado,TEC-021,No,14.3,2015.02,No,Cerrado
F-202501325,2025-11-13 16:00,2025-11-17 06:54,Cliente 047,Centro,Maquina de hielo,Correctivo,Falla de compresor,TEC-026,Si,86.9,10927.69,No,Cerrado
F-202500837,2025-10-23 09:00,2025-10-23 14:18,Cliente 032,centro,Vitrina refrigerada,Preventivo,Mantenimiento programado,TEC-020,No,5.3,877.27,No,Cerrado
F-202500077,2025-05-01 12:00,2025-05-05 04:18,Cliente 028,Bajio,Refrigerador vertical,Correctivo,Falla de compresor,TEC-019,Si,88.3,9638.98,No,Cerrado
F-202500369,2025-01-09 07:00,2025-01-09 22:48,Cliente 001,Centro,Congelador horizontal,Correctivo,Problema electrico,TEC-020,No,15.8,9061.88,Si,Cerrado
F-202500907,2025-05-31 10:00,2025-06-03 13:42,Cliente 036,Norte,Refrigerador vertical,Correctivo,Falla de compresor,TEC-030,Si,75.7,14728.28,Si,Cerrado
F-202501237,2025-01-02 11:00,2025-01-03 07:30,Cliente 006,Bajio,Refrigerador vertical,Preventivo,Mantenimiento programado,TEC-015,No,20.5,1599.1,No,Cerrado
F-202500268,2025-05-07 15:00,2025-05-08 02:30,Cliente 055,Centro,Congelador horizontal,Preventivo,Mantenimiento programado,,No,11.5,1543.67,No,Cerrado
F-202501336,2025-12-31 08:00,2025-12-31 18:00,Cliente 011,Bajio,Congelador horizontal,Preventivo,Mantenimiento programado,TEC-031,No,10.0,2219.01,No,Cerrado
F-202500729,2025-06-28 07:00,2025-06-29 05:12,Cliente 057,Centro,Vitrina refrigerada,Preventivo,Mantenimiento programado,TEC-037,No,22.2,2044.0,No,Cerrado
F-202500445,2025-07-05 15:00,2025-07-07 22:18,Cliente 022,Centro,Congelador horizontal,Correctivo,Termostato descalibrado,TEC-019,No,55.3,1641.37,No,Cerrado
F-202500504,2025-11-13 09:00,2025-11-14 22:36,Cliente 015,Centro,Maquina de hielo,Correctivo,Fuga de refrigerante,TEC-033,Si,37.6,9051.82,No,Cerrado
F-202501058,2025-10-09 18:00,2025-10-12 03:36,Cliente 038,Centro,Refrigerador vertical,Correctivo,Falla de compresor,TEC-021,Si,57.6,15805.32,No,Cerrado
F-202501034,2025-04-25 10:00,2025-04-25 21:12,Cliente 039,CENTRO,Refrigerador vertical,Correctivo,Puerta / empaque danado,TEC-015,No,11.2,11985.99,No,Cerrado
F-202501185,2025-06-03 11:00,2025-06-04 08:42,Cliente 059,Centro,Refrigerador vertical,Correctivo,Acumulacion de hielo,TEC-034,No,21.7,7890.5,No,Cerrado
F-202500286,2025-12-09 13:00,2025-12-10 23:30,Cliente 051,Centro,Refrigerador vertical,Correctivo,Falla de compresor,TEC-030,Si,34.5,20362.17,Si,Cerrado
F-202500296,2025-07-10 15:00,2025-07-12 09:18,Cliente 029,Norte,Congelador horizontal,Correctivo,Problema electrico,TEC-037,No,42.3,8339.36,Si,Cerrado
F-202500626,2025-03-26 12:00,2025-03-27 23:18,Cliente 031,Bajio,Refrigerador vertical,Correctivo,Problema electrico,TEC-021,No,35.3,6530.43,Si,Cerrado
F-202500278,2025-10-13 12:00,2025-10-15 06:42,Cliente 052,bajio,Camara fria,Correctivo,Puerta / empaque danado,TEC-035,Si,42.7,9575.12,No,Cerrado
F-202501367,2025-04-21 11:00,2025-04-22 13:12,Cliente 024,Bajio,Congelador horizontal,Preventivo,Mantenimiento programado,TEC-018,Si,26.2,7329.9,No,Cerrado
F-202500485,2025-06-18 14:00,2025-06-19 05:48,Cliente 010,Centro,Congelador horizontal,Instalacion,Termostato descalibrado,TEC-024,No,15.8,8001.23,No,Cerrado
F-202500183,2025-07-01 13:00,2025-07-02 15:48,Cliente 033,Bajio,Congelador horizontal,Correctivo,Acumulacion de hielo,TEC-004,No,26.8,9896.24,Si,Cerrado
F-202500971,2025-04-20 07:00,2025-04-20 18:00,Cliente 006,Bajio,Maquina de hielo,Preventivo,Mantenimiento programado,TEC-027,No,11.0,1667.66,No,Cerrado
F-202501396,2025-08-04 17:00,2025-08-06 00:36,Cliente 024,Norte,Refrigerador vertical,Preventivo,Mantenimiento programado,TEC-025,No,31.6,1443.07,No,Cerrado
F-202500685,2025-03-03 08:00,2025-03-04 07:36,Cliente 036,Norte,Camara fria,Preventivo,Mantenimiento programado,TEC-031,No,23.6,2050.3,No,Cerrado
F-202501251,2025-03-30 17:00,2025-04-01 14:00,Cliente 014,Sureste,Maquina de hielo,Correctivo,Problema electrico,TEC-025,No,45.0,13400.19,No,Cerrado
F-202500037,2025-11-10 12:00,2025-11-13 13:00,Cliente 053,Centro,Camara fria,Correctivo,Falla de compresor,TEC-037,Si,73.0,10468.9,No,Cerrado
F-202501181,2025-08-10 11:00,2025-08-12 03:12,Cliente 017,Centro,Congelador horizontal,Correctivo,Acumulacion de hielo,TEC-002,No,40.2,11831.0,No,cerrado
F-202500003,2025-08-27 10:00,2025-08-29 16:12,Cliente 057,Sureste,Congelador horizontal,Correctivo,Puerta / empaque danado,TEC-016,Si,1106.8,15093.57,No,Cerrado
F-202500755,2025-07-22 15:00,2025-07-25 12:36,Cliente 060,Norte,Refrigerador vertical,Correctivo,Fuga de refrigerante,TEC-014,Si,69.6,9888.61,Si,En proceso
F-202500509,2025-04-09 07:00,2025-04-10 04:36,Cliente 049,Occidente,Camara fria,Correctivo,Termostato descalibrado,TEC-017,No,21.6,7523.63,Si,En proceso
F-202500498,2025-05-17 17:00,2025-05-19 18:18,Cliente 044,Centro,Refrigerador vertical,Correctivo,Termostato descalibrado,TEC-004,No,49.3,6619.69,No,Cerrado
F-202500309,2025-04-26 09:00,2025-04-27 07:18,Cliente 016,Occidente,Congelador horizontal,Preventivo,Mantenimiento programado,TEC-008,No,,1327.21,No,Cerrado
F-202501314,2025-11-08 13:00,2025-11-10 17:00,Cliente 018,Centro,Refrigerador vertical,Correctivo,Falla de compresor,TEC-025,Si,52.0,16040.39,No,Cerrado
F-202500142,2025-03-20 09:00,2025-03-26 13:48,Cliente 053,Centro,Congelador horizontal,Correctivo,Fuga de refrigerante,TEC-024,Si,148.8,5636.22,No,Cerrado
F-202501248,2025-06-19 16:00,2025-06-21 12:18,Cliente 031,Occidente,Refrigerador vertical,Correctivo,Falla de compresor,TEC-006,Si,44.3,3938.55,No,Cerrado
F-202500865,2025-11-05 08:00,2025-11-05 22:06,Cliente 046,Norte,Congelador horizontal,Instalacion,Problema electrico,TEC-010,No,14.1,2327.18,No,Cerrado
F-202500184,2025-09-12 11:00,2025-09-14 03:30,Cliente 038,Centro,Camara fria,Correctivo,Falla de compresor,TEC-005,Si,40.5,6972.74,No,Cerrado
F-202501388,2025-04-29 07:00,2025-04-30 14:18,Cliente 032,Norte,Congelador horizontal,Correctivo,Acumulacion de hielo,TEC-038,No,31.3,11738.49,No,Cerrado
F-202501011,2025-04-09 13:00,2025-04-10 23:48,Cliente 017,Norte,Camara fria,Correctivo,Termostato descalibrado,TEC-034,No,34.8,10228.39,No,Cerrado
F-202500913,2025-05-18 13:00,2025-05-19 09:12,Cliente 022,Bajio,Maquina de hielo,Preventivo,Mantenimiento programado,TEC-036,No,20.2,2180.78,No,Cerrado
F-202500849,2025-10-27 08:00,2025-10-28 02:30,Cliente 020,Bajio,Congelador horizontal,Correctivo,Problema electrico,TEC-005,No,18.5,10329.47,No,Cerrado
F-202500512,2025-09-30 17:00,2025-10-03 07:42,Cliente 023,Centro,Maquina de hielo,Correctivo,Fuga de refrigerante,TEC-032,Si,62.7,16881.84,Si,Cerrado
F-202500732,2025-06-02 18:00,2025-06-03 04:42,Cliente 043,Occidente,Congelador horizontal,Preventivo,Mantenimiento programado,TEC-010,No,10.7,988.97,No,Cerrado
F-202500997,2025-07-12 18:00,2025-07-14 08:54,Cliente 007,Centro,Camara fria,Correctivo,Termostato descalibrado,,No,38.9,5737.11,No,Cerrado
F-202500888,2025-03-12 16:00,2025-03-13 23:00,Cliente 001,Occidente,Maquina de hielo,Correctivo,Puerta / empaque danado,TEC-038,Si,31.0,9933.63,Si,Cerrado
F-202500118,2025-02-21 07:00,2025-02-22 01:24,Cliente 031,Sureste,Vitrina refrigerada,Preventivo,Mantenimiento programado,TEC-006,No,18.4,1239.36,No,Cerrado
F-202501026,2025-01-21 13:00,2025-01-22 11:00,Cliente 021,Norte,Refrigerador vertical,Correctivo,Termostato descalibrado,TEC-010,No,22.0,4444.91,No,Cerrado
F-202500114,2025-06-17 10:00,2025-06-18 05:30,Cliente 020,Occidente,Camara fria,Preventivo,Mantenimiento programado,TEC-035,No,19.5,1381.39,No,Cerrado
F-202500546,2025-01-20 08:00,2025-01-22 13:24,Cliente 039,Sureste,Camara fria,Correctivo,Fuga de refrigerante,TEC-005,No,53.4,7534.4,No,Cerrado
F-202500166,2025-10-25 12:00,2025-10-28 05:30,Cliente 040,Bajio,Refrigerador vertical,Correctivo,Termostato descalibrado,TEC-007,No,65.5,6981.84,No,Cerrado
F-202500185,2025-06-30 14:00,2025-07-01 07:00,Cliente 060,Norte,Congelador horizontal,Preventivo,Mantenimiento programado,TEC-010,No,17.0,1414.32,No,Cerrado
F-202500275,2025-06-02 15:00,2025-06-04 07:18,Cliente 053,Occidente,Vitrina refrigerada,Correctivo,Puerta / empaque danado,TEC-037,Si,40.3,6373.0,No,En proceso
F-202501002,2025-09-26 13:00,2025-09-28 04:42,Cliente 025,Occidente,Congelador horizontal,Correctivo,Falla de compresor,TEC-022,Si,39.7,14381.97,No,Cerrado
F-202500705,2025-02-17 17:00,2025-02-18 18:24,Cliente 038,Norte,Vitrina refrigerada,Preventivo,Mantenimiento programado,TEC-020,Si,25.4,9028.15,Si,Cerrado
F-202501025,2025-10-27 11:00,2025-10-28 21:48,Cliente 005,Sureste,Vitrina refrigerada,Correctivo,Acumulacion de hielo,TEC-019,No,34.8,11692.31,Si,Cerrado
F-202500384,2025-03-29 18:00,2025-03-30 11:00,Cliente 040,Centro,Congelador horizontal,Instalacion,Problema electrico,TEC-027,No,17.0,13299.68,No,Cerrado
F-202500562,2025-01-16 18:00,2025-01-17 06:00,Cliente 050,Bajio,Refrigerador vertical,Correctivo,Puerta / empaque danado,TEC-012,Si,12.0,12026.62,No,Cerrado
F-202500863,2025-02-13 07:00,2025-02-14 10:12,Cliente 033,Bajio,Vitrina refrigerada,Correctivo,Acumulacion de hielo,TEC-002,Si,27.2,17206.24,No,Cerrado
F-202501045,2025-09-16 14:00,2025-09-17 07:30,Cliente 020,Bajio,Maquina de hielo,Correctivo,Puerta / empaque danado,TEC-006,No,17.5,13892.87,No,Cerrado
F-202500177,2025-09-19 13:00,2025-09-19 22:12,Cliente 056,Occidente,Camara fria,Preventivo,Mantenimiento programado,,No,9.2,2570.66,No,Cerrado
F-202501360,2025-05-14 12:00,2025-05-18 05:06,Cliente 043,Norte,Congelador horizontal,Correctivo,Problema electrico,TEC-003,Si,89.1,16629.25,No,Cerrado
F-202500380,2025-04-06 15:00,2025-04-08 10:06,Cliente 060,Bajio,Refrigerador vertical,Correctivo,Falla de compresor,TEC-018,Si,43.1,17427.48,No,Cerrado
F-202501196,2025-08-20 08:00,2025-08-21 09:12,Cliente 001,Sureste,Congelador horizontal,Correctivo,Termostato descalibrado,TEC-006,No,25.2,2038.43,No,Cerrado
F-202501017,2025-05-21 14:00,2025-05-22 11:48,Cliente 041,Centro,Refrigerador vertical,Correctivo,Problema electrico,TEC-002,No,21.8,6581.14,No,Cerrado
F-202500520,2025-08-05 13:00,2025-08-08 22:48,Cliente 014,Sureste,Refrigerador vertical,Correctivo,Fuga de refrigerante,TEC-010,Si,81.8,5591.13,No,Cerrado
F-202500831,2025-03-31 14:00,2025-04-01 05:42,Cliente 023,Centro,Congelador horizontal,Correctivo,Termostato descalibrado,TEC-028,No,15.7,2725.13,No,Cerrado
F-202500508,2025-04-01 08:00,2025-04-02 08:30,Cliente 005,Centro,Congelador horizontal,Correctivo,Termostato descalibrado,TEC-010,No,24.5,6796.01,No,Cerrado
F-202501177,2025-04-26 10:00,2025-04-28 04:18,Cliente 048,Norte,Congelador horizontal,Correctivo,Falla de compresor,TEC-027,Si,-42.3,12426.38,Si,Cerrado
F-202500414,2025-02-18 12:00,2025-02-19 00:00,Cliente 057,Centro,Camara fria,Correctivo,Puerta / empaque danado,TEC-027,No,12.0,8312.7,No,Cerrado
F-202500623,2025-03-02 14:00,2025-03-03 11:24,Cliente 025,Centro,Camara fria,Preventivo,Mantenimiento programado,TEC-022,No,21.4,942.02,No,Cerrado
F-202500873,2025-02-11 10:00,2025-02-12 08:54,Cliente 009,Occidente,Refrigerador vertical,Correctivo,Acumulacion de hielo,TEC-018,No,1494.1,3974.47,No,Cerrado
F-202500859,2025-09-02 07:00,2025-09-04 06:24,Cliente 005,Centro,Vitrina refrigerada,Correctivo,Acumulacion de hielo,,No,47.4,3085.03,No,Cerrado
F-202500642,2025-12-01 17:00,2025-12-03 08:48,Cliente 049,occidente,Congelador horizontal,Correctivo,Acumulacion de hielo,TEC-018,No,39.8,7964.67,No,Cerrado
F-202501341,2025-07-14 09:00,2025-07-16 16:42,Cliente 045,Centro,Refrigerador vertical,Instalacion,Falla de compresor,TEC-031,Si,55.7,5648.42,No,En proceso
F-202500259,2025-03-05 17:00,2025-03-07 09:06,Cliente 056,Bajio,Congelador horizontal,Correctivo,Falla de compresor,TEC-012,Si,40.1,14951.21,No,Cerrado
F-202500835,2025-11-08 14:00,2025-11-10 23:18,Cliente 025,OCCIDENTE,Camara fria,Correctivo,Puerta / empaque danado,TEC-017,Si,57.3,15681.76,No,Cerrado
F-202500663,2025-01-13 08:00,2025-01-14 14:54,Cliente 037,Bajio,Congelador horizontal,Correctivo,Acumulacion de hielo,TEC-025,No,30.9,12803.79,No,Cerrado
F-202500338,2025-04-26 08:00,2025-04-26 23:06,Cliente 058,Centro,Congelador horizontal,Preventivo,Mantenimiento programado,TEC-014,No,15.1,1858.84,Si,Cerrado
F-202500399,2025-04-13 12:00,2025-04-18 11:30,Cliente 015,Norte,Congelador horizontal,Correctivo,Termostato descalibrado,TEC-022,Si,119.5,7501.38,No,Cerrado
F-202500606,2025-07-15 08:00,2025-07-16 02:24,Cliente 017,OCCIDENTE,Vitrina refrigerada,Preventivo,Mantenimiento programado,TEC-006,No,18.4,2430.05,No,Cerrado
F-202500481,2025-04-16 11:00,2025-04-18 01:12,Cliente 017,Bajio,Camara fria,Instalacion,Puerta / empaque danado,TEC-011,Si,38.2,18225.73,No,Cerrado
F-202501144,2025-11-05 11:00,2025-11-05 18:06,Cliente 035,Centro,Camara fria,Correctivo,Termostato descalibrado,TEC-017,No,7.1,8694.33,No,Cerrado
F-202500918,2025-10-14 12:00,2025-10-15 16:24,Cliente 025,Occidente,Vitrina refrigerada,Preventivo,Mantenimiento programado,TEC-031,No,28.4,1694.42,No,Cerrado
F-202501018,2025-06-30 10:00,2025-07-02 14:06,Cliente 026,Norte,Refrigerador vertical,Correctivo,Fuga de refrigerante,TEC-014,Si,52.1,7200.93,No,Cerrado
F-202500876,2025-07-04 12:00,2025-07-05 06:48,Cliente 036,Centro,Vitrina refrigerada,Correctivo,Fuga de refrigerante,TEC-011,No,18.8,6173.08,No,En proceso
F-202500660,2025-04-16 11:00,2025-04-17 05:24,Cliente 042,Centro,Vitrina refrigerada,Correctivo,Problema electrico,TEC-002,No,18.4,7746.18,No,Cerrado
F-202501022,2025-01-27 16:00,2025-01-28 21:54,Cliente 011,Centro,Camara fria,Correctivo,Falla de compresor,TEC-004,Si,29.9,7080.71,No,Cerrado
F-202500790,2025-01-05 14:00,2025-01-07 14:42,Cliente 028,Sureste,Refrigerador vertical,Correctivo,Falla de compresor,,Si,48.7,4465.52,No,Cerrado
F-202500257,2025-09-05 17:00,2025-09-06 21:54,Cliente 008,Centro,Camara fria,Correctivo,Termostato descalibrado,TEC-016,No,28.9,6714.84,No,Cerrado
F-202500969,2025-12-02 08:00,2025-12-04 13:30,Cliente 035,Bajio,Camara fria,Correctivo,Termostato descalibrado,TEC-036,No,53.5,7127.0,No,Cerrado
F-202500953,2025-08-13 15:00,2025-08-14 14:24,Cliente 050,Centro,Refrigerador vertical,Correctivo,Puerta / empaque danado,TEC-027,Si,23.4,7824.56,Si,Cerrado
F-202501274,2025-09-04 09:00,2025-09-06 11:00,Cliente 055,Bajio,Congelador horizontal,Correctivo,Fuga de refrigerante,TEC-016,No,50.0,6771.69,No,Cerrado
