id_movimiento,fecha,sku,refaccion,categoria,region,cantidad,costo_unitario,costo_total,lead_time_dias,critica,hubo_stockout
MOV-00472,02/01/2025,REF-112,Capacitor de arranque,Electrico,Centro,2.0,252.61,505.22,4,No,False
MOV-01366,29/04/2025,REF-106,Termostato digital,Control,Sureste,3.0,598.76,1796.28,5,No,False
MOV-01961,25/08/2025,REF-104,Gas refrigerante R-134a,Refrigerante,Bajio,3.0,941.28,2823.84,4,Si,False
MOV-00931,21/09/2025,REF-103,Compresor 3/4 HP,Compresor,Bajio,2.0,8070.54,16141.08,18,Si,False
MOV-00752,16/07/2025,REF-114,Valvula de expansion,Control,Bajio,2.0,1295.17,2590.34,11,No,False
MOV-00195,02/02/2025,REF-105,Gas refrigerante R-404a,Refrigerante,Sureste,1.0,1463.33,1463.33,6,Si,False
MOV-01333,04/07/2025,REF-118,Contactor,Electrico,Bajio,1.0,418.86,418.86,5,No,False
MOV-00494,20/07/2025,REF-115,Resistencia de deshielo,Electrico,Centro,3.0,614.54,1843.62,6,No,False
MOV-01207,06/05/2025,REF-108,Empaque de puerta,Sello,Sureste,3.0,502.96,1508.88,7,Si,False
MOV-00082,26/06/2025,REF-108,Empaque de puerta,Sello,Sureste,3.0,495.83,1487.49,7,Si,True
MOV-00618,27/11/2025,REF-104,Gas refrigerante R-134a,Refrigerante,Occidente,2.0,1042.74,2085.48,4,Si,False
MOV-00251,17/06/2025,REF-108,Empaque de puerta,Sello,Occidente,3.0,,1618.68,7,Si,False
MOV-02044,03/07/2025,REF-110,Ventilador condensador,Ventilacion,Centro,2.0,1017.59,2035.18,9,No,False
MOV-01283,02/06/2025,REF-118,Contactor,Electrico,Sureste,1.0,444.18,444.18,5,No,False
MOV-01258,08/03/2025,REF-104,Gas refrigerante R-134a,Refrigerante,Sureste,2.0,976.63,1953.26,4,Si,False
MOV-01127,23/09/2025,REF-105,Gas refrigerante R-404a,Refrigerante,Sureste,1.0,1363.69,1363.69,6,Si,False
MOV-01672,08/01/2025,REF-113,Filtro deshidratador,Filtro,Norte,3.0,157.37,472.11,5,No,False
MOV-01731,30/08/2025,REF-112,Capacitor de arranque,Electrico,Occidente,3.0,251.7,755.1,4,No,False
MOV-00155,22/11/2025,REF-102,Compresor 1/2 HP,Compresor,Centro,1.0,6159.24,6159.24,14,Si,False
MOV-01064,11/11/2025,REF-111,Rele de arranque,Electrico,Occidente,1.0,196.85,196.85,3,No,False
MOV-01573,17/02/2025,REF-104,Gas refrigerante R-134a,Refrigerante,Centro,2.0,1014.63,2029.26,4,Si,False
MOV-01644,10/01/2025,REF-102,Compresor 1/2 HP,Compresor,Centro,1.0,6246.25,6246.25,14,Si,False
MOV-01307,05/08/2025,REF-101,Compresor 1/3 HP,Compresor,Occidente,3.0,5237.86,15713.58,12,Si,False
MOV-01321,27/12/2025,REF-105,Gas refrigerante R-404a,Refrigerante,Occidente,1.0,1415.08,1415.08,6,Si,False
MOV-00356,14/09/2025,REF-114,Valvula de expansion,Control,Bajio,1.0,1531.68,1531.68,11,No,False
MOV-01010,28/02/2025,REF-118,Contactor,Electrico,Centro,1.0,400.31,400.31,5,No,False
MOV-00441,03/11/2025,REF-118,Contactor,Electrico,Centro,2.0,450.9,901.8,5,No,False
MOV-00643,03/07/2025,REF-114,Valvula de expansion,Control,Norte,1.0,1368.63,1368.63,11,No,False
MOV-01345,09/04/2025,REF-105,Gas refrigerante R-404a,Refrigerante,Bajio,2.0,1374.01,2748.02,6,Si,False
MOV-01550,14/12/2025,REF-110,Ventilador condensador,Ventilacion,Centro,2.0,1088.2,2176.4,9,No,False
MOV-01866,13/12/2025,REF-106,Termostato digital,Control,Sureste,1.0,698.72,698.72,5,No,False
MOV-02047,24/06/2025,REF-113,Filtro deshidratador,Filtro,Occidente,3.0,157.88,473.64,5,No,False
MOV-00351,30/03/2025,REF-111,Rele de arranque,Electrico,Centro,1.0,205.58,205.58,3,No,False
MOV-01452,14/08/2025,REF-106,Termostato digital,Control,Centro,2.0,680.31,1360.62,5,No,False
MOV-01412,26/11/2025,REF-104,Gas refrigerante R-134a,Refrigerante,Norte,3.0,950.1,2850.3,4,Si,False
MOV-00791,28/10/2025,REF-104,Gas refrigerante R-134a,Refrigerante,Centro,3.0,1090.72,3272.16,4,Si,False
MOV-00211,11/01/2025,REF-112,Capacitor de arranque,Electrico,Occidente,2.0,268.1,536.2,4,No,True
MOV-00029,10/09/2025,REF-117,Sensor de temperatura,Control,Occidente,1.0,328.96,328.96,4,No,False
MOV-00086,02/06/2025,REF-117,Sensor de temperatura,Control,Occidente,3.0,333.87,1001.61,4,No,False
MOV-02069,03/04/2025,REF-115,Resistencia de deshielo,Electrico,Bajio,1.0,598.36,598.36,6,No,False
MOV-01539,04/11/2025,REF-106,Termostato digital,Control,Occidente,3.0,706.53,2119.59,5,No,True
MOV-00574,25/01/2025,REF-101,Compresor 1/3 HP,Compresor,Occidente,1.0,4751.1,4751.1,12,Si,False
MOV-01904,09/09/2025,REF-114,Valvula de expansion,Control,Centro,1.0,1285.57,1285.57,11,No,False
MOV-01327,05/01/2025,REF-112,Capacitor de arranque,Electrico,Centro,3.0,248.63,745.89,4,No,False
MOV-00323,08/03/2025,REF-110,Ventilador condensador,Ventilacion,Occidente,2.0,1161.9,2323.8,9,No,False
MOV-00973,23/12/2025,REF-105,Gas refrigerante R-404a,Refrigerante,Norte,3.0,1476.54,4429.62,6,Si,False
MOV-00603,12/03/2025,REF-113,Filtro deshidratador,Filtro,Norte,3.0,159.42,478.26,5,No,False
MOV-01564,29/01/2025,REF-101,Compresor 1/3 HP,Compresor,Norte,3.0,5383.04,16149.12,12,Si,True
MOV-01120,13/03/2025,REF-105,Gas refrigerante R-404a,Refrigerante,Bajio,1.0,1462.7,1462.7,6,Si,False
MOV-01581,26/06/2025,REF-104,Gas refrigerante R-134a,Refrigerante,Sureste,4.0,993.06,3972.24,4,Si,False
MOV-01177,02/06/2025,REF-111,Rele de arranque,Electrico,Norte,1.0,194.98,194.98,3,No,False
MOV-01184,14/02/2025,REF-110,Ventilador condensador,Ventilacion,Bajio,2.0,1060.67,2121.34,9,No,False
MOV-00088,10/04/2025,REF-113,Filtro deshidratador,Filtro,Centro,1.0,163.06,163.06,5,No,False
MOV-01824,09/11/2025,REF-114,Valvula de expansion,Control,Bajio,3.0,1396.0,4188.0,11,No,False
MOV-01536,08/04/2025,REF-105,Gas refrigerante R-404a,Refrigerante,Centro,2.0,1545.96,3091.92,6,Si,False
MOV-01029,08/09/2025,REF-108,Empaque de puerta,Sello, Sureste,1.0,508.91,508.91,7,Si,False
MOV-01681,11/01/2025,REF-105,Gas refrigerante R-404a,Refrigerante,Norte,1.0,1445.03,1445.03,6,Si,True
MOV-01797,25/05/2025,REF-108,Empaque de puerta,Sello,Occidente,2.0,515.2,1030.4,7,Si,False
MOV-00132,26/03/2025,REF-103,Compresor 3/4 HP,Compresor,Centro,3.0,7998.49,23995.47,18,Si,False
MOV-01236,18/11/2025,REF-102,Compresor 1/2 HP,Compresor,Norte,3.0,6100.37,18301.11,14,Si,False
MOV-01201,24/08/2025,REF-117,Sensor de temperatura,Control,Centro,1.0,296.7,296.7,4,No,False
MOV-00579,01/11/2025,REF-101,Compresor 1/3 HP,Compresor,Centro,3.0,4946.46,14839.38,12,Si,False
MOV-00939,14/07/2025,REF-105,Gas refrigerante R-404a,Refrigerante,Bajio,1.0,1415.72,1415.72,6,Si,False
MOV-02050,27/06/2025,REF-108,Empaque de puerta,Sello,Bajio,1.0,531.89,531.89,7,Si,False
MOV-00230,05/05/2025,REF-108,Empaque de puerta,Sello,Bajio,3.0,528.3,1584.9,7,Si,True
MOV-00582,26/10/2025,REF-102,Compresor 1/2 HP,Compresor,Centro,3.0,6018.69,18056.07,14,Si,False
MOV-00294,01/06/2025,REF-104,Gas refrigerante R-134a,Refrigerante,Sureste,3.0,988.52,2965.56,4,Si,False
MOV-01348,06/07/2025,REF-118,Contactor,Electrico,Sureste,2.0,406.09,812.18,5,No,False
MOV-01032,21/08/2025,REF-104,Gas refrigerante R-134a,Refrigerante,Centro,4.0,1057.63,4230.52,4,Si,True
MOV-00731,21/09/2025,REF-101,Compresor 1/3 HP,Compresor,Centro,3.0,5169.86,15509.58,12,Si,False
MOV-00816,23/03/2025,REF-102,Compresor 1/2 HP,Compresor,Centro,1.0,6316.9,6316.9,14,Si,False
MOV-01118,25/02/2025,REF-109,Ventilador evaporador,Ventilacion,Sureste,3.0,880.93,2642.79,8,No,False
MOV-01666,27/12/2025,REF-116,Motor de damper,Ventilacion,Centro,3.0,863.75,2591.25,10,No,True
MOV-01548,04/05/2025,REF-114,Valvula de expansion,Control,Bajio,1.0,1430.89,1430.89,11,No,True
MOV-00928,13/03/2025,REF-111,Rele de arranque,Electrico,Occidente,3.0,194.0,582.0,3,No,False
MOV-01009,26/06/2025,REF-104,Gas refrigerante R-134a,Refrigerante,Bajio,3.0,962.44,2887.32,4,Si,False
MOV-01848,27/08/2025,REF-118,Contactor,Electrico,Bajio,1.0,421.4,421.4,5,No,False
MOV-00035,12/08/2025,REF-114,Valvula de expansion,Control,Centro,3.0,1285.22,3855.66,11,No,False
MOV-00414,11/05/2025,REF-114,Valvula de expansion,Control,Centro,1.0,1482.56,1482.56,11,No,False
MOV-00070,07/04/2025,REF-111,Rele de arranque,Electrico,Bajio,1.0,181.54,181.54,3,No,False
MOV-00952,01/06/2025,REF-107,Termostato mecanico,Control,Centro,3.0,290.3,870.9,3,No,False
MOV-00104,11/04/2025,REF-114,Valvula de expansion,Control,Centro,2.0,1528.16,3056.32,11,No,False
MOV-01164,15/02/2025,REF-101,Compresor 1/3 HP,Compresor,Occidente,2.0,5040.36,10080.72,12,Si,False
MOV-00703,15/07/2025,REF-103,Compresor 3/4 HP,Compresor,Occidente,1.0,9010.09,9010.09,18,Si,False
MOV-01298,08/07/2025,REF-105,Gas refrigerante R-404a,Refrigerante,Centro,2.0,1519.1,3038.2,6,Si,False
MOV-01121,17/07/2025,REF-103,Compresor 3/4 HP,Compresor,Centro,3.0,9038.79,27116.37,18,Si,False
MOV-01456,12/08/2025,REF-107,Termostato mecanico,Control,Bajio,1.0,301.13,301.13,3,No,False
MOV-00113,13/01/2025,REF-112,Capacitor de arranque,Electrico,Norte,3.0,259.57,778.71,4,No,True
MOV-00032,17/12/2025,REF-114,Valvula de expansion,Control,Bajio,3.0,1305.05,3915.15,11,No,False
MOV-00333,20/07/2025,REF-102,Compresor 1/2 HP,Compresor,SURESTE,3.0,6796.39,20389.17,14,Si,True
MOV-00578,15/12/2025,REF-108,Empaque de puerta,Sello,Centro,2.0,502.87,1005.74,7,Si,False
MOV-01841,07/07/2025,REF-105,Gas refrigerante R-404a,Refrigerante,Bajio,3.0,1426.92,4280.76,6,Si,False
MOV-00991,07/10/2025,REF-112,Capacitor de arranque,Electrico,Norte,3.0,257.44,772.32,4,No,False
MOV-02007,09/02/2025,REF-101,Compresor 1/3 HP,Compresor,Centro,3.0,5380.31,16140.93,12,Si,False
MOV-01686,23/05/2025,REF-108,Empaque de puerta,Sello,Bajio,1.0,460.73,460.73,7,Si,False
MOV-01598,29/06/2025,REF-104,Gas refrigerante R-134a,Refrigerante,Bajio,2.0,990.68,1981.36,4,Si,True
MOV-02066,19/01/2025,REF-112,Capacitor de arranque,Electrico,Sureste,3.0,,700.77,4,No,False
MOV-01522,23/06/2025,REF-103,Compresor 3/4 HP,Compresor,Centro,1.0,8775.82,8775.82,18,Si,False
MOV-01415,09/06/2025,REF-108,Empaque de puerta,Sello,Centro,3.0,486.81,1460.43,7,Si,False
MOV-00062,18/11/2025,REF-102,Compresor 1/2 HP,Compresor, Centro,3.0,6314.47,18943.41,14,Si,False
MOV-00750,03/03/2025,REF-103,Compresor 3/4 HP,Compresor,Centro,2.0,8571.22,17142.44,18,Si,True
MOV-01157,08/03/2025,REF-111,Rele de arranque,Electrico,Bajio,1.0,197.32,197.32,3,No,False
MOV-00379,12/08/2025,REF-103,Compresor 3/4 HP,Compresor,Bajio,3.0,8865.22,26595.66,18,Si,False
MOV-01116,31/07/2025,REF-106,Termostato digital,Control,Occidente,3.0,693.52,2080.56,5,No,False
MOV-01323,04/03/2025,REF-113,Filtro deshidratador,Filtro,Centro,3.0,166.8,500.4,5,No,False
MOV-00004,29/09/2025,REF-115,Resistencia de deshielo,Electrico,Centro,2.0,570.64,1141.28,6,No,False
MOV-00627,15/07/2025,REF-110,Ventilador condensador,Ventilacion,Centro,2.0,1041.87,2083.74,9,No,False
MOV-01948,11/02/2025,REF-108,Empaque de puerta,Sello,Occidente,1.0,473.74,473.74,7,Si,False
MOV-00949,24/12/2025,REF-110,Ventilador condensador,Ventilacion,Centro,2.0,1137.65,2275.3,9,No,False
MOV-00806,17/08/2025,REF-101,Compresor 1/3 HP,Compresor,Bajio,3.0,4664.54,13993.62,12,Si,False
MOV-00894,11/03/2025,REF-115,Resistencia de deshielo,Electrico,Norte,3.0,519.8,1559.4,6,No,False
MOV-00704,22/08/2025,REF-108,Empaque de puerta,Sello,Norte,3.0,528.19,1584.57,7,Si,False
MOV-00551,23/08/2025,REF-110,Ventilador condensador,Ventilacion,Occidente,3.0,1055.82,3167.46,9,No,True
MOV-01313,14/06/2025,REF-105,Gas refrigerante R-404a,Refrigerante,Norte,1.0,1537.81,1537.81,6,Si,False
MOV-01072,11/02/2025,REF-105,Gas refrigerante R-404a,Refrigerante,Sureste,3.0,1581.46,4744.38,6,Si,False
MOV-01113,24/11/2025,REF-109,Ventilador evaporador,Ventilacion,Occidente,1.0,962.39,962.39,8,No,False
MOV-01770,17/12/2025,REF-101,Compresor 1/3 HP,Compresor,Centro,3.0,5329.41,15988.23,12,Si,False
MOV-00205,21/06/2025,REF-114,Valvula de expansion,Control,Occidente,2.0,1428.95,2857.9,11,No,False
MOV-01214,15/03/2025,REF-111,Rele de arranque,Electrico,Sureste,1.0,200.44,200.44,3,No,True
MOV-01970,07/09/2025,REF-104,Gas refrigerante R-134a,Refrigerante,Bajio,2.0,1001.87,2003.74,4,Si,False
MOV-01226,22/04/2025,REF-108,Empaque de puerta,Sello,Sureste,3.0,503.56,1510.68,7,Si,False
MOV-00834,09/02/2025,REF-102,Compresor 1/2 HP,Compresor,Occidente,3.0,6663.49,19990.47,14,Si,False
MOV-00981,08/01/2025,REF-104,Gas refrigerante R-134a,Refrigerante,Centro,1.0,1018.03,1018.03,4,Si,False
MOV-01583,07/08/2025,REF-110,Ventilador condensador,Ventilacion,Centro,1.0,1027.08,1027.08,9,No,False
MOV-00563,17/07/2025,REF-101,Compresor 1/3 HP,Compresor,Occidente,3.0,5288.37,15865.11,12,Si,False
MOV-01909,04/04/2025,REF-117,Sensor de temperatura,Control,Bajio,3.0,330.37,991.11,4,No,False
MOV-01483,11/03/2025,REF-116,Motor de damper,Ventilacion,Occidente,1.0,755.31,755.31,10,No,False
MOV-01479,02/08/2025,REF-104,Gas refrigerante R-134a,Refrigerante,Bajio,4.0,927.15,3708.6,4,Si,False
MOV-01494,19/10/2025,REF-109,Ventilador evaporador,Ventilacion,Norte,1.0,898.63,898.63,8,No,False
MOV-01048,03/01/2025,REF-101,Compresor 1/3 HP,Compresor,Centro,3.0,4812.74,14438.22,12,Si,False
MOV-00171,20/12/2025,REF-103,Compresor 3/4 HP,Compresor,Norte,2.0,7971.84,15943.68,18,Si,False
MOV-02037,26/04/2025,REF-113,Filtro deshidratador,Filtro,Norte,3.0,165.49,496.47,5,No,False
MOV-01424,26/02/2025,REF-108,Empaque de puerta,Sello,Occidente,3.0,503.77,1511.31,7,Si,True
MOV-01805,27/08/2025,REF-111,Rele de arranque,Electrico,Norte,3.0,189.87,569.61,3,No,False
MOV-01000,02/05/2025,REF-103,Compresor 3/4 HP,Compresor,Centro,4.0,7793.02,31172.08,18,Si,False
MOV-00775,18/08/2025,REF-118,Contactor,Electrico,Centro,3.0,439.49,1318.47,5,No,False
MOV-01923,10/04/2025,REF-115,Resistencia de deshielo,Electrico,Occidente,3.0,525.5,1576.5,6,No,False
MOV-00491,14/10/2025,REF-116,Motor de damper,Ventilacion,Centro,3.0,829.76,2489.28,10,No,False
MOV-00167,14/10/2025,REF-109,Ventilador evaporador,Ventilacion,Centro,3.0,940.99,2822.97,8,No,True
MOV-01747,06/08/2025,REF-102,Compresor 1/2 HP,Compresor,Norte,3.0,6637.07,19911.21,14,Si,True
MOV-01252,08/01/2025,REF-110,Ventilador condensador,Ventilacion,Bajio,3.0,1142.96,3428.88,9,No,True
MOV-00611,21/03/2025,REF-114,Valvula de expansion,Control,Norte,1.0,1471.48,1471.48,11,No,True
MOV-01594,08/08/2025,REF-115,Resistencia de deshielo,Electrico,Norte,3.0,514.44,1543.32,6,No,False
MOV-00922,16/07/2025,REF-113,Filtro deshidratador,Filtro,Centro,,164.36,328.72,5,No,True
MOV-00476,22/09/2025,REF-113,Filtro deshidratador,Filtro,Bajio,1.0,157.49,157.49,5,No,False
MOV-00212,06/03/2025,REF-117,Sensor de temperatura,Control,Sureste,3.0,348.18,1044.54,4,No,False
MOV-00562,05/12/2025,REF-105,Gas refrigerante R-404a,Refrigerante,Occidente,3.0,1457.59,4372.77,6,Si,False
MOV-00374,23/12/2025,REF-108,Empaque de puerta,Sello,Occidente,2.0,546.4,1092.8,7,Si,False
MOV-00714,06/06/2025,REF-108,Empaque de puerta,Sello,Occidente,3.0,457.16,1371.48,7,Si,False
MOV-00534,27/02/2025,REF-101,Compresor 1/3 HP,Compresor,Norte,3.0,5050.37,15151.11,12,Si,False
MOV-00479,25/08/2025,REF-102,Compresor 1/2 HP,Compresor,Sureste,3.0,6352.16,19056.48,14,Si,False
MOV-01369,23/05/2025,REF-105,Gas refrigerante R-404a,Refrigerante,Centro,2.0,1365.57,2731.14,6,Si,False
MOV-00457,23/03/2025,REF-117,Sensor de temperatura,Control,Centro,1.0,297.49,297.49,4,No,False
MOV-00886,13/12/2025,REF-114,Valvula de expansion,Control,Centro,2.0,1462.21,2924.42,11,No,False
MOV-01802,07/03/2025,REF-105,Gas refrigerante R-404a,Refrigerante,Norte,2.0,1410.4,2820.8,6,Si,False
MOV-00680,10/03/2025,REF-103,Compresor 3/4 HP,Compresor,Centro,3.0,8888.83,26666.49,18,Si,False
MOV-01168,15/09/2025,REF-111,Rele de arranque,Electrico,Sureste,2.0,198.3,396.6,3,No,True
MOV-00375,20/07/2025,REF-103,Compresor 3/4 HP,Compresor,Centro,3.0,8949.96,26849.88,18,Si,False
MOV-01156,02/08/2025,REF-101,Compresor 1/3 HP,Compresor,Sureste,5.0,5412.27,27061.35,12,Si,True
MOV-01580,18/11/2025,REF-108,Empaque de puerta,Sello,Sureste,2.0,546.24,1092.48,7,Si,True
MOV-01267,23/10/2025,REF-114,Valvula de expansion,Control,Centro,1.0,1308.51,1308.51,11,No,False
MOV-00783,13/12/2025,REF-117,Sensor de temperatura,Control,Centro,1.0,301.8,301.8,4,No,False
MOV-01807,25/08/2025,REF-115,Resistencia de deshielo,Electrico,Bajio,1.0,579.03,579.03,6,No,False
MOV-00587,21/10/2025,REF-101,Compresor 1/3 HP,Compresor,Norte,3.0,4763.15,14289.45,12,Si,False
MOV-00401,28/11/2025,REF-106,Termostato digital,Control,Centro,1.0,590.97,590.97,5,No,False
MOV-01472,02/06/2025,REF-117,Sensor de temperatura,Control,Sureste,2.0,312.92,625.84,4,No,False
MOV-01621,13/05/2025,REF-117,Sensor de temperatura,Control,Norte,1.0,318.38,318.38,4,No,True
MOV-00289,05/09/2025,REF-107,Termostato mecanico,Control,Norte,1.0,326.17,326.17,3,No,False
MOV-01217,01/10/2025,REF-109,Ventilador evaporador,Ventilacion,Centro,2.0,972.49,1944.98,8,No,False
MOV-00738,01/11/2025,REF-113,Filtro deshidratador,Filtro,Occidente,,163.92,491.76,5,No,False
MOV-00240,20/03/2025,REF-107,Termostato mecanico,Control,Bajio,3.0,318.62,955.86,3,No,False
MOV-01254,21/07/2025,REF-116,Motor de damper,Ventilacion,Norte,2.0,820.72,1641.44,10,No,False
MOV-00060,04/12/2025,REF-110,Ventilador condensador,Ventilacion,Sureste,2.0,1137.06,2274.12,9,No,False
MOV-00672,08/08/2025,REF-115,Resistencia de deshielo,Electrico,Bajio,2.0,533.16,1066.32,6,No,False
MOV-00876,25/04/2025,REF-103,Compresor 3/4 HP,Compresor,Occidente,1.0,7716.66,7716.66,18,Si,False
MOV-00909,28/01/2025,REF-118,Contactor,Electrico,Norte,2.0,461.3,922.6,5,No,False
MOV-00598,04/01/2025,REF-101,Compresor 1/3 HP,Compresor,Bajio,1.0,5090.22,5090.22,12,Si,False
MOV-00935,16/03/2025,REF-106,Termostato digital,Control,Centro,1.0,712.87,712.87,5,No,False
MOV-01443,21/02/2025,REF-105,Gas refrigerante R-404a,Refrigerante,Occidente,2.0,1360.12,2720.24,6,Si,False
MOV-01035,08/04/2025,REF-104,Gas refrigerante R-134a,Refrigerante,Centro,2.0,951.61,1903.22,4,Si,True
MOV-01402,01/06/2025,REF-102,Compresor 1/2 HP,Compresor,Centro,2.0,6640.7,13281.4,14,Si,False
MOV-01902,28/04/2025,REF-109,Ventilador evaporador,Ventilacion,Bajio,2.0,993.09,1986.18,8,No,False
MOV-02019,29/06/2025,REF-105,Gas refrigerante R-404a,Refrigerante,Sureste,2.0,1407.71,2815.42,6,Si,False
MOV-00916,19/07/2025,REF-116,Motor de damper,Ventilacion,Centro,3.0,856.88,2570.64,10,No,False
MOV-00237,09/08/2025,REF-110,Ventilador condensador,Ventilacion,Norte,,1041.4,3124.2,9,No,False
MOV-01176,05/05/2025,REF-106,Termostato digital,Control,Bajio,1.0,,644.64,5,No,False
MOV-00084,25/09/2025,REF-118,Contactor,Electrico,Bajio,2.0,422.54,845.08,5,No,False
MOV-01294,16/06/2025,REF-102,Compresor 1/2 HP,Compresor,Centro,2.0,6057.49,12114.98,14,Si,False
MOV-02014,10/04/2025,REF-102,Compresor 1/2 HP,Compresor,Centro,2.0,6177.02,12354.04,14,Si,False
MOV-00508,16/08/2025,REF-103,Compresor 3/4 HP,Compresor,Centro,3.0,8403.4,25210.2,18,Si,False
MOV-01651,05/05/2025,REF-107,Termostato mecanico,Control,Norte,2.0,276.76,553.52,3,No,False
MOV-00964,30/06/2025,REF-102,Compresor 1/2 HP,Compresor,Bajio,4.0,6221.28,24885.12,14,Si,False
MOV-00523,25/03/2025,REF-102,Compresor 1/2 HP,Compresor,Norte,1.0,6112.63,6112.63,14,Si,False
MOV-00924,17/03/2025,REF-106,Termostato digital,Control,Centro,2.0,703.76,1407.52,5,No,False
MOV-00199,26/03/2025,REF-102,Compresor 1/2 HP,Compresor,Sureste,2.0,6806.23,13612.46,14,Si,False
MOV-00550,17/05/2025,REF-104,Gas refrigerante R-134a,Refrigerante,Bajio,5.0,1044.05,5220.25,4,Si,False
MOV-01056,16/02/2025,REF-101,Compresor 1/3 HP,Compresor,Bajio,2.0,4590.14,9180.28,12,Si,True
MOV-00857,24/02/2025,REF-107,Termostato mecanico,Control,Sureste,1.0,291.39,291.39,3,No,False
MOV-00394,28/11/2025,REF-115,Resistencia de deshielo,Electrico,Bajio,2.0,546.52,1093.04,6,No,False
MOV-01306,26/01/2025,REF-116,Motor de damper,Ventilacion,Norte,3.0,860.27,2580.81,10,No,False
MOV-00720,03/06/2025,REF-108,Empaque de puerta,Sello,Occidente,2.0,472.54,945.08,7,Si,True
MOV-01951,10/07/2025,REF-108,Empaque de puerta,Sello,Norte,3.0,522.28,1566.84,7,Si,True
MOV-01152,17/11/2025,REF-109,Ventilador evaporador,Ventilacion,Occidente,1.0,859.81,859.81,8,No,False
MOV-00505,28/12/2025,REF-114,Valvula de expansion,Control,Norte,2.0,1474.29,2948.58,11,No,False
MOV-01962,24/04/2025,REF-102,Compresor 1/2 HP,Compresor,Sureste,3.0,6384.91,19154.73,14,Si,False
MOV-01652,22/12/2025,REF-116,Motor de damper,Ventilacion,Occidente,2.0,865.23,1730.46,10,No,False
MOV-01038,31/10/2025,REF-115,Resistencia de deshielo,Electrico,Norte,3.0,602.94,1808.82,6,No,False
MOV-00668,26/03/2025,REF-108,Empaque de puerta,Sello,Norte,3.0,544.71,1634.13,7,Si,False
MOV-01083,14/10/2025,REF-102,Compresor 1/2 HP,Compresor,Bajio,2.0,6503.33,13006.66,14,Si,False
MOV-01667,05/02/2025,REF-109,Ventilador evaporador,Ventilacion,Centro,3.0,1016.36,3049.08,8,No,False
MOV-01560,05/08/2025,REF-105,Gas refrigerante R-404a,Refrigerante,Centro,1.0,1529.69,1529.69,6,Si,False
MOV-00169,02/01/2025,REF-104,Gas refrigerante R-134a,Refrigerante,Sureste,2.0,924.8,1849.6,4,Si,False
MOV-00148,10/01/2025,REF-118,Contactor,Electrico,Occidente,3.0,,1214.16,5,No,False
MOV-00793,08/02/2025,REF-105,Gas refrigerante R-404a,Refrigerante,Norte,1.0,1364.45,1364.45,6,Si,False
MOV-01702,05/11/2025,REF-116,Motor de damper,Ventilacion,Bajio,1.0,816.45,816.45,10,No,False
MOV-00203,11/09/2025,REF-112,Capacitor de arranque,Electrico,Sureste,1.0,273.3,273.3,4,No,False
MOV-01361,25/06/2025,REF-106,Termostato digital,Control,Centro,3.0,607.24,1821.72,5,No,False
MOV-01817,01/03/2025,REF-113,Filtro deshidratador,Filtro,Norte,1.0,155.28,155.28,5,No,False
MOV-01384,02/08/2025,REF-105,Gas refrigerante R-404a,Refrigerante,Norte,2.0,1570.82,3141.64,6,Si,False
MOV-02053,07/03/2025,REF-118,Contactor,Electrico,Centro,3.0,416.88,1250.64,5,No,False
MOV-00026,25/05/2025,REF-108,Empaque de puerta,Sello,Sureste,3.0,497.61,1492.83,7,Si,False
MOV-01719,16/05/2025,REF-105,Gas refrigerante R-404a,Refrigerante,Norte,2.0,1489.27,2978.54,6,Si,False
MOV-01990,17/11/2025,REF-112,Capacitor de arranque,Electrico,Sureste,1.0,239.97,239.97,4,No,False
MOV-00690,12/07/2025,REF-112,Capacitor de arranque,Electrico,Sureste,3.0,230.73,692.19,4,No,False
MOV-01834,14/09/2025,REF-104,Gas refrigerante R-134a,Refrigerante,Bajio,3.0,937.01,2811.03,4,Si,True
MOV-02000,09/02/2025,REF-103,Compresor 3/4 HP,Compresor,Centro,3.0,8443.81,25331.43,18,Si,False
MOV-00161,16/08/2025,REF-104,Gas refrigerante R-134a,Refrigerante,Bajio,5.0,958.17,4790.85,4,Si,False
MOV-00974,03/05/2025,REF-118,Contactor,Electrico,Centro,2.0,456.3,912.6,5,No,False
MOV-00305,29/05/2025,REF-107,Termostato mecanico,Control,Bajio,2.0,327.56,655.12,3,No,False
MOV-02036,21/08/2025,REF-107,Termostato mecanico,Control,Centro,2.0,282.61,565.22,3,No,False
MOV-00141,30/04/2025,REF-106,Termostato digital,Control,Sureste,3.0,634.56,1903.68,5,No,False
MOV-00979,08/11/2025,REF-108,Empaque de puerta,Sello,Occidente,3.0,468.51,1405.53,7,Si,False
MOV-01656,30/12/2025,REF-111,Rele de arranque,Electrico,Bajio,1.0,189.45,189.45,3,No,False
MOV-00265,30/06/2025,REF-108,Empaque de puerta,Sello, Norte,1.0,501.49,501.49,7,Si,False
MOV-01154,22/11/2025,REF-105,Gas refrigerante R-404a,Refrigerante,Bajio,2.0,1339.41,2678.82,6,Si,False
MOV-01349,27/09/2025,REF-112,Capacitor de arranque,Electrico,Centro,2.0,238.64,477.28,4,No,False
MOV-01794,20/01/2025,REF-102,Compresor 1/2 HP,Compresor,Norte,2.0,6689.24,13378.48,14,Si,False
MOV-00041,29/09/2025,REF-107,Termostato mecanico,Control,Centro,-2.0,288.65,577.3,3,No,False
MOV-00017,20/08/2025,REF-101,Compresor 1/3 HP,Compresor,Centro,3.0,,16268.13,12,Si,False
MOV-01421,10/10/2025,REF-117,Sensor de temperatura,Control,Norte,2.0,301.62,603.24,4,No,False
MOV-00488,29/10/2025,REF-107,Termostato mecanico,Control,Norte,1.0,284.12,284.12,3,No,False
MOV-00493,21/09/2025,REF-103,Compresor 3/4 HP,Compresor,Centro,1.0,7790.35,7790.35,18,Si,False
MOV-00986,26/12/2025,REF-118,Contactor,Electrico,Centro,1.0,441.47,441.47,5,No,False
MOV-00917,23/01/2025,REF-105,Gas refrigerante R-404a,Refrigerante,Centro,,1552.77,1552.77,6,Si,False
MOV-00066,20/08/2025,REF-108,Empaque de puerta,Sello,Norte,2.0,506.62,1013.24,7,Si,True
MOV-00059,02/06/2025,REF-117,Sensor de temperatura,Control,Norte,1.0,335.01,335.01,4,No,False
MOV-01140,08/01/2025,REF-110,Ventilador condensador,Ventilacion,Centro,1.0,1036.8,1036.8,9,No,False
MOV-01942,09/06/2025,REF-113,Filtro deshidratador,Filtro, Occidente,3.0,157.43,472.29,5,No,False
MOV-00028,26/04/2025,REF-108,Empaque de puerta,Sello,Centro,1.0,462.62,462.62,7,Si,False
MOV-00871,02/04/2025,REF-102,Compresor 1/2 HP,Compresor,Bajio,3.0,6640.94,19922.82,14,Si,False
MOV-00826,22/07/2025,REF-113,Filtro deshidratador,Filtro,Occidente,3.0,155.68,467.04,5,No,False
MOV-01257,19/08/2025,REF-108,Empaque de puerta,Sello,Bajio,1.0,532.84,532.84,7,Si,False
MOV-01738,11/02/2025,REF-114,Valvula de expansion,Control,Bajio,3.0,1497.2,4491.6,11,No,False
MOV-00709,10/03/2025,REF-103,Compresor 3/4 HP,Compresor,Norte,1.0,8719.47,8719.47,18,Si,False
MOV-00320,03/10/2025,REF-112,Capacitor de arranque,Electrico,Centro,3.0,259.15,777.45,4,No,False
MOV-00926,22/06/2025,REF-106,Termostato digital,Control,BAJIO,3.0,640.76,1922.28,5,No,True
MOV-00181,22/02/2025,REF-114,Valvula de expansion,Control,Centro,1.0,1317.7,1317.7,11,No,False
MOV-00147,26/02/2025,REF-108,Empaque de puerta,Sello,Bajio,3.0,539.96,1619.88,7,Si,True
MOV-02088,29/06/2025,REF-104,Gas refrigerante R-134a,Refrigerante,Sureste,3.0,986.24,2958.72,4,Si,False
MOV-01148,06/07/2025,REF-109,Ventilador evaporador,Ventilacion,Norte,3.0,904.38,2713.14,8,No,False
MOV-00633,14/07/2025,REF-106,Termostato digital,Control,Occidente,3.0,623.46,1870.38,5,No,False
MOV-01734,18/09/2025,REF-107,Termostato mecanico,Control,Sureste,3.0,278.18,834.54,3,No,False
MOV-00817,09/04/2025,REF-107,Termostato mecanico,Control,Bajio,3.0,283.65,850.95,3,No,False
MOV-02096,14/06/2025,REF-103,Compresor 3/4 HP,Compresor,Bajio,3.0,7771.92,23315.76,18,Si,True
MOV-00290,22/01/2025,REF-114,Valvula de expansion,Control,Norte,1.0,1351.04,1351.04,11,No,False
MOV-00992,11/07/2025,REF-102,Compresor 1/2 HP,Compresor,Centro,2.0,6514.01,13028.02,14,Si,False
MOV-00288,14/12/2025,REF-102,Compresor 1/2 HP,Compresor,Occidente,2.0,6822.66,13645.32,14,Si,False
MOV-00350,04/04/2025,REF-109,Ventilador evaporador,Ventilacion,Occidente,3.0,878.83,2636.49,8,No,False
MOV-02054,14/05/2025,REF-103,Compresor 3/4 HP,Compresor,Norte,4.0,8287.71,33150.84,18,Si,False
MOV-00892,18/08/2025,REF-118,Contactor,Electrico,Norte,1.0,462.03,462.03,5,No,False
MOV-00264,02/04/2025,REF-111,Rele de arranque,Electrico,Norte,2.0,173.74,347.48,3,No,False
MOV-01949,17/08/2025,REF-104,Gas refrigerante R-134a,Refrigerante,Bajio,3.0,999.41,2998.23,4,Si,False
MOV-00204,03/02/2025,REF-101,Compresor 1/3 HP,Compresor,Norte,2.0,5337.84,10675.68,12,Si,False
MOV-00516,26/06/2025,REF-108,Empaque de puerta,Sello,Sureste,3.0,541.61,1624.83,7,Si,False
MOV-02067,16/07/2025,REF-110,Ventilador condensador,Ventilacion,OCCIDENTE,3.0,1032.31,3096.93,9,No,False
MOV-00756,20/09/2025,REF-117,Sensor de temperatura,Control,Centro,1.0,318.06,318.06,4,No,False
MOV-00071,06/08/2025,REF-101,Compresor 1/3 HP,Compresor,Norte,3.0,4995.96,14987.88,12,Si,False
MOV-00694,18/06/2025,REF-101,Compresor 1/3 HP,Compresor,Centro,5.0,5435.84,27179.2,12,Si,False
MOV-00129,07/10/2025,REF-105,Gas refrigerante R-404a,Refrigerante,Occidente,1.0,1599.27,1599.27,6,Si,False
MOV-00483,18/09/2025,REF-112,Capacitor de arranque,Electrico,Occidente,3.0,,801.06,4,No,False
MOV-01726,22/11/2025,REF-106,Termostato digital,Control,Centro,3.0,673.13,2019.39,5,No,False
MOV-00824,10/07/2025,REF-107,Termostato mecanico,Control,Sureste,2.0,319.76,639.52,3,No,False
MOV-01389,07/06/2025,REF-105,Gas refrigerante R-404a,Refrigerante,Norte,3.0,1606.39,4819.17,6,Si,False
MOV-01222,08/03/2025,REF-116,Motor de damper,Ventilacion,Centro,2.0,788.3,1576.6,10,No,False
MOV-01618,16/10/2025,REF-116,Motor de damper,Ventilacion,Norte,2.0,791.9,1583.8,10,No,False
MOV-01295,09/01/2025,REF-104,Gas refrigerante R-134a,Refrigerante,Occidente,3.0,1023.91,3071.73,4,Si,False
MOV-01019,15/11/2025,REF-107,Termostato mecanico,Control,Centro,3.0,313.25,939.75,3,No,False
MOV-00411,31/10/2025,REF-102,Compresor 1/2 HP,Compresor,Centro,2.0,6447.77,12895.54,14,Si,False
MOV-01338,25/02/2025,REF-101,Compresor 1/3 HP,Compresor,Bajio,2.0,4916.46,9832.92,12,Si,False
MOV-01528,25/09/2025,REF-101,Compresor 1/3 HP,Compresor,Centro,3.0,5411.83,16235.49,12,Si,False
MOV-01692,25/08/2025,REF-112,Capacitor de arranque,Electrico,Centro,1.0,256.71,256.71,4,No,False
MOV-02021,18/12/2025,REF-101,Compresor 1/3 HP,Compresor,Occidente,2.0,5463.66,10927.32,12,Si,False
MOV-00891,16/11/2025,REF-104,Gas refrigerante R-134a,Refrigerante,Centro,1.0,922.03,922.03,4,Si,False
MOV-01922,10/05/2025,REF-104,Gas refrigerante R-134a,Refrigerante,Centro,3.0,1046.68,3140.04,4,Si,False
MOV-01549,28/06/2025,REF-104,Gas refrigerante R-134a,Refrigerante,Sureste,2.0,1059.26,2118.52,4,Si,False
MOV-00716,13/11/2025,REF-114,Valvula de expansion,Control,Norte,3.0,1472.81,4418.43,11,No,False
MOV-00753,20/11/2025,REF-103,Compresor 3/4 HP,Compresor,Centro,3.0,8424.22,25272.66,18,Si,False
MOV-00757,13/12/2025,REF-117,Sensor de temperatura,Control,Norte,1.0,351.88,351.88,4,No,False
MOV-01193,02/11/2025,REF-103,Compresor 3/4 HP,Compresor,Occidente,3.0,8328.44,24985.32,18,Si,False
MOV-00751,05/09/2025,REF-110,Ventilador condensador,Ventilacion,Centro,2.0,1077.81,2155.62,9,No,False
MOV-01169,17/04/2025,REF-108,Empaque de puerta,Sello,Centro,1.0,476.35,476.35,7,Si,False
MOV-01988,31/01/2025,REF-101,Compresor 1/3 HP,Compresor,Sureste,2.0,5282.99,10565.98,12,Si,True
MOV-01250,20/09/2025,REF-113,Filtro deshidratador,Filtro,Norte,3.0,173.03,519.09,5,No,False
MOV-00372,05/10/2025,REF-114,Valvula de expansion,Control,Norte,1.0,1475.35,1475.35,11,No,False
MOV-00707,16/06/2025,REF-108,Empaque de puerta,Sello, Sureste,2.0,515.97,1031.94,7,Si,True
MOV-00329,27/03/2025,REF-116,Motor de damper,Ventilacion,Sureste,1.0,892.91,892.91,10,No,False
MOV-01089,23/12/2025,REF-102,Compresor 1/2 HP,Compresor,Bajio,3.0,6070.46,18211.38,14,Si,False
MOV-01906,07/07/2025,REF-104,Gas refrigerante R-134a,Refrigerante,Bajio,2.0,958.28,1916.56,4,Si,False
MOV-00616,29/01/2025,REF-112,Capacitor de arranque,Electrico,Bajio,3.0,253.37,760.11,4,No,False
MOV-00761,02/11/2025,REF-117,Sensor de temperatura,Control,Norte,1.0,,298.18,4,No,False
MOV-01628,06/06/2025,REF-113,Filtro deshidratador,Filtro,Sureste,2.0,155.25,310.5,5,No,False
MOV-02084,23/10/2025,REF-112,Capacitor de arranque,Electrico,Norte,2.0,250.68,501.36,4,No,False
MOV-00319,28/01/2025,REF-115,Resistencia de deshielo,Electrico,Centro,1.0,526.68,526.68,6,No,True
MOV-01704,30/09/2025,REF-113,Filtro deshidratador,Filtro,Norte,3.0,158.59,475.77,5,No,False
MOV-00291,26/10/2025,REF-118,Contactor,Electrico,Centro,3.0,413.01,1239.03,5,No,False
MOV-00038,02/11/2025,REF-115,Resistencia de deshielo,Electrico,Centro,3.0,539.74,1619.22,6,No,False
MOV-00887,14/08/2025,REF-112,Capacitor de arranque,Electrico,Bajio,1.0,249.08,249.08,4,No,True
MOV-00985,27/08/2025,REF-114,Valvula de expansion,Control,Occidente,1.0,1296.76,1296.76,11,No,False
MOV-01941,23/02/2025,REF-102,Compresor 1/2 HP,Compresor,Centro,1.0,5902.61,5902.61,14,Si,False
MOV-01486,14/12/2025,REF-116,Motor de damper,Ventilacion,Centro,2.0,860.96,1721.92,10,No,False
MOV-00122,22/04/2025,REF-101,Compresor 1/3 HP,Compresor,Sureste,3.0,4902.62,14707.86,12,Si,False
MOV-00558,08/01/2025,REF-102,Compresor 1/2 HP,Compresor,Norte,3.0,6343.64,19030.92,14,Si,False
MOV-00500,28/03/2025,REF-104,Gas refrigerante R-134a,Refrigerante,Occidente,3.0,1071.38,3214.14,4,Si,False
MOV-01757,28/05/2025,REF-106,Termostato digital,Control,Sureste,3.0,695.5,2086.5,5,No,False
MOV-01774,21/11/2025,REF-115,Resistencia de deshielo,Electrico,Bajio,2.0,620.49,1240.98,6,No,False
MOV-01039,09/11/2025,REF-104,Gas refrigerante R-134a,Refrigerante,Norte,2.0,1032.58,2065.16,4,Si,True
MOV-01582,12/05/2025,REF-118,Contactor,Electrico,Bajio,1.0,423.06,423.06,5,No,False
MOV-01690,09/06/2025,REF-108,Empaque de puerta,Sello,Centro,1.0,538.64,538.64,7,Si,False
MOV-00860,12/05/2025,REF-101,Compresor 1/3 HP,Compresor,Norte,3.0,4616.03,13848.09,12,Si,False
MOV-01401,04/12/2025,REF-116,Motor de damper,Ventilacion,Bajio,3.0,755.09,2265.27,10,No,False
MOV-01660,20/12/2025,REF-112,Capacitor de arranque,Electrico,Centro,3.0,255.38,766.14,4,No,False
MOV-01677,05/07/2025,REF-104,Gas refrigerante R-134a,Refrigerante,Centro,2.0,952.75,1905.5,4,Si,False
MOV-00127,04/09/2025,REF-108,Empaque de puerta,Sello,CENTRO,1.0,470.78,470.78,7,Si,False
MOV-00313,13/06/2025,REF-114,Valvula de expansion,Control,Sureste,2.0,1302.95,2605.9,11,No,False
MOV-01482,10/09/2025,REF-105,Gas refrigerante R-404a,Refrigerante,Sureste,3.0,1396.39,4189.17,6,Si,True
MOV-00298,11/07/2025,REF-113,Filtro deshidratador,Filtro,Norte,2.0,170.29,340.58,5,No,False
MOV-01976,19/11/2025,REF-101,Compresor 1/3 HP,Compresor,Bajio,1.0,5283.03,5283.03,12,Si,True
MOV-01519,03/08/2025,REF-116,Motor de damper,Ventilacion,Bajio,2.0,803.45,1606.9,10,No,True
MOV-01926,28/03/2025,REF-107,Termostato mecanico,Control,Occidente,3.0,313.35,940.05,3,No,False
MOV-00592,31/03/2025,REF-105,Gas refrigerante R-404a,Refrigerante,Occidente,1.0,1540.97,1540.97,6,Si,False
MOV-00005,10/10/2025,REF-118,Contactor,Electrico,Norte,1.0,423.61,423.61,5,No,False
MOV-02008,10/11/2025,REF-104,Gas refrigerante R-134a,Refrigerante,Centro,1.0,1000.51,1000.51,4,Si,False
MOV-01249,25/11/2025,REF-114,Valvula de expansion,Control,Occidente,1.0,1343.04,1343.04,11,No,False
MOV-00841,27/06/2025,REF-111,Rele de arranque,Electrico,Bajio,2.0,195.56,391.12,3,No,False
MOV-01171,22/05/2025,REF-101,Compresor 1/3 HP,Compresor,Bajio,2.0,5283.37,10566.74,12,Si,True
MOV-00102,26/04/2025,REF-104,Gas refrigerante R-134a,Refrigerante,Norte,3.0,957.88,2873.64,4,Si,False
MOV-00805,11/08/2025,REF-114,Valvula de expansion,Control,Centro,1.0,1535.72,1535.72,11,No,False
MOV-00897,03/06/2025,REF-109,Ventilador evaporador,Ventilacion,Centro,3.0,1022.84,3068.52,8,No,False
MOV-00286,12/12/2025,REF-101,Compresor 1/3 HP,Compresor,Centro,1.0,5041.0,5041.0,12,Si,False
MOV-01208,12/08/2025,REF-112,Capacitor de arranque,Electrico,Centro,3.0,261.29,783.87,4,No,True
MOV-01388,26/11/2025,REF-112,Capacitor de arranque,Electrico,Norte,2.0,261.97,523.94,4,No,False
MOV-00380,20/05/2025,REF-104,Gas refrigerante R-134a,Refrigerante,Norte,2.0,1063.4,2126.8,4,Si,False
MOV-00223,28/06/2025,REF-107,Termostato mecanico,Control,Norte,1.0,282.52,282.52,3,No,False
MOV-01898,14/02/2025,REF-115,Resistencia de deshielo,Electrico,Occidente,3.0,566.13,1698.39,6,No,False
MOV-01264,26/05/2025,REF-116,Motor de damper,Ventilacion,Occidente,1.0,803.83,803.83,10,No,True
MOV-00388,22/12/2025,REF-102,Compresor 1/2 HP,Compresor,Bajio,1.0,6201.7,6201.7,14,Si,False
MOV-01122,03/07/2025,REF-109,Ventilador evaporador,Ventilacion,Occidente,3.0,975.9,2927.7,8,No,False
MOV-01224,22/08/2025,REF-109,Ventilador evaporador,Ventilacion,Norte,1.0,935.07,935.07,8,No,False
MOV-00145,01/12/2025,REF-105,Gas refrigerante R-404a,Refrigerante,Centro,2.0,1331.33,2662.66,6,Si,False
MOV-00087,14/11/2025,REF-105,Gas refrigerante R-404a,Refrigerante,Bajio,3.0,1496.98,4490.94,6,Si,False
MOV-00074,08/09/2025,REF-115,Resistencia de deshielo,Electrico, Bajio,2.0,587.42,1174.84,6,No,False
MOV-00591,08/03/2025,REF-104,Gas refrigerante R-134a,Refrigerante,Sureste,1.0,1083.2,1083.2,4,Si,False
MOV-00856,12/07/2025,REF-105,Gas refrigerante R-404a,Refrigerante,Occidente,3.0,1346.72,4040.16,6,Si,False
MOV-00270,03/02/2025,REF-113,Filtro deshidratador,Filtro,Sureste,1.0,183.14,183.14,5,No,False
MOV-00632,09/09/2025,REF-108,Empaque de puerta,Sello,Occidente,2.0,524.9,1049.8,7,Si,False
MOV-01587,27/12/2025,REF-105,Gas refrigerante R-404a,Refrigerante, Centro,2.0,1356.65,2713.3,6,Si,False
MOV-01729,22/05/2025,REF-111,Rele de arranque,Electrico,Occidente,1.0,175.02,175.02,3,No,False
MOV-01760,26/03/2025,REF-104,Gas refrigerante R-134a,Refrigerante,Norte,1.0,949.37,949.37,4,Si,True
MOV-00569,11/09/2025,REF-118,Contactor,Electrico,Centro,2.0,425.13,850.26,5,No,False
MOV-01454,19/03/2025,REF-101,Compresor 1/3 HP,Compresor,Norte,1.0,5411.1,5411.1,12,Si,False
MOV-00686,03/06/2025,REF-108,Empaque de puerta,Sello,Centro,3.0,508.31,1524.93,7,Si,False
MOV-00285,27/08/2025,REF-101,Compresor 1/3 HP,Compresor, Centro,3.0,5100.75,15302.25,12,Si,False
MOV-01851,31/03/2025,REF-114,Valvula de expansion,Control,Occidente,3.0,1398.18,4194.54,11,No,False
MOV-00821,09/03/2025,REF-109,Ventilador evaporador,Ventilacion,Norte,1.0,953.8,953.8,8,No,False
MOV-00567,15/01/2025,REF-102,Compresor 1/2 HP,Compresor,Bajio,2.0,6312.03,12624.06,14,Si,False
MOV-01481,13/03/2025,REF-105,Gas refrigerante R-404a,Refrigerante,Sureste,1.0,1334.05,1334.05,6,Si,False
MOV-01286,27/07/2025,REF-104,Gas refrigerante R-134a,Refrigerante,Bajio,5.0,971.45,4857.25,4,Si,False
MOV-00647,25/04/2025,REF-107,Termostato mecanico,Control,Occidente,2.0,278.61,557.22,3,No,False
MOV-00499,17/06/2025,REF-113,Filtro deshidratador,Filtro,Occidente,3.0,155.28,465.84,5,No,True
MOV-02040,21/03/2025,REF-101,Compresor 1/3 HP,Compresor, Occidente,1.0,5420.5,5420.5,12,Si,False
MOV-00266,13/04/2025,REF-117,Sensor de temperatura,Control,Centro,2.0,312.06,624.12,4,No,False
MOV-01419,25/11/2025,REF-115,Resistencia de deshielo,Electrico,Bajio,2.0,519.46,1038.92,6,No,False
MOV-00194,02/05/2025,REF-110,Ventilador condensador,Ventilacion,Norte,1.0,1150.98,1150.98,9,No,False
MOV-01822,18/07/2025,REF-109,Ventilador evaporador,Ventilacion,Centro,1.0,954.56,954.56,8,No,False
MOV-01698,21/08/2025,REF-105,Gas refrigerante R-404a,Refrigerante,Centro,2.0,1458.6,2917.2,6,Si,False
MOV-00915,31/03/2025,REF-116,Motor de damper,Ventilacion,Centro,3.0,842.52,2527.56,10,No,False
MOV-01285,18/09/2025,REF-110,Ventilador condensador,Ventilacion,Norte,1.0,1099.01,1099.01,9,No,False
MOV-01312,27/12/2025,REF-108,Empaque de puerta,Sello,Occidente,3.0,469.38,1408.14,7,Si,False
MOV-01552,08/05/2025,REF-109,Ventilador evaporador,Ventilacion,Bajio,2.0,909.26,1818.52,8,No,False
MOV-01353,19/10/2025,REF-103,Compresor 3/4 HP,Compresor,Centro,-3.0,7716.63,23149.89,18,Si,False
MOV-00222,06/05/2025,REF-104,Gas refrigerante R-134a,Refrigerante,Centro,1.0,910.17,910.17,4,Si,True
MOV-00746,22/01/2025,REF-117,Sensor de temperatura,Control,Norte,3.0,343.68,1031.04,4,No,False
MOV-00200,17/08/2025,REF-101,Compresor 1/3 HP,Compresor,Centro,4.0,4749.88,18999.52,12,Si,True
MOV-00907,05/08/2025,REF-117,Sensor de temperatura,Control,Norte,3.0,356.31,1068.93,4,No,False
MOV-00846,29/11/2025,REF-109,Ventilador evaporador,Ventilacion,Norte,1.0,961.87,961.87,8,No,True
MOV-00116,08/02/2025,REF-114,Valvula de expansion,Control,Sureste,1.0,1446.08,1446.08,11,No,False
MOV-01143,10/12/2025,REF-104,Gas refrigerante R-134a,Refrigerante,Sureste,2.0,1051.68,2103.36,4,Si,True
MOV-01086,21/02/2025,REF-116,Motor de damper,Ventilacion,Norte,3.0,873.04,2619.12,10,No,False
MOV-01913,18/01/2025,REF-106,Termostato digital,Control,Centro,1.0,642.51,642.51,5,No,False
MOV-01491,10/05/2025,REF-102,Compresor 1/2 HP,Compresor,Centro,3.0,6106.09,18318.27,14,Si,True
MOV-01611,13/02/2025,REF-118,Contactor,Electrico,Bajio,2.0,409.21,818.42,5,No,False
MOV-00412,22/08/2025,REF-110,Ventilador condensador,Ventilacion,Norte,2.0,1073.56,2147.12,9,No,True
MOV-01625,13/09/2025,REF-118,Contactor,Electrico,Centro,3.0,438.41,1315.23,5,No,False
MOV-01052,23/09/2025,REF-102,Compresor 1/2 HP,Compresor,Centro,2.0,6179.01,12358.02,14,Si,False
MOV-01584,10/03/2025,REF-105,Gas refrigerante R-404a,Refrigerante, Bajio,3.0,1386.37,4159.11,6,Si,False
MOV-00382,15/08/2025,REF-118,Contactor,Electrico,Occidente,3.0,,1400.88,5,No,False
MOV-01175,22/02/2025,REF-102,Compresor 1/2 HP,Compresor,Norte,3.0,6216.31,18648.93,14,Si,True
MOV-01637,17/10/2025,REF-102,Compresor 1/2 HP,Compresor,Bajio,3.0,5981.87,17945.61,14,Si,False
MOV-01406,18/06/2025,REF-110,Ventilador condensador,Ventilacion,Centro,3.0,1172.96,3518.88,9,No,False
MOV-02015,02/09/2025,REF-105,Gas refrigerante R-404a,Refrigerante,Centro,3.0,1343.67,4031.01,6,Si,False
MOV-00621,22/12/2025,REF-108,Empaque de puerta,Sello,Occidente,2.0,481.48,962.96,7,Si,False
MOV-00158,28/03/2025,REF-107,Termostato mecanico,Control,Centro,3.0,310.63,931.89,3,No,False
MOV-01932,11/11/2025,REF-105,Gas refrigerante R-404a,Refrigerante,Centro,2.0,1452.61,2905.22,6,Si,False
MOV-00210,04/10/2025,REF-101,Compresor 1/3 HP,Compresor,Occidente,3.0,4984.0,14952.0,12,Si,False
MOV-00106,26/04/2025,REF-104,Gas refrigerante R-134a,Refrigerante,Norte,2.0,1017.25,2034.5,4,Si,False
MOV-01782,31/08/2025,REF-105,Gas refrigerante R-404a,Refrigerante,OCCIDENTE,4.0,1506.7,6026.8,6,Si,False
MOV-00719,15/03/2025,REF-112,Capacitor de arranque,Electrico,Centro,,262.55,787.65,4,No,False
MOV-00209,25/01/2025,REF-116,Motor de damper,Ventilacion,Occidente,2.0,811.26,1622.52,10,No,False
MOV-00912,24/08/2025,REF-104,Gas refrigerante R-134a,Refrigerante,Occidente,1.0,1078.2,1078.2,4,Si,True
MOV-00754,10/03/2025,REF-103,Compresor 3/4 HP,Compresor,Centro,2.0,7819.24,15638.48,18,Si,False
MOV-01887,25/01/2025,REF-111,Rele de arranque,Electrico,Sureste,1.0,173.0,173.0,3,No,False
MOV-00259,10/12/2025,REF-103,Compresor 3/4 HP,Compresor, Norte,1.0,8549.34,8549.34,18,Si,False
MOV-01151,22/01/2025,REF-101,Compresor 1/3 HP,Compresor,Sureste,1.0,4939.08,4939.08,12,Si,False
MOV-00597,25/04/2025,REF-105,Gas refrigerante R-404a,Refrigerante,Norte,3.0,1330.89,3992.67,6,Si,False
MOV-00363,04/02/2025,REF-103,Compresor 3/4 HP,Compresor,Centro,1.0,8380.37,8380.37,18,Si,False
MOV-02085,28/06/2025,REF-109,Ventilador evaporador,Ventilacion,Centro,3.0,955.77,2867.31,8,No,False
MOV-00957,03/05/2025,REF-106,Termostato digital,Control,Norte,2.0,709.38,1418.76,5,No,False
MOV-01854,06/06/2025,REF-115,Resistencia de deshielo,Electrico,Bajio,2.0,557.35,1114.7,6,No,False
MOV-02049,03/01/2025,REF-112,Capacitor de arranque,Electrico,Centro,2.0,266.29,532.58,4,No,False
MOV-01105,14/05/2025,REF-116,Motor de damper,Ventilacion,Centro,3.0,813.14,2439.42,10,No,False
MOV-01021,22/07/2025,REF-103,Compresor 3/4 HP,Compresor,Norte,3.0,8759.33,26277.99,18,Si,False
MOV-00444,22/12/2025,REF-106,Termostato digital,Control,Sureste,1.0,679.47,679.47,5,No,False
MOV-02074,09/02/2025,REF-109,Ventilador evaporador,Ventilacion,Bajio,1.0,881.68,881.68,8,No,False
MOV-00977,19/10/2025,REF-118,Contactor,Electrico,Centro,2.0,447.15,894.3,5,No,False
MOV-00455,14/01/2025,REF-118,Contactor,Electrico,Norte,1.0,400.2,400.2,5,No,False
MOV-01229,23/01/2025,REF-108,Empaque de puerta,Sello,Norte,2.0,533.92,1067.84,7,Si,True
MOV-01235,02/11/2025,REF-113,Filtro deshidratador,Filtro,Sureste,1.0,155.52,155.52,5,No,False
MOV-00182,15/01/2025,REF-109,Ventilador evaporador,Ventilacion,Norte,3.0,966.67,2900.01,8,No,False
MOV-01444,28/10/2025,REF-111,Rele de arranque,Electrico,Centro,2.0,199.73,399.46,3,No,False
MOV-01423,13/07/2025,REF-117,Sensor de temperatura,Control,Centro,3.0,321.07,963.21,4,No,False
MOV-01380,14/02/2025,REF-113,Filtro deshidratador,Filtro,Occidente,1.0,176.31,176.31,5,No,False
MOV-01725,14/01/2025,REF-104,Gas refrigerante R-134a,Refrigerante,Sureste,2.0,1080.99,2161.98,4,Si,True
MOV-01682,17/11/2025,REF-108,Empaque de puerta,Sello,Centro,1.0,513.49,513.49,7,Si,False
MOV-01803,05/09/2025,REF-117,Sensor de temperatura,Control,Occidente,3.0,330.85,992.55,4,No,False
MOV-00272,25/03/2025,REF-108,Empaque de puerta,Sello,Sureste,3.0,509.44,1528.32,7,Si,False
MOV-00100,15/03/2025,REF-104,Gas refrigerante R-134a,Refrigerante,Sureste,3.0,1031.31,3093.93,4,Si,False
MOV-01172,30/01/2025,REF-103,Compresor 3/4 HP,Compresor,Sureste,3.0,7976.36,23929.08,18,Si,False
MOV-01901,27/05/2025,REF-110,Ventilador condensador,Ventilacion,Bajio,3.0,1032.11,3096.33,9,No,False
MOV-00512,28/11/2025,REF-105,Gas refrigerante R-404a,Refrigerante,Centro,1.0,1540.81,1540.81,6,Si,False
MOV-01462,17/08/2025,REF-116,Motor de damper,Ventilacion,Centro,2.0,790.62,1581.24,10,No,False
MOV-01058,06/09/2025,REF-103,Compresor 3/4 HP,Compresor,Centro,3.0,8441.74,25325.22,18,Si,False
MOV-00198,25/08/2025,REF-102,Compresor 1/2 HP,Compresor,Norte,1.0,6263.95,6263.95,14,Si,True
MOV-01860,14/04/2025,REF-113,Filtro deshidratador,Filtro,OCCIDENTE,3.0,172.42,517.26,5,No,False
MOV-00304,05/05/2025,REF-105,Gas refrigerante R-404a,Refrigerante,Occidente,3.0,1429.99,4289.97,6,Si,False
MOV-01839,02/11/2025,REF-111,Rele de arranque,Electrico,Centro,1.0,183.71,183.71,3,No,False
MOV-00047,19/03/2025,REF-104,Gas refrigerante R-134a,Refrigerante,Bajio,1.0,1082.1,1082.1,4,Si,False
MOV-00801,18/06/2025,REF-114,Valvula de expansion,Control,Norte,2.0,1475.43,2950.86,11,No,False
MOV-01753,18/03/2025,REF-117,Sensor de temperatura,Control,Bajio,1.0,330.07,330.07,4,No,False
MOV-00248,01/05/2025,REF-104,Gas refrigerante R-134a,Refrigerante,Sureste,2.0,990.15,1980.3,4,Si,False
MOV-00489,29/10/2025,REF-113,Filtro deshidratador,Filtro,Bajio,2.0,173.69,347.38,5,No,False
MOV-01781,17/04/2025,REF-113,Filtro deshidratador,Filtro,Bajio,1.0,159.41,159.41,5,No,False
MOV-00229,27/11/2025,REF-103,Compresor 3/4 HP,Compresor,Norte,2.0,9058.08,18116.16,18,Si,False
MOV-00671,01/08/2025,REF-109,Ventilador evaporador,Ventilacion,Norte,2.0,945.49,1890.98,8,No,False
MOV-01878,17/09/2025,REF-115,Resistencia de deshielo,Electrico,Norte,3.0,603.03,1809.09,6,No,False
MOV-00154,22/02/2025,REF-111,Rele de arranque,Electrico,Bajio,2.0,187.81,375.62,3,No,False
MOV-01578,01/02/2025,REF-114,Valvula de expansion,Control,Bajio,2.0,1322.84,2645.68,11,No,False
MOV-00650,27/11/2025,REF-113,Filtro deshidratador,Filtro,Occidente,2.0,168.34,336.68,5,No,False
MOV-00832,28/07/2025,REF-117,Sensor de temperatura,Control,Centro,3.0,323.28,969.84,4,No,False
MOV-01885,24/09/2025,REF-107,Termostato mecanico,Control,Centro,1.0,290.77,290.77,3,No,False
MOV-01766,29/11/2025,REF-111,Rele de arranque,Electrico,Occidente,1.0,198.36,198.36,3,No,False
MOV-01433,30/09/2025,REF-107,Termostato mecanico,Control,Centro,2.0,330.62,661.24,3,No,False
MOV-00340,01/11/2025,REF-103,Compresor 3/4 HP,Compresor,Norte,3.0,8690.33,26070.99,18,Si,False
MOV-02062,13/08/2025,REF-115,Resistencia de deshielo,Electrico,Centro,2.0,533.01,1066.02,6,No,False
MOV-00465,25/06/2025,REF-103,Compresor 3/4 HP,Compresor,Bajio,5.0,8446.84,42234.2,18,Si,False
MOV-00301,01/10/2025,REF-103,Compresor 3/4 HP,Compresor,CENTRO,3.0,8851.25,26553.75,18,Si,False
MOV-00634,11/12/2025,REF-105,Gas refrigerante R-404a,Refrigerante,Centro,3.0,1387.09,4161.27,6,Si,False
MOV-00410,28/11/2025,REF-101,Compresor 1/3 HP,Compresor,Centro,2.0,4617.38,9234.76,12,Si,False
MOV-01749,19/04/2025,REF-118,Contactor,Electrico, Bajio,2.0,477.21,954.42,5,No,False
MOV-00318,10/04/2025,REF-104,Gas refrigerante R-134a,Refrigerante,Norte,2.0,,2015.36,4,Si,False
MOV-00687,31/10/2025,REF-102,Compresor 1/2 HP,Compresor,Centro,2.0,6768.18,13536.36,14,Si,False
MOV-01395,11/12/2025,REF-102,Compresor 1/2 HP,Compresor,Occidente,1.0,6927.13,6927.13,14,Si,True
MOV-01662,27/04/2025,REF-109,Ventilador evaporador,Ventilacion,Bajio,1.0,851.44,851.44,8,No,False
MOV-01746,25/01/2025,REF-106,Termostato digital,Control,Centro,1.0,618.59,618.59,5,No,False
MOV-00604,20/03/2025,REF-113,Filtro deshidratador,Filtro,Centro,2.0,164.01,328.02,5,No,False
MOV-00037,15/03/2025,REF-109,Ventilador evaporador,Ventilacion,Norte,3.0,881.75,2645.25,8,No,False
MOV-02091,20/10/2025,REF-103,Compresor 3/4 HP,Compresor,Norte,3.0,8819.01,26457.03,18,Si,True
MOV-00473,13/08/2025,REF-104,Gas refrigerante R-134a,Refrigerante,Norte,3.0,993.67,2981.01,4,Si,False
MOV-01180,04/04/2025,REF-103,Compresor 3/4 HP,Compresor,Bajio,2.0,9048.92,18097.84,18,Si,False
MOV-01420,07/02/2025,REF-102,Compresor 1/2 HP,Compresor,Centro,2.0,6206.2,12412.4,14,Si,False
MOV-01820,28/08/2025,REF-104,Gas refrigerante R-134a,Refrigerante,Centro,5.0,968.58,4842.9,4,Si,False
MOV-01434,21/11/2025,REF-118,Contactor,Electrico,Occidente,2.0,429.77,859.54,5,No,False
MOV-01054,07/11/2025,REF-104,Gas refrigerante R-134a,Refrigerante,Bajio,2.0,1042.2,2084.4,4,Si,False
MOV-00421,26/05/2025,REF-114,Valvula de expansion,Control,Norte,1.0,1314.7,1314.7,11,No,False
MOV-00176,08/08/2025,REF-105,Gas refrigerante R-404a,Refrigerante,Bajio,3.0,1472.12,4416.36,6,Si,False
MOV-00417,07/01/2025,REF-107,Termostato mecanico,Control,Centro,3.0,286.82,860.46,3,No,False
MOV-01337,18/12/2025,REF-106,Termostato digital,Control,Occidente,1.0,609.36,609.36,5,No,False
MOV-01748,23/10/2025,REF-114,Valvula de expansion,Control,Centro,2.0,1389.44,2778.88,11,No,False
MOV-00312,23/06/2025,REF-115,Resistencia de deshielo,Electrico,Occidente,2.0,551.68,1103.36,6,No,False
MOV-00889,28/09/2025,REF-104,Gas refrigerante R-134a,Refrigerante,Occidente,1.0,904.97,904.97,4,Si,False
MOV-00216,21/01/2025,REF-103,Compresor 3/4 HP,Compresor,Bajio,2.0,8628.97,17257.94,18,Si,False
MOV-00884,23/01/2025,REF-103,Compresor 3/4 HP,Compresor,Occidente,1.0,9205.44,9205.44,18,Si,False
MOV-01674,03/04/2025,REF-114,Valvula de expansion,Control,Norte,2.0,1331.13,2662.26,11,No,False
MOV-00335,06/05/2025,REF-103,Compresor 3/4 HP,Compresor,Sureste,3.0,7913.22,23739.66,18,Si,False
MOV-00867,26/08/2025,REF-111,Rele de arranque,Electrico,Norte,1.0,200.08,200.08,3,No,False
MOV-01968,06/04/2025,REF-113,Filtro deshidratador,Filtro,Centro,2.0,160.38,320.76,5,No,False
MOV-01411,06/07/2025,REF-102,Compresor 1/2 HP,Compresor,Centro,4.0,6261.9,25047.6,14,Si,False
MOV-00357,22/03/2025,REF-104,Gas refrigerante R-134a,Refrigerante,Centro,3.0,913.73,2741.19,4,Si,False
MOV-01111,11/07/2025,REF-107,Termostato mecanico,Control,Sureste,2.0,297.27,594.54,3,No,False
MOV-01124,28/12/2025,REF-115,Resistencia de deshielo,Electrico,Occidente,1.0,555.07,555.07,6,No,False
MOV-00371,21/06/2025,REF-103,Compresor 3/4 HP,Compresor,Centro,5.0,8070.58,40352.9,18,Si,True
MOV-02035,27/11/2025,REF-102,Compresor 1/2 HP,Compresor,Norte,2.0,5988.98,11977.96,14,Si,False
MOV-00247,29/05/2025,REF-105,Gas refrigerante R-404a,Refrigerante,Norte,1.0,1380.05,1380.05,6,Si,False
MOV-01082,05/08/2025,REF-109,Ventilador evaporador,Ventilacion,Centro,3.0,954.52,2863.56,8,No,False
MOV-00564,11/03/2025,REF-118,Contactor,Electrico,Centro,2.0,407.11,814.22,5,No,False
MOV-00138,27/12/2025,REF-118,Contactor,Electrico,Occidente,2.0,426.08,852.16,5,No,False
MOV-00422,12/08/2025,REF-102,Compresor 1/2 HP,Compresor,Centro,5.0,7076.71,35383.55,14,Si,False
MOV-02031,23/04/2025,REF-108,Empaque de puerta,Sello,Occidente,2.0,540.55,1081.1,7,Si,False
MOV-00006,21/03/2025,REF-101,Compresor 1/3 HP,Compresor,Occidente,1.0,4647.13,4647.13,12,Si,False
MOV-01572,25/11/2025,REF-106,Termostato digital,Control,Occidente,2.0,624.24,1248.48,5,No,False
MOV-00612,21/03/2025,REF-118,Contactor,Electrico,Norte,3.0,416.44,1249.32,5,No,False
MOV-01465,19/06/2025,REF-117,Sensor de temperatura,Control,Centro,3.0,306.16,918.48,4,No,False
MOV-00051,18/04/2025,REF-103,Compresor 3/4 HP,Compresor,Bajio,1.0,9130.0,9130.0,18,Si,True
MOV-00566,15/03/2025,REF-106,Termostato digital,Control,Centro,1.0,598.43,598.43,5,No,False
MOV-01291,10/03/2025,REF-115,Resistencia de deshielo,Electrico,Sureste,1.0,614.08,614.08,6,No,True
MOV-00267,16/11/2025,REF-111,Rele de arranque,Electrico,Occidente,1.0,197.37,197.37,3,No,False
MOV-00225,25/01/2025,REF-101,Compresor 1/3 HP,Compresor,Occidente,1.0,4775.91,4775.91,12,Si,False
MOV-00638,15/01/2025,REF-107,Termostato mecanico,Control,Bajio,2.0,305.91,611.82,3,No,False
MOV-01372,01/12/2025,REF-101,Compresor 1/3 HP,Compresor,Norte,1.0,5349.55,5349.55,12,Si,False
MOV-01678,18/04/2025,REF-114,Valvula de expansion,Control,Norte,1.0,1302.45,1302.45,11,No,False
MOV-01872,12/03/2025,REF-114,Valvula de expansion,Control,Centro,2.0,1285.75,2571.5,11,No,False
MOV-00990,10/03/2025,REF-101,Compresor 1/3 HP,Compresor,Centro,1.0,5494.79,5494.79,12,Si,False
MOV-00081,09/08/2025,REF-109,Ventilador evaporador,Ventilacion,Norte,3.0,849.01,2547.03,8,No,False
MOV-01474,09/04/2025,REF-108,Empaque de puerta,Sello,Centro,1.0,485.13,485.13,7,Si,False
MOV-01588,03/11/2025,REF-108,Empaque de puerta,Sello,Centro,3.0,488.38,1465.14,7,Si,False
MOV-01744,17/06/2025,REF-113,Filtro deshidratador,Filtro,Norte,2.0,176.55,353.1,5,No,False
MOV-02041,04/03/2025,REF-109,Ventilador evaporador,Ventilacion,Occidente,2.0,879.97,1759.94,8,No,False
MOV-00217,05/11/2025,REF-101,Compresor 1/3 HP,Compresor,Centro,2.0,5130.19,10260.38,12,Si,False
MOV-01645,12/02/2025,REF-116,Motor de damper,Ventilacion,Occidente,1.0,810.11,810.11,10,No,False
MOV-00870,06/05/2025,REF-111,Rele de arranque,Electrico,Centro,2.0,186.89,373.78,3,No,True
MOV-00905,27/11/2025,REF-104,Gas refrigerante R-134a,Refrigerante,Centro,1.0,971.28,971.28,4,Si,False
MOV-01557,13/05/2025,REF-113,Filtro deshidratador,Filtro,Bajio,3.0,171.94,515.82,5,No,False
MOV-00325,20/11/2025,REF-113,Filtro deshidratador,Filtro,Centro,1.0,172.68,172.68,5,No,True
MOV-00607,17/03/2025,REF-108,Empaque de puerta,Sello,Norte,1.0,537.77,537.77,7,Si,False
MOV-00453,18/06/2025,REF-105,Gas refrigerante R-404a,Refrigerante,Bajio,1.0,1606.77,1606.77,6,Si,True
MOV-01987,15/12/2025,REF-110,Ventilador condensador,Ventilacion,SURESTE,3.0,1200.55,3601.65,9,No,False
MOV-01076,24/07/2025,REF-104,Gas refrigerante R-134a,Refrigerante,Bajio,4.0,990.19,3960.76,4,Si,False
MOV-00745,20/11/2025,REF-118,Contactor,Electrico,Centro,2.0,434.31,868.62,5,No,False
MOV-01853,02/02/2025,REF-113,Filtro deshidratador,Filtro,Occidente,2.0,173.76,347.52,5,No,False
MOV-00676,03/12/2025,REF-105,Gas refrigerante R-404a,Refrigerante,Sureste,1.0,1544.7,1544.7,6,Si,False
MOV-00140,27/03/2025,REF-110,Ventilador condensador,Ventilacion,Norte,3.0,1030.35,3091.05,9,No,False
MOV-00950,05/02/2025,REF-103,Compresor 3/4 HP,Compresor,Bajio,3.0,8311.33,24933.99,18,Si,False
MOV-01720,24/08/2025,REF-104,Gas refrigerante R-134a,Refrigerante,Norte,3.0,1058.47,3175.41,4,Si,False
MOV-00149,24/01/2025,REF-117,Sensor de temperatura,Control,Norte,2.0,351.41,702.82,4,No,True
MOV-01002,25/08/2025,REF-107,Termostato mecanico,Control,Occidente,1.0,323.53,323.53,3,No,False
MOV-01053,14/10/2025,REF-117,Sensor de temperatura,Control,BAJIO,2.0,322.86,645.72,4,No,False
MOV-01724,06/11/2025,REF-111,Rele de arranque,Electrico,Norte,3.0,189.28,567.84,3,No,False
MOV-01265,22/08/2025,REF-116,Motor de damper,Ventilacion,Centro,1.0,,850.88,10,No,False
MOV-01103,10/07/2025,REF-117,Sensor de temperatura,Control, Norte,1.0,352.46,352.46,4,No,False
MOV-01624,05/07/2025,REF-116,Motor de damper,Ventilacion,Occidente,2.0,861.43,1722.86,10,No,False
MOV-01707,09/12/2025,REF-104,Gas refrigerante R-134a,Refrigerante,Occidente,1.0,991.14,991.14,4,Si,False
MOV-00077,09/02/2025,REF-118,Contactor,Electrico,Sureste,2.0,468.73,937.46,5,No,False
MOV-01823,08/09/2025,REF-105,Gas refrigerante R-404a,Refrigerante,Centro,3.0,1555.75,4667.25,6,Si,False
MOV-01334,06/11/2025,REF-105,Gas refrigerante R-404a,Refrigerante,Bajio,2.0,1569.85,3139.7,6,Si,False
MOV-01964,06/03/2025,REF-101,Compresor 1/3 HP,Compresor,Norte,1.0,5305.26,5305.26,12,Si,True
MOV-00362,22/08/2025,REF-102,Compresor 1/2 HP,Compresor,Norte,5.0,6116.95,30584.75,14,Si,True
MOV-01590,09/09/2025,REF-108,Empaque de puerta,Sello,Centro,1.0,530.71,530.71,7,Si,False
MOV-02095,09/07/2025,REF-117,Sensor de temperatura,Control,Occidente,3.0,316.02,948.06,4,No,False
MOV-01110,19/10/2025,REF-104,Gas refrigerante R-134a,Refrigerante,Bajio,3.0,930.42,2791.26,4,Si,True
MOV-00960,21/06/2025,REF-110,Ventilador condensador,Ventilacion,Bajio,1.0,1128.46,1128.46,9,No,False
MOV-00501,21/11/2025,REF-103,Compresor 3/4 HP,Compresor,Occidente,-2.0,9161.65,18323.3,18,Si,False
MOV-01134,24/12/2025,REF-103,Compresor 3/4 HP,Compresor,Centro,3.0,8590.65,25771.95,18,Si,False
MOV-01055,02/06/2025,REF-102,Compresor 1/2 HP,Compresor,Sureste,4.0,6364.53,25458.12,14,Si,False
MOV-00506,24/09/2025,REF-107,Termostato mecanico,Control,Centro,3.0,303.83,911.49,3,No,True
MOV-00125,11/12/2025,REF-118,Contactor,Electrico,Sureste,2.0,470.83,941.66,5,No,False
MOV-01422,07/04/2025,REF-117,Sensor de temperatura,Control,Bajio,1.0,351.8,351.8,4,No,False
MOV-00710,02/10/2025,REF-101,Compresor 1/3 HP,Compresor,Centro,3.0,4561.34,13684.02,12,Si,False
MOV-01219,22/04/2025,REF-111,Rele de arranque,Electrico,Centro,3.0,180.1,540.3,3,No,False
MOV-00426,25/08/2025,REF-106,Termostato digital,Control,Centro,3.0,,2000.55,5,No,False
MOV-01495,10/11/2025,REF-116,Motor de damper,Ventilacion, Norte,3.0,846.16,2538.48,10,No,False
MOV-01209,10/09/2025,REF-118,Contactor,Electrico,Occidente,1.0,458.25,458.25,5,No,False
MOV-01788,20/10/2025,REF-118,Contactor,Electrico,Centro,1.0,448.67,448.67,5,No,False
MOV-00431,25/07/2025,REF-114,Valvula de expansion,Control,Occidente,2.0,1429.47,2858.94,11,No,False
MOV-00553,24/07/2025,REF-112,Capacitor de arranque,Electrico,Occidente,2.0,245.04,490.08,4,No,False
MOV-01772,17/12/2025,REF-103,Compresor 3/4 HP,Compresor,Occidente,3.0,7843.95,23531.85,18,Si,False
MOV-01551,22/05/2025,REF-102,Compresor 1/2 HP,Compresor,Centro,2.0,6278.8,12557.6,14,Si,False
MOV-01220,11/01/2025,REF-114,Valvula de expansion,Control,Bajio,3.0,1457.96,4373.88,11,No,False
MOV-01162,02/03/2025,REF-109,Ventilador evaporador,Ventilacion,Occidente,2.0,856.8,1713.6,8,No,True
MOV-01792,12/09/2025,REF-114,Valvula de expansion,Control,Occidente,1.0,,1396.84,11,No,False
MOV-00049,18/10/2025,REF-108,Empaque de puerta,Sello,Norte,2.0,461.66,923.32,7,Si,False
MOV-01717,02/03/2025,REF-113,Filtro deshidratador,Filtro,Centro,2.0,152.02,304.04,5,No,False
MOV-01460,27/05/2025,REF-103,Compresor 3/4 HP,Compresor,Norte,1.0,7729.23,7729.23,18,Si,False
MOV-01960,15/06/2025,REF-106,Termostato digital,Control,Bajio,3.0,619.62,1858.86,5,No,False
MOV-01106,22/01/2025,REF-102,Compresor 1/2 HP,Compresor,Centro,2.0,6720.56,13441.12,14,Si,False
MOV-02063,17/09/2025,REF-108,Empaque de puerta,Sello,Centro,3.0,544.08,1632.24,7,Si,False
MOV-00115,16/05/2025,REF-105,Gas refrigerante R-404a,Refrigerante,NORTE,2.0,1529.46,3058.92,6,Si,False
MOV-02017,16/08/2025,REF-102,Compresor 1/2 HP,Compresor,Centro,2.0,7106.77,14213.54,14,Si,False
MOV-00896,20/06/2025,REF-103,Compresor 3/4 HP,Compresor,Bajio,3.0,8653.61,25960.83,18,Si,False
MOV-00073,08/03/2025,REF-103,Compresor 3/4 HP,Compresor,Centro,1.0,8406.05,8406.05,18,Si,False
MOV-00112,21/07/2025,REF-107,Termostato mecanico,Control,Norte,3.0,323.61,970.83,3,No,False
MOV-00170,28/01/2025,REF-107,Termostato mecanico,Control,Centro,2.0,331.54,663.08,3,No,False
MOV-01931,20/11/2025,REF-104,Gas refrigerante R-134a,Refrigerante,Bajio,2.0,1031.04,2062.08,4,Si,False
MOV-00515,16/07/2025,REF-109,Ventilador evaporador,Ventilacion,Norte,3.0,865.97,2597.91,8,No,False
MOV-00151,31/08/2025,REF-111,Rele de arranque,Electrico,Centro,2.0,201.19,402.38,3,No,False
MOV-00408,12/08/2025,REF-110,Ventilador condensador,Ventilacion,Norte,3.0,1186.31,3558.93,9,No,False
MOV-01346,25/03/2025,REF-114,Valvula de expansion,Control,Centro,2.0,1539.95,3079.9,11,No,False
MOV-01940,15/04/2025,REF-118,Contactor,Electrico,Centro,2.0,465.12,930.24,5,No,False
MOV-01673,03/04/2025,REF-116,Motor de damper,Ventilacion,Sureste,3.0,755.73,2267.19,10,No,False
MOV-01921,12/04/2025,REF-106,Termostato digital,Control,Centro,3.0,618.58,1855.74,5,No,False
MOV-01758,28/05/2025,REF-107,Termostato mecanico,Control,Centro,3.0,282.73,848.19,3,No,False
MOV-01836,12/05/2025,REF-106,Termostato digital,Control,Norte,3.0,670.84,2012.52,5,No,False
MOV-01712,09/06/2025,REF-112,Capacitor de arranque,Electrico,Centro,3.0,265.01,795.03,4,No,False
MOV-01956,13/04/2025,REF-117,Sensor de temperatura,Control,Centro,1.0,310.47,310.47,4,No,False
MOV-00423,01/02/2025,REF-111,Rele de arranque,Electrico,Occidente,3.0,172.19,516.57,3,No,True
MOV-00189,03/09/2025,REF-110,Ventilador condensador,Ventilacion,Centro,2.0,1140.71,2281.42,9,No,True
MOV-00711,28/10/2025,REF-110,Ventilador condensador,Ventilacion,Norte,1.0,1065.38,1065.38,9,No,False
MOV-02057,19/08/2025,REF-104,Gas refrigerante R-134a,Refrigerante,Centro,3.0,984.92,2954.76,4,Si,False
MOV-00031,08/02/2025,REF-113,Filtro deshidratador,Filtro,Sureste,3.0,183.61,550.83,5,No,True
MOV-01377,01/06/2025,REF-107,Termostato mecanico,Control,Sureste,3.0,318.11,954.33,3,No,True
MOV-02024,08/11/2025,REF-115,Resistencia de deshielo,Electrico,Centro,1.0,542.21,542.21,6,No,False
MOV-00893,23/04/2025,REF-105,Gas refrigerante R-404a,Refrigerante,Norte,2.0,1421.23,2842.46,6,Si,False
MOV-00269,17/09/2025,REF-114,Valvula de expansion,Control,Centro,3.0,1327.08,3981.24,11,No,False
MOV-01861,12/05/2025,REF-107,Termostato mecanico,Control,Centro,3.0,287.5,862.5,3,No,False
MOV-01917,23/02/2025,REF-108,Empaque de puerta,Sello,Occidente,3.0,506.24,1518.72,7,Si,False
MOV-00880,16/02/2025,REF-110,Ventilador condensador,Ventilacion,Occidente,1.0,1195.71,1195.71,9,No,False
MOV-01786,30/10/2025,REF-108,Empaque de puerta,Sello,Norte,1.0,466.87,466.87,7,Si,True
MOV-00624,11/03/2025,REF-104,Gas refrigerante R-134a,Refrigerante,Bajio,1.0,902.92,902.92,4,Si,False
MOV-01513,11/05/2025,REF-105,Gas refrigerante R-404a,Refrigerante, Centro,3.0,1393.32,4179.96,6,Si,False
MOV-02064,30/04/2025,REF-105,Gas refrigerante R-404a,Refrigerante,Norte,1.0,1426.25,1426.25,6,Si,False
MOV-00670,04/11/2025,REF-115,Resistencia de deshielo,Electrico,Bajio,2.0,,1035.94,6,No,False
MOV-00135,14/09/2025,REF-105,Gas refrigerante R-404a,Refrigerante,Norte,1.0,1502.34,1502.34,6,Si,False
MOV-00390,29/10/2025,REF-115,Resistencia de deshielo,Electrico,Centro,3.0,615.29,1845.87,6,No,False
MOV-00233,18/10/2025,REF-106,Termostato digital,Control,Bajio,1.0,595.07,595.07,5,No,False
MOV-01274,25/03/2025,REF-118,Contactor,Electrico,Centro,3.0,469.54,1408.62,5,No,False
MOV-01490,16/09/2025,REF-110,Ventilador condensador,Ventilacion,Occidente,3.0,1048.05,3144.15,9,No,False
MOV-01934,20/10/2025,REF-114,Valvula de expansion,Control,Bajio,1.0,1525.56,1525.56,11,No,False
MOV-00458,05/12/2025,REF-112,Capacitor de arranque,Electrico,Bajio,1.0,229.77,229.77,4,No,False
MOV-00932,07/07/2025,REF-102,Compresor 1/2 HP,Compresor,Sureste,1.0,6352.7,6352.7,14,Si,True
MOV-01844,12/02/2025,REF-113,Filtro deshidratador,Filtro,CENTRO,2.0,153.2,306.4,5,No,False
MOV-01200,18/11/2025,REF-103,Compresor 3/4 HP,Compresor,Sureste,3.0,9271.15,27813.45,18,Si,False
MOV-01128,18/05/2025,REF-116,Motor de damper,Ventilacion,Occidente,3.0,787.49,2362.47,10,No,False
MOV-01722,19/05/2025,REF-102,Compresor 1/2 HP,Compresor,Occidente,2.0,6296.41,12592.82,14,Si,False
MOV-00830,09/10/2025,REF-108,Empaque de puerta,Sello,Norte,1.0,518.29,518.29,7,Si,False
MOV-00943,03/05/2025,REF-114,Valvula de expansion,Control,Sureste,2.0,1537.36,3074.72,11,No,False
MOV-00904,26/08/2025,REF-117,Sensor de temperatura,Control,Sureste,3.0,304.54,913.62,4,No,False
MOV-00459,09/07/2025,REF-105,Gas refrigerante R-404a,Refrigerante,Bajio,3.0,1386.68,4160.04,6,Si,False
MOV-01900,24/05/2025,REF-108,Empaque de puerta,Sello,Centro,1.0,485.37,485.37,7,Si,False
MOV-00163,22/07/2025,REF-103,Compresor 3/4 HP,Compresor,Occidente,3.0,8114.8,24344.4,18,Si,False
MOV-01326,22/02/2025,REF-117,Sensor de temperatura,Control,Sureste,2.0,341.08,682.16,4,No,False
MOV-01408,06/09/2025,REF-115,Resistencia de deshielo,Electrico,Occidente,3.0,518.16,1554.48,6,No,True
MOV-02098,09/04/2025,REF-108,Empaque de puerta,Sello,Occidente,3.0,534.77,1604.31,7,Si,False
MOV-00661,13/02/2025,REF-111,Rele de arranque,Electrico,Sureste,1.0,187.31,187.31,3,No,False
MOV-01952,11/10/2025,REF-107,Termostato mecanico,Control,Centro,2.0,312.65,625.3,3,No,False
MOV-01417,13/11/2025,REF-104,Gas refrigerante R-134a,Refrigerante,Centro,1.0,959.23,959.23,4,Si,False
MOV-01907,08/10/2025,REF-108,Empaque de puerta,Sello,Bajio,1.0,515.11,515.11,7,Si,True
MOV-00822,04/11/2025,REF-116,Motor de damper,Ventilacion,Centro,3.0,843.46,2530.38,10,No,False
MOV-01352,01/09/2025,REF-101,Compresor 1/3 HP,Compresor,Centro,3.0,4629.49,13888.47,12,Si,False
MOV-01095,17/12/2025,REF-113,Filtro deshidratador,Filtro,Sureste,3.0,182.09,546.27,5,No,False
MOV-00328,12/01/2025,REF-103,Compresor 3/4 HP,Compresor,Norte,1.0,9007.13,9007.13,18,Si,False
MOV-01182,19/06/2025,REF-109,Ventilador evaporador,Ventilacion,Bajio,3.0,921.07,2763.21,8,No,False
MOV-00580,11/06/2025,REF-104,Gas refrigerante R-134a,Refrigerante,Centro,3.0,942.99,2828.97,4,Si,False
MOV-00378,03/10/2025,REF-117,Sensor de temperatura,Control,Occidente,2.0,315.1,630.2,4,No,True
MOV-00555,12/02/2025,REF-107,Termostato mecanico,Control,Centro,1.0,328.43,328.43,3,No,False
MOV-00510,15/12/2025,REF-114,Valvula de expansion,Control,Norte,1.0,1340.64,1340.64,11,No,False
MOV-01431,26/03/2025,REF-103,Compresor 3/4 HP,Compresor,Occidente,3.0,8350.8,25052.4,18,Si,False
MOV-01068,20/04/2025,REF-114,Valvula de expansion,Control,Centro,1.0,1463.89,1463.89,11,No,False
MOV-00245,01/10/2025,REF-101,Compresor 1/3 HP,Compresor,Bajio,1.0,5067.57,5067.57,12,Si,False
MOV-00322,31/03/2025,REF-111,Rele de arranque,Electrico,Norte,2.0,180.49,360.98,3,No,True
MOV-01929,11/04/2025,REF-101,Compresor 1/3 HP,Compresor,Norte,2.0,4726.14,9452.28,12,Si,True
MOV-01893,20/07/2025,REF-108,Empaque de puerta,Sello,Centro,2.0,463.13,926.26,7,Si,False
MOV-00108,01/10/2025,REF-110,Ventilador condensador,Ventilacion,Occidente,2.0,1051.52,2103.04,9,No,False
MOV-00428,02/03/2025,REF-105,Gas refrigerante R-404a,Refrigerante,Bajio,2.0,1413.4,2826.8,6,Si,False
MOV-01708,19/07/2025,REF-105,Gas refrigerante R-404a,Refrigerante,Norte,2.0,1414.39,2828.78,6,Si,False
MOV-01044,14/12/2025,REF-107,Termostato mecanico,Control,Centro,1.0,287.13,287.13,3,No,False
MOV-01665,14/03/2025,REF-101,Compresor 1/3 HP,Compresor,Centro,2.0,4969.97,9939.94,12,Si,False
MOV-01288,17/06/2025,REF-114,Valvula de expansion,Control,Bajio,3.0,1383.5,4150.5,11,No,False
MOV-01957,13/05/2025,REF-112,Capacitor de arranque,Electrico,Centro,2.0,248.53,497.06,4,No,False
MOV-01784,12/07/2025,REF-105,Gas refrigerante R-404a,Refrigerante,Norte,3.0,1343.94,4031.82,6,Si,False
MOV-00007,30/07/2025,REF-105,Gas refrigerante R-404a,Refrigerante,Norte,4.0,1373.35,5493.4,6,Si,False
MOV-00782,16/07/2025,REF-102,Compresor 1/2 HP,Compresor,Norte,5.0,7084.93,35424.65,14,Si,False
MOV-01197,27/07/2025,REF-108,Empaque de puerta,Sello,Bajio,3.0,507.54,1522.62,7,Si,True
MOV-01653,16/10/2025,REF-112,Capacitor de arranque,Electrico,Centro,,275.34,275.34,4,No,False
MOV-01563,29/03/2025,REF-114,Valvula de expansion,Control,Bajio,2.0,1418.1,2836.2,11,No,False
MOV-01464,22/11/2025,REF-102,Compresor 1/2 HP,Compresor,Centro,2.0,6486.31,12972.62,14,Si,False
MOV-01041,13/01/2025,REF-106,Termostato digital,Control,Centro,1.0,657.48,657.48,5,No,False
MOV-00863,15/11/2025,REF-110,Ventilador condensador,Ventilacion,Bajio,2.0,1205.02,2410.04,9,No,True
MOV-00858,13/04/2025,REF-101,Compresor 1/3 HP,Compresor,Norte,3.0,4601.91,13805.73,12,Si,False
MOV-01022,16/08/2025,REF-107,Termostato mecanico,Control,Centro,1.0,301.35,301.35,3,No,False
MOV-01501,22/12/2025,REF-109,Ventilador evaporador,Ventilacion,Bajio,2.0,986.22,1972.44,8,No,False
MOV-00236,28/06/2025,REF-104,Gas refrigerante R-134a,Refrigerante,Centro,5.0,966.64,4833.2,4,Si,False
MOV-01354,30/03/2025,REF-107,Termostato mecanico,Control,Centro,3.0,283.34,850.02,3,No,False
MOV-02023,05/04/2025,REF-101,Compresor 1/3 HP,Compresor,Centro,2.0,5328.74,10657.48,12,Si,False
MOV-00792,15/09/2025,REF-101,Compresor 1/3 HP,Compresor,Occidente,3.0,4739.56,14218.68,12,Si,False
MOV-00344,28/05/2025,REF-116,Motor de damper,Ventilacion,Occidente,3.0,826.89,2480.67,10,No,False
MOV-01205,02/06/2025,REF-107,Termostato mecanico,Control,Bajio,1.0,299.66,299.66,3,No,True
MOV-01664,24/08/2025,REF-103,Compresor 3/4 HP,Compresor,Centro,2.0,9263.78,18527.56,18,Si,False
MOV-00875,14/08/2025,REF-105,Gas refrigerante R-404a,Refrigerante,Centro,1.0,1520.05,1520.05,6,Si,False
MOV-01336,16/03/2025,REF-108,Empaque de puerta,Sello,Bajio,1.0,459.88,459.88,7,Si,False
MOV-01500,25/09/2025,REF-107,Termostato mecanico,Control, Bajio,2.0,276.98,553.96,3,No,False
MOV-01943,30/04/2025,REF-105,Gas refrigerante R-404a,Refrigerante,Centro,1.0,1588.25,1588.25,6,Si,False
MOV-01471,22/01/2025,REF-102,Compresor 1/2 HP,Compresor,Occidente,3.0,6144.24,18432.72,14,Si,False
MOV-00302,31/07/2025,REF-112,Capacitor de arranque,Electrico,Norte,1.0,271.08,271.08,4,No,False
MOV-01967,31/12/2025,REF-116,Motor de damper,Ventilacion,Norte,3.0,832.15,2496.45,10,No,False
MOV-01789,27/03/2025,REF-113,Filtro deshidratador,Filtro,Norte,2.0,170.46,340.92,5,No,False
MOV-01473,13/08/2025,REF-106,Termostato digital,Control,Sureste,3.0,672.65,2017.95,5,No,False
MOV-02081,19/05/2025,REF-114,Valvula de expansion,Control,Sureste,2.0,1548.95,3097.9,11,No,False
MOV-00594,18/01/2025,REF-113,Filtro deshidratador,Filtro,Centro,3.0,172.5,517.5,5,No,False
MOV-01856,24/08/2025,REF-108,Empaque de puerta,Sello,Norte,1.0,497.62,497.62,7,Si,False
MOV-00657,22/12/2025,REF-112,Capacitor de arranque,Electrico,Bajio,2.0,235.77,471.54,4,No,False
MOV-00358,30/12/2025,REF-105,Gas refrigerante R-404a,Refrigerante,Bajio,3.0,1536.67,4610.01,6,Si,True
MOV-01210,29/04/2025,REF-109,Ventilador evaporador,Ventilacion,NORTE,2.0,977.15,1954.3,8,No,False
MOV-00530,19/08/2025,REF-108,Empaque de puerta,Sello,Centro,2.0,501.83,1003.66,7,Si,False
MOV-00610,17/05/2025,REF-102,Compresor 1/2 HP,Compresor,Occidente,4.0,6521.1,26084.4,14,Si,True
MOV-00537,13/09/2025,REF-116,Motor de damper,Ventilacion,Centro,3.0,812.29,2436.87,10,No,False
MOV-02090,07/02/2025,REF-107,Termostato mecanico,Control,Bajio,3.0,309.54,928.62,3,No,True
MOV-00882,03/06/2025,REF-111,Rele de arranque,Electrico,Centro,1.0,197.31,197.31,3,No,False
MOV-00885,15/11/2025,REF-105,Gas refrigerante R-404a,Refrigerante,Centro,-2.0,1589.07,3178.14,6,Si,True
MOV-01659,13/07/2025,REF-105,Gas refrigerante R-404a,Refrigerante,Centro,3.0,1407.75,4223.25,6,Si,False
MOV-01733,15/09/2025,REF-102,Compresor 1/2 HP,Compresor,Bajio,2.0,6248.0,12496.0,14,Si,True
MOV-01969,24/09/2025,REF-118,Contactor,Electrico,Norte,2.0,403.33,806.66,5,No,False
MOV-02077,01/04/2025,REF-108,Empaque de puerta,Sello,Occidente,3.0,474.45,1423.35,7,Si,False
MOV-00002,06/06/2025,REF-105,Gas refrigerante R-404a,Refrigerante,Bajio,2.0,1383.09,2766.18,6,Si,True
MOV-00336,05/12/2025,REF-103,Compresor 3/4 HP,Compresor,Sureste,2.0,9240.89,18481.78,18,Si,False
MOV-01649,04/05/2025,REF-116,Motor de damper,Ventilacion,Centro,1.0,776.12,776.12,10,No,False
MOV-01123,14/12/2025,REF-112,Capacitor de arranque,Electrico,Norte,2.0,244.75,489.5,4,No,False
MOV-00617,29/03/2025,REF-103,Compresor 3/4 HP,Compresor,Occidente,3.0,8025.37,24076.11,18,Si,False
MOV-01382,02/09/2025,REF-118,Contactor,Electrico,Centro,2.0,407.03,814.06,5,No,False
MOV-01168,15/09/2025,REF-111,Rele de arranque,Electrico,Sureste,2.0,198.3,396.6,3,No,True
MOV-01985,25/06/2025,REF-103,Compresor 3/4 HP,Compresor,Bajio,3.0,9029.0,27087.0,18,Si,False
MOV-00649,30/05/2025,REF-102,Compresor 1/2 HP,Compresor,Norte,1.0,6926.02,6926.02,14,Si,True
MOV-01798,24/07/2025,REF-103,Compresor 3/4 HP,Compresor,Bajio,1.0,8211.22,8211.22,18,Si,False
MOV-01614,13/12/2025,REF-111,Rele de arranque,Electrico,Bajio,3.0,202.19,606.57,3,No,False
MOV-00862,24/09/2025,REF-103,Compresor 3/4 HP,Compresor,Occidente,3.0,8552.86,25658.58,18,Si,False
MOV-00188,22/08/2025,REF-118,Contactor,Electrico,Norte,3.0,416.18,1248.54,5,No,False
MOV-01243,15/06/2025,REF-118,Contactor,Electrico,Centro,2.0,439.48,878.96,5,No,False
MOV-00232,09/04/2025,REF-105,Gas refrigerante R-404a,Refrigerante,Bajio,2.0,1549.9,3099.8,6,Si,True
MOV-01093,24/09/2025,REF-112,Capacitor de arranque,Electrico,Bajio,3.0,231.74,695.22,4,No,False
MOV-01451,22/01/2025,REF-115,Resistencia de deshielo,Electrico,Norte,2.0,554.06,1108.12,6,No,True
MOV-00589,20/12/2025,REF-111,Rele de arranque,Electrico,Bajio,3.0,182.93,548.79,3,No,False
MOV-00249,09/04/2025,REF-101,Compresor 1/3 HP,Compresor,Occidente,2.0,5252.6,10505.2,12,Si,False
MOV-01301,04/04/2025,REF-106,Termostato digital,Control,Centro,2.0,670.61,1341.22,5,No,False
MOV-01015,10/10/2025,REF-110,Ventilador condensador,Ventilacion,Centro,2.0,1067.25,2134.5,9,No,False
MOV-00601,10/01/2025,REF-101,Compresor 1/3 HP,Compresor,Centro,3.0,5189.9,15569.7,12,Si,False
MOV-00693,30/11/2025,REF-107,Termostato mecanico,Control,Occidente,1.0,305.19,305.19,3,No,False
MOV-00878,29/07/2025,REF-107,Termostato mecanico,Control,Centro,1.0,276.01,276.01,3,No,False
MOV-01202,27/07/2025,REF-115,Resistencia de deshielo,Electrico,Occidente,3.0,589.54,1768.62,6,No,False
MOV-00615,03/01/2025,REF-108,Empaque de puerta,Sello,Norte,3.0,466.86,1400.58,7,Si,False
MOV-01983,15/06/2025,REF-108,Empaque de puerta,Sello,Norte,2.0,505.83,1011.66,7,Si,False
MOV-01741,11/12/2025,REF-105,Gas refrigerante R-404a,Refrigerante,Norte,3.0,1384.72,4154.16,6,Si,False
MOV-01547,27/02/2025,REF-105,Gas refrigerante R-404a,Refrigerante,Occidente,1.0,1365.9,1365.9,6,Si,False
MOV-00812,09/04/2025,REF-108,Empaque de puerta,Sello,Norte,1.0,540.6,540.6,7,Si,False
MOV-01828,04/08/2025,REF-101,Compresor 1/3 HP,Compresor,Occidente,3.0,5127.86,15383.58,12,Si,False
MOV-00187,30/01/2025,REF-111,Rele de arranque,Electrico,Centro,3.0,188.49,565.47,3,No,False
MOV-00954,18/05/2025,REF-116,Motor de damper,Ventilacion,Bajio,2.0,797.09,1594.18,10,No,False
MOV-01161,02/01/2025,REF-105,Gas refrigerante R-404a,Refrigerante,Norte,2.0,1365.41,2730.82,6,Si,False
MOV-01342,11/08/2025,REF-106,Termostato digital,Control,Bajio,1.0,661.77,661.77,5,No,False
MOV-00760,20/07/2025,REF-102,Compresor 1/2 HP,Compresor,Occidente,2.0,6212.68,12425.36,14,Si,False
MOV-01071,06/04/2025,REF-101,Compresor 1/3 HP,Compresor,Centro,3.0,5213.45,15640.35,12,Si,False
MOV-01889,06/10/2025,REF-101,Compresor 1/3 HP,Compresor,Centro,2.0,5250.71,10501.42,12,Si,False
MOV-01546,06/11/2025,REF-117,Sensor de temperatura,Control,Centro,3.0,318.17,954.51,4,No,False
MOV-00253,13/06/2025,REF-107,Termostato mecanico,Control,Centro,3.0,277.97,833.91,3,No,False
MOV-01859,26/09/2025,REF-109,Ventilador evaporador,Ventilacion,Centro,2.0,887.98,1775.96,8,No,False
MOV-00679,26/03/2025,REF-108,Empaque de puerta,Sello,Norte,3.0,526.78,1580.34,7,Si,False
MOV-00895,23/04/2025,REF-115,Resistencia de deshielo,Electrico,Occidente,2.0,573.01,1146.02,6,No,False
MOV-01979,27/01/2025,REF-117,Sensor de temperatura,Control,Sureste,2.0,296.48,592.96,4,No,False
MOV-01092,19/01/2025,REF-103,Compresor 3/4 HP,Compresor,Bajio,2.0,7914.95,15829.9,18,Si,False
MOV-00317,06/10/2025,REF-102,Compresor 1/2 HP,Compresor,Occidente,3.0,6237.59,18712.77,14,Si,False
MOV-01241,09/02/2025,REF-114,Valvula de expansion,Control,Sureste,1.0,1549.54,1549.54,11,No,False
MOV-01271,13/04/2025,REF-106,Termostato digital,Control,Norte,3.0,709.75,2129.25,5,No,True
MOV-00124,18/11/2025,REF-111,Rele de arranque,Electrico,Bajio,2.0,193.35,386.7,3,No,False
MOV-00903,07/05/2025,REF-108,Empaque de puerta,Sello,Occidente,1.0,546.5,546.5,7,Si,False
MOV-01553,25/12/2025,REF-101,Compresor 1/3 HP,Compresor,Occidente,1.0,5498.89,5498.89,12,Si,False
MOV-00980,12/07/2025,REF-105,Gas refrigerante R-404a,Refrigerante,Centro,3.0,1330.13,3990.39,6,Si,False
MOV-01036,10/08/2025,REF-115,Resistencia de deshielo,Electrico,Norte,3.0,579.26,1737.78,6,No,False
MOV-00089,11/02/2025,REF-104,Gas refrigerante R-134a,Refrigerante,Norte,3.0,1028.57,3085.71,4,Si,False
MOV-00518,11/05/2025,REF-108,Empaque de puerta,Sello,Sureste,1.0,474.96,474.96,7,Si,False
MOV-00636,09/04/2025,REF-105,Gas refrigerante R-404a,Refrigerante,Norte,1.0,1545.84,1545.84,6,Si,False
MOV-00093,06/05/2025,REF-105,Gas refrigerante R-404a,Refrigerante,Norte,4.0,1597.17,6388.68,6,Si,True
MOV-00244,28/02/2025,REF-118,Contactor,Electrico,Centro,3.0,461.6,1384.8,5,No,False
MOV-01385,20/08/2025,REF-108,Empaque de puerta,Sello,Sureste,3.0,525.0,1575.0,7,Si,False
MOV-00449,20/12/2025,REF-109,Ventilador evaporador,Ventilacion,Centro,3.0,867.12,2601.36,8,No,True
MOV-00966,15/09/2025,REF-105,Gas refrigerante R-404a,Refrigerante,Occidente,3.0,1475.55,4426.65,6,Si,False
MOV-01711,15/07/2025,REF-110,Ventilador condensador,Ventilacion,Norte,2.0,1205.77,2411.54,9,No,False
MOV-01356,17/05/2025,REF-113,Filtro deshidratador,Filtro,Centro,3.0,165.2,495.6,5,No,False
MOV-00744,13/09/2025,REF-116,Motor de damper,Ventilacion,Sureste,3.0,762.41,2287.23,10,No,False
MOV-00609,13/03/2025,REF-108,Empaque de puerta,Sello,Centro,2.0,500.64,1001.28,7,Si,False
MOV-01716,09/03/2025,REF-116,Motor de damper,Ventilacion,Occidente,1.0,883.34,883.34,10,No,False
MOV-00842,09/07/2025,REF-109,Ventilador evaporador,Ventilacion,Norte,3.0,955.78,2867.34,8,No,False
MOV-00762,23/10/2025,REF-111,Rele de arranque,Electrico,Norte,2.0,193.08,386.16,3,No,False
MOV-00478,17/10/2025,REF-110,Ventilador condensador,Ventilacion,Bajio,3.0,1100.86,3302.58,9,No,True
MOV-00996,31/01/2025,REF-104,Gas refrigerante R-134a,Refrigerante,Occidente,3.0,942.34,2827.02,4,Si,False
MOV-00788,21/07/2025,REF-108,Empaque de puerta,Sello,Centro,1.0,493.51,493.51,7,Si,False
MOV-00263,23/06/2025,REF-116,Motor de damper,Ventilacion,Centro,1.0,832.16,832.16,10,No,False
MOV-00058,03/12/2025,REF-117,Sensor de temperatura,Control,Centro,1.0,354.47,354.47,4,No,False
MOV-00430,18/11/2025,REF-116,Motor de damper,Ventilacion,Bajio,3.0,795.27,2385.81,10,No,False
MOV-00250,15/09/2025,REF-116,Motor de damper,Ventilacion,Bajio,1.0,767.56,767.56,10,No,False
MOV-01132,29/04/2025,REF-118,Contactor,Electrico,Bajio,2.0,463.99,927.98,5,No,False
MOV-00769,10/11/2025,REF-105,Gas refrigerante R-404a,Refrigerante,Centro,2.0,1522.89,3045.78,6,Si,False
MOV-00020,16/09/2025,REF-103,Compresor 3/4 HP,Compresor,Centro,1.0,9164.0,9164.0,18,Si,False
MOV-01530,30/04/2025,REF-107,Termostato mecanico,Control,Sureste,2.0,285.12,570.24,3,No,False
MOV-01012,07/07/2025,REF-103,Compresor 3/4 HP,Compresor,Centro,5.0,8427.94,42139.7,18,Si,False
MOV-01234,14/03/2025,REF-109,Ventilador evaporador,Ventilacion,Bajio,3.0,948.45,2845.35,8,No,False
MOV-01195,10/04/2025,REF-102,Compresor 1/2 HP,Compresor,Bajio,2.0,6597.13,13194.26,14,Si,False
MOV-00972,08/11/2025,REF-105,Gas refrigerante R-404a,Refrigerante,Occidente,1.0,1367.73,1367.73,6,Si,False
MOV-00486,17/12/2025,REF-109,Ventilador evaporador,Ventilacion,Occidente,2.0,876.53,1753.06,8,No,False
MOV-01284,15/12/2025,REF-104,Gas refrigerante R-134a,Refrigerante,Bajio,2.0,905.49,1810.98,4,Si,False
MOV-00403,10/06/2025,REF-112,Capacitor de arranque,Electrico,Centro,3.0,232.66,697.98,4,No,True
MOV-01691,04/07/2025,REF-107,Termostato mecanico,Control,Norte,3.0,310.93,932.79,3,No,False
MOV-00354,24/02/2025,REF-118,Contactor,Electrico,Occidente,3.0,402.62,1207.86,5,No,False
MOV-02020,02/07/2025,REF-117,Sensor de temperatura,Control,Bajio,1.0,355.06,355.06,4,No,False
MOV-00899,18/02/2025,REF-111,Rele de arranque,Electrico,Centro,1.0,191.79,191.79,3,No,False
MOV-00914,18/02/2025,REF-112,Capacitor de arranque,Electrico,Centro,1.0,255.97,255.97,4,No,False
MOV-01884,15/09/2025,REF-107,Termostato mecanico,Control,Centro,3.0,275.78,827.34,3,No,False
MOV-01141,03/11/2025,REF-114,Valvula de expansion,Control,Occidente,3.0,1455.88,4367.64,11,No,True
MOV-01780,28/07/2025,REF-113,Filtro deshidratador,Filtro,Occidente,1.0,181.04,181.04,5,No,False
MOV-00052,06/02/2025,REF-116,Motor de damper,Ventilacion,Occidente,3.0,755.84,2267.52,10,No,False
MOV-01806,05/11/2025,REF-113,Filtro deshidratador,Filtro,Occidente,2.0,157.55,315.1,5,No,False
MOV-01896,28/12/2025,REF-109,Ventilador evaporador,Ventilacion,Bajio,3.0,932.82,2798.46,8,No,False
MOV-01432,18/04/2025,REF-101,Compresor 1/3 HP,Compresor,Bajio,1.0,4690.93,4690.93,12,Si,False
MOV-01773,19/07/2025,REF-101,Compresor 1/3 HP,Compresor,Occidente,1.0,5144.71,5144.71,12,Si,False
MOV-00571,25/06/2025,REF-104,Gas refrigerante R-134a,Refrigerante,Bajio,3.0,994.54,2983.62,4,Si,False
MOV-00851,17/01/2025,REF-103,Compresor 3/4 HP,Compresor,Centro,3.0,8455.32,25365.96,18,Si,False
MOV-01328,28/02/2025,REF-105,Gas refrigerante R-404a,Refrigerante,Occidente,2.0,1526.38,3052.76,6,Si,False
MOV-01037,20/06/2025,REF-105,Gas refrigerante R-404a,Refrigerante,Norte,4.0,1591.08,6364.32,6,Si,False
MOV-00448,10/01/2025,REF-106,Termostato digital,Control,Bajio,3.0,687.04,2061.12,5,No,False
MOV-01112,17/11/2025,REF-104,Gas refrigerante R-134a,Refrigerante,Sureste,3.0,930.37,2791.11,4,Si,False
MOV-01170,02/01/2025,REF-113,Filtro deshidratador,Filtro,Centro,1.0,182.55,182.55,5,No,False
MOV-01842,14/11/2025,REF-110,Ventilador condensador,Ventilacion,Sureste,2.0,1059.48,2118.96,9,No,False
MOV-00043,14/10/2025,REF-114,Valvula de expansion,Control,Norte,2.0,1328.71,2657.42,11,No,False
MOV-01886,27/11/2025,REF-111,Rele de arranque,Electrico,Bajio,1.0,191.07,191.07,3,No,False
MOV-02021,18/12/2025,REF-101,Compresor 1/3 HP,Compresor,Occidente,2.0,5463.66,10927.32,12,Si,False
MOV-01972,01/12/2025,REF-101,Compresor 1/3 HP,Compresor,Centro,1.0,5503.8,5503.8,12,Si,False
MOV-00938,11/03/2025,REF-107,Termostato mecanico,Control,Centro,1.0,313.99,313.99,3,No,False
MOV-00843,02/11/2025,REF-116,Motor de damper,Ventilacion,Occidente,3.0,751.84,2255.52,10,No,False
MOV-00934,16/08/2025,REF-109,Ventilador evaporador,Ventilacion,Norte,2.0,989.03,1978.06,8,No,False
MOV-01680,11/03/2025,REF-107,Termostato mecanico,Control,Bajio,2.0,288.91,577.82,3,No,False
MOV-00076,22/10/2025,REF-106,Termostato digital,Control,Bajio,1.0,,683.95,5,No,False
MOV-00228,19/12/2025,REF-117,Sensor de temperatura,Control,Centro,1.0,304.09,304.09,4,No,True
MOV-00639,31/10/2025,REF-115,Resistencia de deshielo,Electrico,Centro,1.0,569.82,569.82,6,No,False
MOV-01436,16/05/2025,REF-101,Compresor 1/3 HP,Compresor,Occidente,4.0,5036.79,20147.16,12,Si,True
MOV-00864,01/03/2025,REF-115,Resistencia de deshielo,Electrico,Bajio,3.0,556.53,1669.59,6,No,False
MOV-01324,19/02/2025,REF-103,Compresor 3/4 HP,Compresor,Occidente,1.0,8705.13,8705.13,18,Si,False
MOV-00153,25/10/2025,REF-108,Empaque de puerta,Sello,Bajio,1.0,498.84,498.84,7,Si,False
MOV-00353,05/10/2025,REF-113,Filtro deshidratador,Filtro,Bajio,1.0,176.51,176.51,5,No,False
MOV-00825,11/02/2025,REF-103,Compresor 3/4 HP,Compresor,Bajio,3.0,8602.7,25808.1,18,Si,False
MOV-00348,08/05/2025,REF-117,Sensor de temperatura,Control,Centro,2.0,354.49,708.98,4,No,False
MOV-00844,24/01/2025,REF-108,Empaque de puerta,Sello,Occidente,1.0,,478.88,7,Si,False
MOV-01554,07/02/2025,REF-108,Empaque de puerta,Sello,Bajio,3.0,509.55,1528.65,7,Si,False
MOV-02093,12/05/2025,REF-107,Termostato mecanico,Control,Sureste,3.0,289.49,868.47,3,No,False
MOV-01868,22/11/2025,REF-105,Gas refrigerante R-404a,Refrigerante, Centro,3.0,1455.67,4367.01,6,Si,False
MOV-01658,22/07/2025,REF-105,Gas refrigerante R-404a,Refrigerante,Norte,2.0,1559.06,3118.12,6,Si,False
MOV-01635,22/07/2025,REF-112,Capacitor de arranque,Electrico,Centro,3.0,247.24,741.72,4,No,False
MOV-01470,11/11/2025,REF-101,Compresor 1/3 HP,Compresor,Bajio,3.0,5473.85,16421.55,12,Si,True
MOV-00120,20/05/2025,REF-104,Gas refrigerante R-134a,Refrigerante,Centro,5.0,996.48,4982.4,4,Si,True
MOV-00800,18/03/2025,REF-116,Motor de damper,Ventilacion,Centro,2.0,786.63,1573.26,10,No,False
MOV-00877,17/06/2025,REF-107,Termostato mecanico,Control,Sureste,3.0,325.28,975.84,3,No,False
MOV-01545,25/01/2025,REF-107,Termostato mecanico,Control,Bajio,2.0,314.11,628.22,3,No,False
MOV-00911,25/12/2025,REF-101,Compresor 1/3 HP,Compresor,Centro,3.0,5299.76,15899.28,12,Si,True
MOV-02081,19/05/2025,REF-114,Valvula de expansion,Control,Sureste,2.0,1548.95,3097.9,11,No,False
MOV-01737,09/10/2025,REF-104,Gas refrigerante R-134a,Refrigerante,Bajio,2.0,1003.12,2006.24,4,Si,False
MOV-00852,27/12/2025,REF-111,Rele de arranque,Electrico,Occidente,2.0,178.69,357.38,3,No,False
MOV-01776,01/11/2025,REF-108,Empaque de puerta,Sello,Norte,2.0,485.72,971.44,7,Si,False
MOV-00543,19/02/2025,REF-115,Resistencia de deshielo,Electrico,Centro,3.0,578.53,1735.59,6,No,False
MOV-00771,16/08/2025,REF-118,Contactor,Electrico,Occidente,3.0,470.38,1411.14,5,No,False
MOV-01260,19/11/2025,REF-110,Ventilador condensador,Ventilacion,Norte,,1069.64,1069.64,9,No,False
MOV-00202,29/09/2025,REF-105,Gas refrigerante R-404a,Refrigerante,Centro,3.0,1601.8,4805.4,6,Si,False
MOV-01751,29/05/2025,REF-108,Empaque de puerta,Sello,Occidente,2.0,503.91,1007.82,7,Si,True
MOV-00819,19/11/2025,REF-115,Resistencia de deshielo,Electrico,Norte,2.0,552.51,1105.02,6,No,False
MOV-01245,29/03/2025,REF-105,Gas refrigerante R-404a,Refrigerante,Sureste,2.0,1476.99,2953.98,6,Si,False
MOV-00065,12/08/2025,REF-110,Ventilador condensador,Ventilacion,Occidente,3.0,1157.6,3472.8,9,No,False
MOV-00850,11/09/2025,REF-117,Sensor de temperatura,Control,Occidente,1.0,319.45,319.45,4,No,False
MOV-01876,26/08/2025,REF-104,Gas refrigerante R-134a,Refrigerante,Occidente,2.0,925.46,1850.92,4,Si,False
MOV-00179,09/10/2025,REF-107,Termostato mecanico,Control,Norte,2.0,306.63,613.26,3,No,False
MOV-01761,24/06/2025,REF-107,Termostato mecanico,Control,Occidente,2.0,283.58,567.16,3,No,True
MOV-00741,24/11/2025,REF-109,Ventilador evaporador,Ventilacion,Centro,1.0,916.27,916.27,8,No,False
MOV-01599,15/04/2025,REF-115,Resistencia de deshielo,Electrico,Sureste,3.0,575.81,1727.43,6,No,False
MOV-01218,16/02/2025,REF-105,Gas refrigerante R-404a,Refrigerante,Centro,3.0,1402.74,4208.22,6,Si,False
MOV-01129,29/08/2025,REF-116,Motor de damper,Ventilacion, Bajio,3.0,846.68,2540.04,10,No,False
MOV-01221,21/07/2025,REF-106,Termostato digital,Control,Centro,2.0,633.23,1266.46,5,No,False
MOV-00593,09/01/2025,REF-105,Gas refrigerante R-404a,Refrigerante,Norte,2.0,1596.87,3193.74,6,Si,False
MOV-01014,10/09/2025,REF-102,Compresor 1/2 HP,Compresor,Bajio,3.0,6680.31,20040.93,14,Si,False
MOV-00339,24/03/2025,REF-104,Gas refrigerante R-134a,Refrigerante,Sureste,-1.0,1017.16,1017.16,4,Si,False
MOV-01508,06/05/2025,REF-105,Gas refrigerante R-404a,Refrigerante,Centro,2.0,1562.43,3124.86,6,Si,False
MOV-01935,27/09/2025,REF-110,Ventilador condensador,Ventilacion,Bajio,2.0,1106.79,2213.58,9,No,False
MOV-00361,19/09/2025,REF-105,Gas refrigerante R-404a,Refrigerante,Centro,1.0,1337.06,1337.06,6,Si,True
MOV-00963,01/05/2025,REF-112,Capacitor de arranque,Electrico,Norte,1.0,237.53,237.53,4,No,False
MOV-01534,13/01/2025,REF-118,Contactor,Electrico,Norte,3.0,452.02,1356.06,5,No,False
MOV-01959,07/01/2025,REF-106,Termostato digital,Control,Centro,1.0,627.65,627.65,5,No,False
MOV-01018,28/01/2025,REF-115,Resistencia de deshielo,Electrico,Bajio,3.0,604.47,1813.41,6,No,False
MOV-00797,23/06/2025,REF-114,Valvula de expansion,Control,Bajio,3.0,1314.99,3944.97,11,No,False
MOV-00958,26/11/2025,REF-113,Filtro deshidratador,Filtro,Centro,2.0,154.59,309.18,5,No,False
MOV-00588,16/09/2025,REF-101,Compresor 1/3 HP,Compresor,Norte,2.0,5159.12,10318.24,12,Si,False
MOV-01953,28/11/2025,REF-104,Gas refrigerante R-134a,Refrigerante,Centro,2.0,917.44,1834.88,4,Si,False
MOV-00900,20/06/2025,REF-106,Termostato digital,Control,Norte,1.0,628.67,628.67,5,No,False
MOV-01213,13/10/2025,REF-105,Gas refrigerante R-404a,Refrigerante,Centro,1.0,1493.26,1493.26,6,Si,True
MOV-01694,19/04/2025,REF-104,Gas refrigerante R-134a,Refrigerante,BAJIO,3.0,1072.18,3216.54,4,Si,False
MOV-01211,18/09/2025,REF-101,Compresor 1/3 HP,Compresor,Bajio,2.0,5278.52,10557.04,12,Si,False
MOV-00098,27/08/2025,REF-108,Empaque de puerta,Sello,Sureste,3.0,531.2,1593.6,7,Si,False
MOV-00284,12/03/2025,REF-115,Resistencia de deshielo,Electrico,Bajio,2.0,568.97,1137.94,6,No,False
MOV-00678,20/01/2025,REF-106,Termostato digital,Control,Centro,3.0,619.01,1857.03,5,No,False
MOV-01043,06/03/2025,REF-109,Ventilador evaporador,Ventilacion,Centro,3.0,930.55,2791.65,8,No,False
MOV-01764,02/07/2025,REF-117,Sensor de temperatura,Control,Bajio,3.0,342.94,1028.82,4,No,False
MOV-00451,16/02/2025,REF-110,Ventilador condensador,Ventilacion,Norte,2.0,1150.48,2300.96,9,No,False
MOV-01204,10/04/2025,REF-103,Compresor 3/4 HP,Compresor,Occidente,2.0,8427.67,16855.34,18,Si,False
MOV-00143,18/05/2025,REF-115,Resistencia de deshielo,Electrico,Occidente,1.0,587.69,587.69,6,No,False
MOV-00998,16/12/2025,REF-106,Termostato digital,Control,Occidente,2.0,692.18,1384.36,5,No,False
MOV-00443,02/09/2025,REF-101,Compresor 1/3 HP,Compresor,Bajio,3.0,5288.4,15865.2,12,Si,False
MOV-01383,18/09/2025,REF-116,Motor de damper,Ventilacion,Norte,3.0,895.05,2685.15,10,No,False
MOV-00164,25/07/2025,REF-101,Compresor 1/3 HP,Compresor,Bajio,3.0,4622.57,13867.71,12,Si,False
MOV-01026,23/02/2025,REF-111,Rele de arranque,Electrico,Centro,3.0,,562.98,3,No,False
MOV-01714,26/05/2025,REF-103,Compresor 3/4 HP,Compresor,Occidente,5.0,8989.33,44946.65,18,Si,True
MOV-00747,10/02/2025,REF-103,Compresor 3/4 HP,Compresor,Centro,2.0,8168.39,16336.78,18,Si,True
MOV-00425,07/04/2025,REF-116,Motor de damper,Ventilacion,Norte,2.0,882.95,1765.9,10,No,False
MOV-01153,17/03/2025,REF-103,Compresor 3/4 HP,Compresor,Occidente,3.0,7707.76,23123.28,18,Si,False
MOV-01657,07/12/2025,REF-110,Ventilador condensador,Ventilacion,Centro,3.0,1071.29,3213.87,9,No,False
MOV-01145,31/05/2025,REF-104,Gas refrigerante R-134a,Refrigerante,Norte,3.0,1030.5,3091.5,4,Si,False
MOV-01413,25/08/2025,REF-109,Ventilador evaporador,Ventilacion,Norte,3.0,856.03,2568.09,8,No,False
MOV-01108,05/09/2025,REF-115,Resistencia de deshielo,Electrico,Occidente,1.0,560.68,560.68,6,No,False
MOV-01410,02/01/2025,REF-111,Rele de arranque,Electrico,Norte,3.0,186.48,559.44,3,No,False
MOV-01441,05/06/2025,REF-117,Sensor de temperatura,Control,Occidente,3.0,333.33,999.99,4,No,False
MOV-01867,23/07/2025,REF-118,Contactor,Electrico,Occidente,1.0,429.6,429.6,5,No,False
MOV-00133,11/08/2025,REF-102,Compresor 1/2 HP,Compresor,Norte,2.0,6255.21,12510.42,14,Si,False
MOV-01318,30/06/2025,REF-103,Compresor 3/4 HP,Compresor,Sureste,4.0,7865.57,31462.28,18,Si,False
MOV-01914,05/04/2025,REF-111,Rele de arranque,Electrico,Centro,1.0,205.43,205.43,3,No,False
MOV-00585,23/11/2025,REF-112,Capacitor de arranque,Electrico,Norte,2.0,253.79,507.58,4,No,False
MOV-00331,27/11/2025,REF-108,Empaque de puerta,Sello,Norte,3.0,517.22,1551.66,7,Si,False
MOV-00144,20/07/2025,REF-105,Gas refrigerante R-404a,Refrigerante,Centro,1.0,1394.22,1394.22,6,Si,False
MOV-01225,27/09/2025,REF-110,Ventilador condensador,Ventilacion,Centro,2.0,1178.53,2357.06,9,No,False
MOV-01066,14/02/2025,REF-104,Gas refrigerante R-134a,Refrigerante,Norte,2.0,1014.76,2029.52,4,Si,False
MOV-01975,05/07/2025,REF-112,Capacitor de arranque,Electrico,Bajio,1.0,232.71,232.71,4,No,False
MOV-01799,16/05/2025,REF-117,Sensor de temperatura,Control,Occidente,3.0,347.94,1043.82,4,No,False
MOV-01600,01/02/2025,REF-117,Sensor de temperatura,Control,Centro,1.0,301.95,301.95,4,No,False
MOV-01980,07/07/2025,REF-112,Capacitor de arranque,Electrico,Norte,3.0,241.02,723.06,4,No,False
MOV-00381,04/10/2025,REF-116,Motor de damper,Ventilacion,Norte,1.0,745.68,745.68,10,No,False
MOV-01742,08/01/2025,REF-110,Ventilador condensador,Ventilacion,Centro,1.0,1129.34,1129.34,9,No,False
MOV-00802,04/02/2025,REF-103,Compresor 3/4 HP,Compresor,Sureste,2.0,8890.71,17781.42,18,Si,True
MOV-00315,27/11/2025,REF-117,Sensor de temperatura,Control,Bajio,3.0,303.12,909.36,4,No,False
MOV-01933,26/06/2025,REF-116,Motor de damper,Ventilacion,Norte,3.0,761.51,2284.53,10,No,False
MOV-00360,24/06/2025,REF-103,Compresor 3/4 HP,Compresor,Norte,3.0,7874.88,23624.64,18,Si,True
MOV-01502,28/04/2025,REF-116,Motor de damper,Ventilacion,Centro,1.0,873.29,873.29,10,No,False
MOV-01425,03/03/2025,REF-105,Gas refrigerante R-404a,Refrigerante,Bajio,1.0,1413.9,1413.9,6,Si,False
MOV-00655,21/03/2025,REF-101,Compresor 1/3 HP,Compresor,Sureste,3.0,4714.52,14143.56,12,Si,True
MOV-00847,10/03/2025,REF-102,Compresor 1/2 HP,Compresor,Norte,3.0,6193.43,18580.29,14,Si,False
MOV-01740,20/05/2025,REF-104,Gas refrigerante R-134a,Refrigerante,Occidente,3.0,1048.35,3145.05,4,Si,True
MOV-01238,20/09/2025,REF-112,Capacitor de arranque,Electrico,SURESTE,3.0,231.34,694.02,4,No,False
MOV-00920,23/05/2025,REF-115,Resistencia de deshielo,Electrico,Norte,1.0,576.07,576.07,6,No,False
MOV-00839,01/11/2025,REF-113,Filtro deshidratador,Filtro,Sureste,3.0,175.48,526.44,5,No,False
MOV-00613,28/06/2025,REF-117,Sensor de temperatura,Control,Bajio,3.0,350.46,1051.38,4,No,False
MOV-01605,03/03/2025,REF-111,Rele de arranque,Electrico,Occidente,3.0,192.1,576.3,3,No,True
MOV-01477,24/10/2025,REF-101,Compresor 1/3 HP,Compresor,Centro,2.0,4944.16,9888.32,12,Si,False
MOV-01458,08/10/2025,REF-113,Filtro deshidratador,Filtro,Centro,3.0,153.86,461.58,5,No,False
MOV-00730,30/01/2025,REF-109,Ventilador evaporador,Ventilacion,Occidente,2.0,884.27,1768.54,8,No,False
MOV-00688,08/04/2025,REF-117,Sensor de temperatura,Control,Occidente,2.0,323.12,646.24,4,No,False
MOV-00008,28/06/2025,REF-117,Sensor de temperatura,Control,Bajio,1.0,330.17,330.17,4,No,False
MOV-01189,26/01/2025,REF-108,Empaque de puerta,Sello,Norte,2.0,489.0,978.0,7,Si,False
MOV-00854,24/06/2025,REF-107,Termostato mecanico,Control,Sureste,3.0,325.14,975.42,3,No,False
MOV-01915,06/05/2025,REF-117,Sensor de temperatura,Control,Centro,1.0,331.08,331.08,4,No,False
MOV-01379,12/11/2025,REF-102,Compresor 1/2 HP,Compresor,Norte,1.0,5957.63,5957.63,14,Si,False
MOV-01073,31/12/2025,REF-113,Filtro deshidratador,Filtro,Bajio,3.0,177.21,531.63,5,No,False
MOV-01028,11/10/2025,REF-113,Filtro deshidratador,Filtro,Centro,3.0,169.23,507.69,5,No,False
MOV-01231,16/04/2025,REF-108,Empaque de puerta,Sello,Bajio,1.0,521.07,521.07,7,Si,False
MOV-01974,20/10/2025,REF-103,Compresor 3/4 HP,Compresor,Centro,3.0,9253.32,27759.96,18,Si,False
MOV-00239,20/04/2025,REF-111,Rele de arranque,Electrico,Bajio,3.0,175.4,526.2,3,No,False
MOV-00872,24/04/2025,REF-104,Gas refrigerante R-134a,Refrigerante,Occidente,2.0,,1900.16,4,Si,False
MOV-00079,30/05/2025,REF-103,Compresor 3/4 HP,Compresor,Centro,4.0,8532.18,34128.72,18,Si,False
MOV-01669,16/06/2025,REF-103,Compresor 3/4 HP,Compresor,Centro,1.0,8520.87,8520.87,18,Si,False
MOV-01131,03/07/2025,REF-104,Gas refrigerante R-134a,Refrigerante,Bajio,2.0,1005.38,2010.76,4,Si,False
MOV-01835,23/12/2025,REF-102,Compresor 1/2 HP,Compresor,Centro,3.0,7056.07,21168.21,14,Si,False
MOV-00117,08/02/2025,REF-107,Termostato mecanico,Control,Bajio,2.0,311.71,623.42,3,No,False
MOV-00324,07/12/2025,REF-111,Rele de arranque,Electrico,Norte,3.0,183.85,551.55,3,No,False
MOV-01339,05/09/2025,REF-114,Valvula de expansion,Control,Bajio,3.0,1427.19,4281.57,11,No,False
MOV-00440,05/01/2025,REF-105,Gas refrigerante R-404a,Refrigerante,Bajio,1.0,1455.04,1455.04,6,Si,False
MOV-00549,09/07/2025,REF-112,Capacitor de arranque,Electrico,Centro,3.0,242.95,728.85,4,No,False
MOV-01938,27/04/2025,REF-105,Gas refrigerante R-404a,Refrigerante,Bajio,3.0,1427.39,4282.17,6,Si,True
MOV-00174,13/04/2025,REF-101,Compresor 1/3 HP,Compresor,Sureste,1.0,5275.17,5275.17,12,Si,False
MOV-01832,12/02/2025,REF-109,Ventilador evaporador,Ventilacion,Norte,3.0,971.75,2915.25,8,No,False
MOV-01623,26/01/2025,REF-108,Empaque de puerta,Sello,Centro,1.0,531.17,531.17,7,Si,True
MOV-01289,02/05/2025,REF-104,Gas refrigerante R-134a,Refrigerante,Norte,3.0,906.16,2718.48,4,Si,False
MOV-01785,24/09/2025,REF-109,Ventilador evaporador,Ventilacion,Norte,1.0,1006.08,1006.08,8,No,False
MOV-01877,21/09/2025,REF-107,Termostato mecanico,Control,Centro,2.0,280.04,560.08,3,No,False
MOV-02076,24/11/2025,REF-103,Compresor 3/4 HP,Compresor,Bajio,1.0,8384.51,8384.51,18,Si,False
MOV-01579,23/12/2025,REF-112,Capacitor de arranque,Electrico,Occidente,1.0,269.19,269.19,4,No,False
MOV-00415,14/05/2025,REF-104,Gas refrigerante R-134a,Refrigerante,Occidente,3.0,967.8,2903.4,4,Si,False
MOV-01196,03/10/2025,REF-101,Compresor 1/3 HP,Compresor,Centro,1.0,5304.57,5304.57,12,Si,False
MOV-00309,20/08/2025,REF-106,Termostato digital,Control,Norte,3.0,615.88,1847.64,5,No,False
MOV-00807,09/05/2025,REF-107,Termostato mecanico,Control,Norte,3.0,289.31,867.93,3,No,False
MOV-02029,20/09/2025,REF-103,Compresor 3/4 HP,Compresor,Norte,2.0,8572.47,17144.94,18,Si,False
MOV-00165,29/03/2025,REF-105,Gas refrigerante R-404a,Refrigerante,Norte,2.0,1409.92,2819.84,6,Si,False
MOV-02016,28/10/2025,REF-112,Capacitor de arranque,Electrico,Occidente,1.0,271.99,271.99,4,No,False
MOV-01630,15/03/2025,REF-108,Empaque de puerta,Sello,Bajio,1.0,504.56,504.56,7,Si,True
MOV-01440,05/12/2025,REF-112,Capacitor de arranque,Electrico,Norte,3.0,246.71,740.13,4,No,False
MOV-01765,18/10/2025,REF-103,Compresor 3/4 HP,Compresor,Sureste,1.0,8317.39,8317.39,18,Si,True
MOV-00238,17/07/2025,REF-113,Filtro deshidratador,Filtro,Centro,3.0,168.47,505.41,5,No,False
MOV-01457,28/08/2025,REF-102,Compresor 1/2 HP,Compresor,Sureste,3.0,6393.6,19180.8,14,Si,True
MOV-01863,18/12/2025,REF-109,Ventilador evaporador,Ventilacion,Centro,1.0,914.1,914.1,8,No,False
MOV-00387,25/12/2025,REF-110,Ventilador condensador,Ventilacion,Bajio,2.0,1125.91,2251.82,9,No,False
MOV-00748,18/12/2025,REF-103,Compresor 3/4 HP,Compresor,Centro,1.0,8419.83,8419.83,18,Si,False
MOV-00123,23/10/2025,REF-104,Gas refrigerante R-134a,Refrigerante,Norte,3.0,914.96,2744.88,4,Si,False
MOV-00096,16/11/2025,REF-104,Gas refrigerante R-134a,Refrigerante,Centro,1.0,1034.73,1034.73,4,Si,False
MOV-01795,27/04/2025,REF-104,Gas refrigerante R-134a,Refrigerante,Centro,1.0,952.66,952.66,4,Si,False
MOV-00046,11/07/2025,REF-107,Termostato mecanico,Control,Centro,3.0,297.31,891.93,3,No,False
MOV-01016,08/06/2025,REF-117,Sensor de temperatura,Control,Centro,2.0,298.07,596.14,4,No,False
MOV-01728,14/05/2025,REF-118,Contactor,Electrico,Centro,2.0,399.89,799.78,5,No,False
MOV-01826,24/11/2025,REF-106,Termostato digital,Control,Centro,3.0,597.18,1791.54,5,No,False
MOV-00383,17/12/2025,REF-116,Motor de damper,Ventilacion,Centro,3.0,865.2,2595.6,10,No,True
MOV-01442,04/11/2025,REF-115,Resistencia de deshielo,Electrico,Norte,2.0,561.67,1123.34,6,No,False
MOV-00983,24/08/2025,REF-104,Gas refrigerante R-134a,Refrigerante,Bajio,4.0,1019.67,4078.68,4,Si,False
MOV-02070,13/03/2025,REF-102,Compresor 1/2 HP,Compresor,Centro,3.0,6303.95,18911.85,14,Si,False
MOV-01001,24/02/2025,REF-116,Motor de damper,Ventilacion,Centro,3.0,790.13,2370.39,10,No,False
MOV-00898,16/08/2025,REF-102,Compresor 1/2 HP,Compresor,Bajio,3.0,6758.18,20274.54,14,Si,True
MOV-00764,09/10/2025,REF-118,Contactor,Electrico,Sureste,2.0,464.66,929.32,5,No,False
MOV-00953,04/12/2025,REF-107,Termostato mecanico,Control,Norte,1.0,282.56,282.56,3,No,False
MOV-02012,31/01/2025,REF-117,Sensor de temperatura,Control,Sureste,2.0,297.21,594.42,4,No,False
MOV-01512,22/11/2025,REF-111,Rele de arranque,Electrico,Norte,2.0,193.26,386.52,3,No,False
MOV-00191,16/07/2025,REF-104,Gas refrigerante R-134a,Refrigerante,Centro,5.0,1089.48,5447.4,4,Si,True
MOV-01315,24/07/2025,REF-106,Termostato digital,Control,Occidente,3.0,610.89,1832.67,5,No,False
MOV-00728,26/08/2025,REF-106,Termostato digital,Control,Sureste,3.0,625.2,1875.6,5,No,False
MOV-01355,30/05/2025,REF-108,Empaque de puerta,Sello,Norte,2.0,528.59,1057.18,7,Si,False
MOV-01070,23/06/2025,REF-116,Motor de damper,Ventilacion,Centro,3.0,758.2,2274.6,10,No,False
MOV-00039,03/01/2025,REF-115,Resistencia de deshielo,Electrico,Centro,1.0,587.09,587.09,6,No,False
MOV-00207,17/06/2025,REF-109,Ventilador evaporador,Ventilacion,Norte,3.0,1000.67,3002.01,8,No,False
MOV-01562,06/04/2025,REF-117,Sensor de temperatura,Control,Norte,3.0,343.0,1029.0,4,No,False
MOV-00256,24/12/2025,REF-102,Compresor 1/2 HP,Compresor,Bajio,3.0,6876.33,20628.99,14,Si,False
MOV-00092,20/05/2025,REF-111,Rele de arranque,Electrico,Occidente,2.0,180.11,360.22,3,No,False
MOV-00726,17/07/2025,REF-109,Ventilador evaporador,Ventilacion,Centro,2.0,970.78,1941.56,8,No,False
MOV-00698,02/05/2025,REF-105,Gas refrigerante R-404a,Refrigerante,Centro,1.0,1451.53,1451.53,6,Si,False
MOV-01810,08/04/2025,REF-102,Compresor 1/2 HP,Compresor,Norte,2.0,6215.0,12430.0,14,Si,False
MOV-01259,03/07/2025,REF-108,Empaque de puerta,Sello,Norte,3.0,542.84,1628.52,7,Si,False
MOV-01567,11/01/2025,REF-104,Gas refrigerante R-134a,Refrigerante,Sureste,3.0,1025.81,3077.43,4,Si,False
MOV-00503,21/10/2025,REF-118,Contactor,Electrico,Centro,3.0,444.94,1334.82,5,No,False
MOV-02056,20/01/2025,REF-108,Empaque de puerta,Sello,Norte,1.0,539.88,539.88,7,Si,False
MOV-01098,05/02/2025,REF-114,Valvula de expansion,Control,Norte,3.0,1408.97,4226.91,11,No,False
MOV-00586,26/01/2025,REF-108,Empaque de puerta,Sello,Occidente,1.0,473.84,473.84,7,Si,False
MOV-01864,18/12/2025,REF-108,Empaque de puerta,Sello,Occidente,1.0,465.27,465.27,7,Si,False
MOV-00906,11/05/2025,REF-105,Gas refrigerante R-404a,Refrigerante,Sureste,,1485.07,2970.14,6,Si,False
MOV-01090,31/10/2025,REF-115,Resistencia de deshielo,Electrico,Norte,2.0,539.4,1078.8,6,No,False
MOV-00424,07/10/2025,REF-111,Rele de arranque,Electrico,Centro,2.0,185.43,370.86,3,No,False
MOV-01694,19/04/2025,REF-104,Gas refrigerante R-134a,Refrigerante,Bajio,3.0,1072.18,3216.54,4,Si,False
MOV-00522,29/04/2025,REF-108,Empaque de puerta,Sello,Norte,2.0,492.19,984.38,7,Si,False
MOV-01133,02/10/2025,REF-111,Rele de arranque,Electrico,Occidente,1.0,197.56,197.56,3,No,False
MOV-01641,01/09/2025,REF-118,Contactor,Electrico,Centro,3.0,431.12,1293.36,5,No,False
MOV-01697,24/03/2025,REF-107,Termostato mecanico,Control,Centro,3.0,322.33,966.99,3,No,False
MOV-02001,14/03/2025,REF-112,Capacitor de arranque,Electrico,Centro,2.0,255.97,511.94,4,No,False
MOV-00297,14/01/2025,REF-108,Empaque de puerta,Sello,Centro,3.0,473.88,1421.64,7,Si,False
MOV-02013,24/07/2025,REF-101,Compresor 1/3 HP,Compresor,Centro,4.0,5400.1,21600.4,12,Si,False
MOV-00185,11/03/2025,REF-113,Filtro deshidratador,Filtro,Occidente,2.0,158.81,317.62,5,No,False
MOV-01879,06/10/2025,REF-108,Empaque de puerta,Sello,Norte,3.0,520.08,1560.24,7,Si,False
MOV-00469,30/10/2025,REF-117,Sensor de temperatura,Control,Norte,3.0,327.59,982.77,4,No,False
MOV-00689,31/07/2025,REF-106,Termostato digital,Control,Occidente,3.0,652.34,1957.02,5,No,False
MOV-00280,26/07/2025,REF-102,Compresor 1/2 HP,Compresor,Occidente,4.0,6064.49,24257.96,14,Si,False
MOV-00540,28/03/2025,REF-103,Compresor 3/4 HP,Compresor,Bajio,1.0,8036.53,8036.53,18,Si,False
MOV-02006,25/02/2025,REF-102,Compresor 1/2 HP,Compresor,Occidente,2.0,7081.22,14162.44,14,Si,False
MOV-01393,09/03/2025,REF-108,Empaque de puerta,Sello,Bajio,2.0,520.69,1041.38,7,Si,False
MOV-00428,02/03/2025,REF-105,Gas refrigerante R-404a,Refrigerante,Bajio,2.0,1413.4,2826.8,6,Si,False
MOV-00575,13/10/2025,REF-118,Contactor,Electrico,Occidente,2.0,437.87,875.74,5,No,False
MOV-01767,09/05/2025,REF-110,Ventilador condensador,Ventilacion,Bajio,1.0,1150.77,1150.77,9,No,False
MOV-01329,26/06/2025,REF-101,Compresor 1/3 HP,Compresor,Bajio,2.0,5009.92,10019.84,12,Si,False
MOV-01755,23/08/2025,REF-113,Filtro deshidratador,Filtro,Norte,2.0,182.69,365.38,5,No,False
MOV-00529,22/06/2025,REF-118,Contactor,Electrico,Occidente,1.0,454.18,454.18,5,No,False
MOV-01001,24/02/2025,REF-116,Motor de damper,Ventilacion,Centro,3.0,790.13,2370.39,10,No,False
MOV-00110,22/01/2025,REF-101,Compresor 1/3 HP,Compresor,Norte,1.0,4943.04,4943.04,12,Si,False
MOV-00784,03/02/2025,REF-118,Contactor,Electrico,Norte,3.0,467.81,1403.43,5,No,False
MOV-01137,19/02/2025,REF-105,Gas refrigerante R-404a,Refrigerante,Centro,3.0,1534.68,4604.04,6,Si,False
MOV-01955,22/07/2025,REF-101,Compresor 1/3 HP,Compresor,Norte,4.0,5380.78,21523.12,12,Si,False
MOV-00402,15/10/2025,REF-115,Resistencia de deshielo,Electrico,Norte,1.0,612.9,612.9,6,No,False
MOV-00159,28/09/2025,REF-112,Capacitor de arranque,Electrico,Bajio,1.0,259.72,259.72,4,No,False
MOV-00446,18/03/2025,REF-105,Gas refrigerante R-404a,Refrigerante,Norte,2.0,1520.96,3041.92,6,Si,True
MOV-01626,21/04/2025,REF-111,Rele de arranque,Electrico,Bajio,1.0,204.04,204.04,3,No,False
MOV-00572,27/06/2025,REF-101,Compresor 1/3 HP,Compresor,Occidente,3.0,4944.63,14833.89,12,Si,False
MOV-01521,19/05/2025,REF-116,Motor de damper,Ventilacion,Occidente,1.0,845.67,845.67,10,No,False
MOV-00215,30/09/2025,REF-105,Gas refrigerante R-404a,Refrigerante,Norte,1.0,1434.58,1434.58,6,Si,False
MOV-00779,25/07/2025,REF-109,Ventilador evaporador,Ventilacion,Centro,1.0,954.43,954.43,8,No,False
MOV-01276,09/12/2025,REF-104,Gas refrigerante R-134a,Refrigerante,Bajio,3.0,1068.89,3206.67,4,Si,False
MOV-02022,03/10/2025,REF-101,Compresor 1/3 HP,Compresor,Occidente,2.0,4638.12,9276.24,12,Si,False
MOV-01459,24/01/2025,REF-116,Motor de damper,Ventilacion,Sureste,2.0,858.16,1716.32,10,No,True
MOV-01639,09/11/2025,REF-103,Compresor 3/4 HP,Compresor,Centro,2.0,8621.38,17242.76,18,Si,True
MOV-00429,16/07/2025,REF-101,Compresor 1/3 HP,Compresor,Norte,3.0,5315.18,15945.54,12,Si,False
MOV-00713,24/09/2025,REF-104,Gas refrigerante R-134a,Refrigerante,Centro,3.0,1070.56,3211.68,4,Si,False
MOV-01096,15/06/2025,REF-114,Valvula de expansion,Control,Centro,3.0,1403.54,4210.62,11,No,False
MOV-01281,12/11/2025,REF-114,Valvula de expansion,Control,Centro,1.0,1287.28,1287.28,11,No,False
MOV-01239,07/02/2025,REF-117,Sensor de temperatura,Control,Occidente,3.0,334.48,1003.44,4,No,False
MOV-01592,10/10/2025,REF-108,Empaque de puerta,Sello,Bajio,2.0,524.92,1049.84,7,Si,False
MOV-01142,17/02/2025,REF-108,Empaque de puerta,Sello,Bajio,3.0,511.32,1533.96,7,Si,False
MOV-00596,11/08/2025,REF-105,Gas refrigerante R-404a,Refrigerante,Centro,4.0,1600.54,6402.16,6,Si,False
MOV-01813,14/02/2025,REF-118,Contactor,Electrico,Bajio,3.0,479.65,1438.95,5,No,False
MOV-01391,04/01/2025,REF-112,Capacitor de arranque,Electrico,Norte,1.0,252.42,252.42,4,No,False
MOV-00517,02/06/2025,REF-101,Compresor 1/3 HP,Compresor,Sureste,3.0,5503.41,16510.23,12,Si,False
MOV-02030,20/08/2025,REF-116,Motor de damper,Ventilacion,Centro,1.0,825.22,825.22,10,No,False
MOV-00759,12/03/2025,REF-103,Compresor 3/4 HP,Compresor,Occidente,2.0,8074.25,16148.5,18,Si,False
MOV-00273,23/08/2025,REF-107,Termostato mecanico,Control,Bajio,1.0,286.31,286.31,3,No,False
MOV-00140,27/03/2025,REF-110,Ventilador condensador,Ventilacion,Norte,3.0,1030.35,3091.05,9,No,False
MOV-01350,09/04/2025,REF-113,Filtro deshidratador,Filtro,Bajio,3.0,169.23,507.69,5,No,False
MOV-01693,12/04/2025,REF-104,Gas refrigerante R-134a,Refrigerante,Norte,-3.0,940.68,2822.04,4,Si,False
MOV-01429,14/07/2025,REF-111,Rele de arranque,Electrico,Sureste,1.0,195.7,195.7,3,No,False
MOV-00675,24/05/2025,REF-112,Capacitor de arranque,Electrico,CENTRO,2.0,270.47,540.94,4,No,False
MOV-00820,01/12/2025,REF-102,Compresor 1/2 HP,Compresor,Centro,3.0,5974.31,17922.93,14,Si,False
MOV-00432,01/07/2025,REF-107,Termostato mecanico,Control, Bajio,2.0,312.86,625.72,3,No,False
MOV-02099,01/04/2025,REF-102,Compresor 1/2 HP,Compresor,Bajio,2.0,5959.65,11919.3,14,Si,False
MOV-01466,26/08/2025,REF-105,Gas refrigerante R-404a,Refrigerante,Norte,3.0,1460.48,4381.44,6,Si,False
MOV-01069,04/03/2025,REF-105,Gas refrigerante R-404a,Refrigerante,Centro,2.0,1593.29,3186.58,6,Si,False
MOV-01007,19/03/2025,REF-101,Compresor 1/3 HP,Compresor,Occidente,1.0,5247.86,5247.86,12,Si,False
MOV-01194,29/08/2025,REF-101,Compresor 1/3 HP,Compresor,Occidente,3.0,5028.63,15085.89,12,Si,True
MOV-01533,11/09/2025,REF-101,Compresor 1/3 HP,Compresor,Occidente,3.0,4826.9,14480.7,12,Si,False
MOV-01735,25/12/2025,REF-111,Rele de arranque,Electrico,Sureste,1.0,189.73,189.73,3,No,False
MOV-01319,17/03/2025,REF-102,Compresor 1/2 HP,Compresor,Centro,1.0,6090.31,6090.31,14,Si,False
MOV-01998,28/10/2025,REF-114,Valvula de expansion,Control,Centro,3.0,1391.33,4173.99,11,No,False
MOV-01837,05/05/2025,REF-118,Contactor,Electrico,Centro,2.0,414.01,828.02,5,No,False
MOV-02009,03/09/2025,REF-117,Sensor de temperatura,Control,Centro,,311.69,935.07,4,No,False
MOV-01715,10/06/2025,REF-107,Termostato mecanico,Control,Norte,1.0,311.76,311.76,3,No,False
MOV-00683,09/06/2025,REF-114,Valvula de expansion,Control,Centro,1.0,1295.01,1295.01,11,No,False
MOV-00734,20/01/2025,REF-101,Compresor 1/3 HP,Compresor,BAJIO,1.0,4821.26,4821.26,12,Si,False
MOV-01701,09/08/2025,REF-101,Compresor 1/3 HP,Compresor,Bajio,2.0,5081.06,10162.12,12,Si,False
MOV-01524,18/01/2025,REF-108,Empaque de puerta,Sello,Centro,3.0,516.9,1550.7,7,Si,False
MOV-01272,28/05/2025,REF-104,Gas refrigerante R-134a,Refrigerante,Centro,-2.0,968.85,1937.7,4,Si,False
MOV-00721,15/02/2025,REF-104,Gas refrigerante R-134a,Refrigerante,Occidente,3.0,1045.29,3135.87,4,Si,False
MOV-00890,02/09/2025,REF-103,Compresor 3/4 HP,Compresor,Norte,2.0,9258.05,18516.1,18,Si,False
MOV-01155,23/01/2025,REF-104,Gas refrigerante R-134a,Refrigerante,Norte,2.0,1071.37,2142.74,4,Si,True
MOV-00009,19/06/2025,REF-111,Rele de arranque,Electrico,Occidente,3.0,181.81,545.43,3,No,False
MOV-01723,24/07/2025,REF-113,Filtro deshidratador,Filtro,OCCIDENTE,1.0,157.07,157.07,5,No,True
MOV-01814,13/10/2025,REF-108,Empaque de puerta,Sello,Bajio,3.0,528.85,1586.55,7,Si,True
MOV-01375,06/03/2025,REF-104,Gas refrigerante R-134a,Refrigerante,Norte,1.0,979.51,979.51,4,Si,True
MOV-01778,27/11/2025,REF-102,Compresor 1/2 HP,Compresor,Occidente,2.0,6215.91,12431.82,14,Si,False
MOV-00527,03/06/2025,REF-103,Compresor 3/4 HP,Compresor,Centro,3.0,7696.11,23088.33,18,Si,False
MOV-00978,10/03/2025,REF-111,Rele de arranque,Electrico,Centro,2.0,197.88,395.76,3,No,False
MOV-00507,17/02/2025,REF-106,Termostato digital,Control,Centro,3.0,684.26,2052.78,5,No,True
MOV-00902,30/03/2025,REF-101,Compresor 1/3 HP,Compresor,Bajio,2.0,5503.6,11007.2,12,Si,False
MOV-00003,13/04/2025,REF-115,Resistencia de deshielo,Electrico,Bajio,3.0,608.03,1824.09,6,No,False
MOV-00717,06/10/2025,REF-106,Termostato digital,Control,Sureste,2.0,702.97,1405.94,5,No,False
MOV-00271,21/02/2025,REF-110,Ventilador condensador,Ventilacion,Norte,3.0,1130.65,3391.95,9,No,False
MOV-01017,12/12/2025,REF-112,Capacitor de arranque,Electrico,Occidente,1.0,233.41,233.41,4,No,False
MOV-01919,14/12/2025,REF-108,Empaque de puerta,Sello,Centro,3.0,519.47,1558.41,7,Si,False
MOV-00055,19/12/2025,REF-112,Capacitor de arranque,Electrico,Occidente,3.0,267.93,803.79,4,No,False
MOV-00541,18/06/2025,REF-109,Ventilador evaporador,Ventilacion,Bajio,3.0,976.1,2928.3,8,No,False
MOV-01428,14/05/2025,REF-116,Motor de damper,Ventilacion,Centro,1.0,818.76,818.76,10,No,False
MOV-00767,15/10/2025,REF-114,Valvula de expansion,Control,Centro,1.0,1359.98,1359.98,11,No,False
MOV-01489,22/03/2025,REF-105,Gas refrigerante R-404a,Refrigerante,Bajio,2.0,1389.51,2779.02,6,Si,False
MOV-01232,30/09/2025,REF-117,Sensor de temperatura,Control,Sureste,3.0,304.28,912.84,4,No,False
MOV-00190,23/04/2025,REF-118,Contactor,Electrico,Bajio,3.0,459.37,1378.11,5,No,False
MOV-00109,17/07/2025,REF-109,Ventilador evaporador,Ventilacion, Centro,3.0,1015.81,3047.43,8,No,True
MOV-00538,15/12/2025,REF-110,Ventilador condensador,Ventilacion,Occidente,1.0,1096.53,1096.53,9,No,False
MOV-00855,06/10/2025,REF-111,Rele de arranque,Electrico,Centro,1.0,191.97,191.97,3,No,False
MOV-01671,26/04/2025,REF-111,Rele de arranque,Electrico,Sureste,1.0,195.2,195.2,3,No,True
MOV-01146,13/10/2025,REF-108,Empaque de puerta,Sello,Sureste,3.0,530.47,1591.41,7,Si,True
MOV-00023,23/06/2025,REF-109,Ventilador evaporador,Ventilacion,Norte,2.0,948.14,1896.28,8,No,False
MOV-00377,15/12/2025,REF-113,Filtro deshidratador,Filtro,Centro,2.0,173.84,347.68,5,No,False
MOV-00737,19/07/2025,REF-103,Compresor 3/4 HP,Compresor,Occidente,3.0,8739.43,26218.29,18,Si,False
MOV-01497,17/09/2025,REF-101,Compresor 1/3 HP,Compresor,Bajio,2.0,5060.38,10120.76,12,Si,False
MOV-00595,05/04/2025,REF-103,Compresor 3/4 HP,Compresor,Bajio,2.0,8553.19,17106.38,18,Si,False
MOV-01966,14/10/2025,REF-102,Compresor 1/2 HP,Compresor,Centro,2.0,6796.18,13592.36,14,Si,False
MOV-00206,26/04/2025,REF-118,Contactor,Electrico,Occidente,3.0,441.25,1323.75,5,No,False
MOV-00094,31/03/2025,REF-106,Termostato digital,Control,Norte,3.0,650.91,1952.73,5,No,False
MOV-00808,22/10/2025,REF-103,Compresor 3/4 HP,Compresor,Bajio,2.0,9247.14,18494.28,18,Si,False
MOV-02033,13/02/2025,REF-117,Sensor de temperatura,Control,Bajio,3.0,332.35,997.05,4,No,False
MOV-01559,23/11/2025,REF-115,Resistencia de deshielo,Electrico,Norte,1.0,593.61,593.61,6,No,True
MOV-01371,19/05/2025,REF-107,Termostato mecanico,Control,Norte,2.0,276.0,552.0,3,No,False
MOV-01911,06/11/2025,REF-112,Capacitor de arranque,Electrico,Centro,1.0,266.54,266.54,4,No,False
MOV-00447,23/06/2025,REF-106,Termostato digital,Control,Norte,2.0,615.49,1230.98,5,No,True
MOV-01280,21/04/2025,REF-117,Sensor de temperatura,Control,Centro,1.0,328.46,328.46,4,No,False
MOV-01117,22/07/2025,REF-111,Rele de arranque,Electrico,Occidente,3.0,206.96,620.88,3,No,False
MOV-00568,05/10/2025,REF-113,Filtro deshidratador,Filtro,Bajio,1.0,152.25,152.25,5,No,False
MOV-01478,31/12/2025,REF-107,Termostato mecanico,Control,Centro,1.0,331.78,331.78,3,No,False
MOV-00936,05/02/2025,REF-107,Termostato mecanico,Control,SURESTE,1.0,305.03,305.03,3,No,False
MOV-01833,19/07/2025,REF-103,Compresor 3/4 HP,Compresor,Bajio,2.0,9117.76,18235.52,18,Si,False
MOV-01558,14/11/2025,REF-103,Compresor 3/4 HP,Compresor,Norte,2.0,7952.35,15904.7,18,Si,False
MOV-01796,28/10/2025,REF-115,Resistencia de deshielo,Electrico,Norte,2.0,,1124.84,6,No,True
MOV-00778,23/07/2025,REF-106,Termostato digital,Control,Sureste,3.0,708.55,2125.65,5,No,False
MOV-01447,04/04/2025,REF-108,Empaque de puerta,Sello,Centro,1.0,529.62,529.62,7,Si,False
MOV-01005,14/11/2025,REF-103,Compresor 3/4 HP,Compresor,Norte,1.0,7874.58,7874.58,18,Si,False
MOV-00399,30/03/2025,REF-111,Rele de arranque,Electrico,Centro,1.0,187.57,187.57,3,No,False
MOV-00708,16/02/2025,REF-111,Rele de arranque,Electrico,Norte,1.0,204.38,204.38,3,No,False
MOV-00561,16/04/2025,REF-108,Empaque de puerta,Sello,Centro,3.0,490.27,1470.81,7,Si,False
MOV-01585,19/04/2025,REF-103,Compresor 3/4 HP,Compresor,Sureste,3.0,9277.39,27832.17,18,Si,False
MOV-01632,03/02/2025,REF-114,Valvula de expansion,Control,Norte,1.0,1345.02,1345.02,11,No,False
MOV-01400,09/04/2025,REF-115,Resistencia de deshielo,Electrico,Bajio,2.0,536.96,1073.92,6,No,False
MOV-00956,25/03/2025,REF-114,Valvula de expansion,Control,Bajio,1.0,1333.41,1333.41,11,No,False
MOV-01310,10/12/2025,REF-101,Compresor 1/3 HP,Compresor,Sureste,1.0,5142.87,5142.87,12,Si,True
MOV-01523,08/06/2025,REF-108,Empaque de puerta,Sello,OCCIDENTE,1.0,523.98,523.98,7,Si,False
MOV-00470,11/01/2025,REF-109,Ventilador evaporador,Ventilacion,Occidente,3.0,1001.69,3005.07,8,No,False
MOV-00987,30/12/2025,REF-108,Empaque de puerta,Sello,Norte,3.0,517.3,1551.9,7,Si,False
MOV-01935,27/09/2025,REF-110,Ventilador condensador,Ventilacion,Bajio,2.0,1106.79,2213.58,9,No,False
MOV-01125,27/12/2025,REF-106,Termostato digital,Control,Bajio,1.0,679.9,679.9,5,No,False
MOV-00810,03/09/2025,REF-104,Gas refrigerante R-134a,Refrigerante,Centro,1.0,1091.55,1091.55,4,Si,False
MOV-01574,31/12/2025,REF-101,Compresor 1/3 HP,Compresor,Norte,1.0,5033.98,5033.98,12,Si,False
MOV-00131,04/12/2025,REF-109,Ventilador evaporador,Ventilacion,Occidente,2.0,901.14,1802.28,8,No,False
MOV-00982,20/12/2025,REF-110,Ventilador condensador,Ventilacion,Centro,2.0,1026.64,2053.28,9,No,False
MOV-00848,06/06/2025,REF-102,Compresor 1/2 HP,Compresor,Occidente,3.0,6114.31,18342.93,14,Si,False
MOV-01825,21/10/2025,REF-112,Capacitor de arranque,Electrico,Bajio,1.0,231.4,231.4,4,No,False
MOV-00945,30/11/2025,REF-113,Filtro deshidratador,Filtro,Centro,3.0,159.49,478.47,5,No,False
MOV-00025,10/07/2025,REF-102,Compresor 1/2 HP,Compresor,Norte,3.0,6428.45,19285.35,14,Si,False
MOV-00584,30/10/2025,REF-103,Compresor 3/4 HP,Compresor,Sureste,1.0,8933.32,8933.32,18,Si,False
MOV-00392,18/02/2025,REF-105,Gas refrigerante R-404a,Refrigerante,Norte,1.0,1584.82,1584.82,6,Si,False
MOV-00343,22/01/2025,REF-105,Gas refrigerante R-404a,Refrigerante,Norte,1.0,1608.58,1608.58,6,Si,True
MOV-00407,11/08/2025,REF-103,Compresor 3/4 HP,Compresor,Bajio,2.0,8645.8,17291.6,18,Si,False
MOV-02097,04/11/2025,REF-109,Ventilador evaporador,Ventilacion,Norte,1.0,960.37,960.37,8,No,False
MOV-00156,27/05/2025,REF-104,Gas refrigerante R-134a,Refrigerante,Centro,2.0,1016.35,2032.7,4,Si,False
MOV-02031,23/04/2025,REF-108,Empaque de puerta,Sello,Occidente,2.0,540.55,1081.1,7,Si,False
MOV-01263,29/12/2025,REF-102,Compresor 1/2 HP,Compresor,Norte,2.0,,12286.68,14,Si,False
MOV-01699,28/01/2025,REF-103,Compresor 3/4 HP,Compresor,Bajio,1.0,8763.81,8763.81,18,Si,False
MOV-01023,01/12/2025,REF-101,Compresor 1/3 HP,Compresor,Centro,3.0,5101.46,15304.38,12,Si,True
MOV-00873,16/03/2025,REF-106,Termostato digital,Control,Bajio,3.0,,1830.51,5,No,False
MOV-00630,28/10/2025,REF-101,Compresor 1/3 HP,Compresor,Occidente,1.0,5268.33,5268.33,12,Si,False
MOV-01978,10/11/2025,REF-113,Filtro deshidratador,Filtro,Norte,2.0,159.64,319.28,5,No,False
MOV-01631,06/11/2025,REF-117,Sensor de temperatura,Control,Occidente,3.0,335.04,1005.12,4,No,False
MOV-01215,22/03/2025,REF-102,Compresor 1/2 HP,Compresor,Occidente,3.0,5901.72,17705.16,14,Si,False
MOV-01057,02/02/2025,REF-101,Compresor 1/3 HP,Compresor,Bajio,1.0,5180.1,5180.1,12,Si,False
MOV-00881,20/08/2025,REF-102,Compresor 1/2 HP,Compresor,Centro,2.0,7127.08,14254.16,14,Si,False
MOV-01845,17/11/2025,REF-115,Resistencia de deshielo,Electrico,Centro,3.0,567.49,1702.47,6,No,True
MOV-00180,02/12/2025,REF-103,Compresor 3/4 HP,Compresor,Bajio,1.0,9148.74,9148.74,18,Si,False
MOV-00948,16/02/2025,REF-114,Valvula de expansion,Control,Bajio,1.0,1448.77,1448.77,11,No,False
MOV-01088,16/06/2025,REF-105,Gas refrigerante R-404a,Refrigerante,Norte,3.0,1555.46,4666.38,6,Si,True
MOV-00011,08/09/2025,REF-105,Gas refrigerante R-404a,Refrigerante,Norte,2.0,1404.72,2809.44,6,Si,False
MOV-00355,25/07/2025,REF-110,Ventilador condensador,Ventilacion,Norte,2.0,1099.87,2199.74,9,No,False
MOV-00068,26/11/2025,REF-107,Termostato mecanico,Control,Centro,1.0,286.46,286.46,3,No,False
MOV-01387,07/01/2025,REF-106,Termostato digital,Control,Occidente,2.0,645.38,1290.76,5,No,False
MOV-00146,10/08/2025,REF-101,Compresor 1/3 HP,Compresor,Sureste,4.0,4734.46,18937.84,12,Si,False
MOV-01045,24/10/2025,REF-107,Termostato mecanico,Control,Centro,3.0,286.15,858.45,3,No,False
MOV-00416,12/03/2025,REF-104,Gas refrigerante R-134a,Refrigerante,Sureste,3.0,914.0,2742.0,4,Si,False
MOV-00393,22/05/2025,REF-116,Motor de damper,Ventilacion,NORTE,1.0,793.71,793.71,10,No,False
MOV-00524,12/04/2025,REF-105,Gas refrigerante R-404a,Refrigerante,Centro,2.0,1353.22,2706.44,6,Si,False
MOV-00166,30/06/2025,REF-118,Contactor,Electrico,Sureste,2.0,441.63,883.26,5,No,False
MOV-01642,31/07/2025,REF-109,Ventilador evaporador,Ventilacion,Centro,2.0,963.62,1927.24,8,No,False
MOV-00438,22/10/2025,REF-107,Termostato mecanico,Control,Norte,1.0,292.34,292.34,3,No,False
MOV-01575,17/06/2025,REF-117,Sensor de temperatura,Control,Bajio,1.0,314.87,314.87,4,No,False
MOV-02061,25/04/2025,REF-116,Motor de damper,Ventilacion,Centro,3.0,872.58,2617.74,10,No,False
MOV-00056,03/02/2025,REF-113,Filtro deshidratador,Filtro,Occidente,2.0,176.37,352.74,5,No,False
MOV-00139,17/01/2025,REF-105,Gas refrigerante R-404a,Refrigerante,Centro,1.0,1464.82,1464.82,6,Si,False
MOV-01993,02/06/2025,REF-107,Termostato mecanico,Control,Occidente,1.0,311.59,311.59,3,No,False
MOV-00196,28/02/2025,REF-104,Gas refrigerante R-134a,Refrigerante,Sureste,2.0,1072.99,2145.98,4,Si,False
MOV-02059,03/02/2025,REF-118,Contactor,Electrico,Centro,1.0,472.03,472.03,5,No,False
MOV-01060,28/06/2025,REF-105,Gas refrigerante R-404a,Refrigerante,Occidente,5.0,1446.12,7230.6,6,Si,True
MOV-00450,23/08/2025,REF-113,Filtro deshidratador,Filtro,Norte,2.0,169.18,338.36,5,No,False
MOV-00547,23/11/2025,REF-116,Motor de damper,Ventilacion,Norte,3.0,810.01,2430.03,10,No,False
MOV-00989,06/05/2025,REF-104,Gas refrigerante R-134a,Refrigerante,Occidente,2.0,1028.87,2057.74,4,Si,False
MOV-01777,16/12/2025,REF-102,Compresor 1/2 HP,Compresor,Norte,3.0,6980.46,20941.38,14,Si,True
MOV-00970,08/02/2025,REF-105,Gas refrigerante R-404a,Refrigerante,Norte,1.0,1360.43,1360.43,6,Si,False
MOV-01268,06/11/2025,REF-116,Motor de damper,Ventilacion,Centro,2.0,834.54,1669.08,10,No,False
MOV-01475,14/03/2025,REF-103,Compresor 3/4 HP,Compresor,Norte,2.0,9211.25,18422.5,18,Si,False
MOV-00175,11/04/2025,REF-112,Capacitor de arranque,Electrico,Centro,3.0,230.69,692.07,4,No,False
MOV-00255,29/01/2025,REF-113,Filtro deshidratador,Filtro,Bajio,-1.0,171.68,171.68,5,No,False
MOV-01158,13/05/2025,REF-107,Termostato mecanico,Control,Occidente,1.0,330.77,330.77,3,No,False
MOV-00386,08/02/2025,REF-103,Compresor 3/4 HP,Compresor,Occidente,3.0,,26920.77,18,Si,False
MOV-00445,12/06/2025,REF-113,Filtro deshidratador,Filtro,Norte,1.0,165.47,165.47,5,No,False
MOV-01102,29/11/2025,REF-101,Compresor 1/3 HP,Compresor,Centro,3.0,5265.07,15795.21,12,Si,False
MOV-01890,02/03/2025,REF-112,Capacitor de arranque,Electrico,Sureste,3.0,234.74,704.22,4,No,False
MOV-00712,05/10/2025,REF-105,Gas refrigerante R-404a,Refrigerante,Centro,1.0,1482.97,1482.97,6,Si,False
MOV-00838,09/03/2025,REF-101,Compresor 1/3 HP,Compresor,Centro,1.0,5098.83,5098.83,12,Si,False
MOV-02072,12/01/2025,REF-102,Compresor 1/2 HP,Compresor,Occidente,1.0,6413.83,6413.83,14,Si,False
MOV-00913,29/11/2025,REF-106,Termostato digital,Control,Norte,2.0,609.0,1218.0,5,No,False
MOV-00090,05/11/2025,REF-104,Gas refrigerante R-134a,Refrigerante,Norte,1.0,1003.76,1003.76,4,Si,False
MOV-01463,16/05/2025,REF-105,Gas refrigerante R-404a,Refrigerante,Sureste,1.0,1447.35,1447.35,6,Si,False
MOV-01302,28/08/2025,REF-111,Rele de arranque,Electrico,Norte,1.0,183.77,183.77,3,No,False
MOV-02045,22/11/2025,REF-108,Empaque de puerta,Sello,Occidente,2.0,537.68,1075.36,7,Si,True
MOV-00001,26/07/2025,REF-118,Contactor,Electrico,Sureste,3.0,471.1,1413.3,5,No,False
MOV-01537,25/12/2025,REF-102,Compresor 1/2 HP,Compresor,Bajio,1.0,6999.31,6999.31,14,Si,False
MOV-00823,27/06/2025,REF-108,Empaque de puerta,Sello,Bajio,3.0,515.83,1547.49,7,Si,False
MOV-00614,29/06/2025,REF-107,Termostato mecanico,Control,Bajio,3.0,307.09,921.27,3,No,False
MOV-01030,04/06/2025,REF-101,Compresor 1/3 HP,Compresor,Norte,3.0,4954.64,14863.92,12,Si,True
MOV-01126,26/09/2025,REF-112,Capacitor de arranque,Electrico,Centro,1.0,246.59,246.59,4,No,False
MOV-01330,01/11/2025,REF-105,Gas refrigerante R-404a,Refrigerante,Bajio,2.0,1354.57,2709.14,6,Si,False
MOV-00040,03/06/2025,REF-105,Gas refrigerante R-404a,Refrigerante,Occidente,4.0,1434.65,5738.6,6,Si,False
MOV-01416,09/11/2025,REF-116,Motor de damper,Ventilacion,Bajio,1.0,818.47,818.47,10,No,False
MOV-01013,17/04/2025,REF-105,Gas refrigerante R-404a,Refrigerante,Sureste,2.0,1441.55,2883.1,6,Si,False
MOV-00944,09/01/2025,REF-103,Compresor 3/4 HP,Compresor,OCCIDENTE,2.0,8330.97,16661.94,18,Si,False
MOV-00666,14/03/2025,REF-110,Ventilador condensador,Ventilacion,Centro,3.0,1198.94,3596.82,9,No,False
MOV-00453,18/06/2025,REF-105,Gas refrigerante R-404a,Refrigerante,Bajio,1.0,1606.77,1606.77,6,Si,True
MOV-00781,15/07/2025,REF-107,Termostato mecanico,Control,Centro,3.0,308.48,925.44,3,No,False
MOV-01149,27/05/2025,REF-109,Ventilador evaporador,Ventilacion,Occidente,2.0,931.0,1862.0,8,No,False
MOV-00178,15/02/2025,REF-106,Termostato digital,Control,Centro,1.0,697.28,697.28,5,No,False
MOV-00137,16/02/2025,REF-103,Compresor 3/4 HP,Compresor,Centro,2.0,8277.05,16554.1,18,Si,False
MOV-00337,18/12/2025,REF-109,Ventilador evaporador,Ventilacion,Centro,1.0,897.25,897.25,8,No,False
MOV-00119,25/07/2025,REF-111,Rele de arranque,Electrico,Centro,1.0,185.41,185.41,3,No,True
MOV-00862,24/09/2025,REF-103,Compresor 3/4 HP,Compresor,Occidente,3.0,8552.86,25658.58,18,Si,False
MOV-02046,12/09/2025,REF-117,Sensor de temperatura,Control,Occidente,,321.73,321.73,4,No,False
MOV-01364,30/08/2025,REF-110,Ventilador condensador,Ventilacion,Centro,1.0,,1175.75,9,No,True
MOV-00352,16/03/2025,REF-115,Resistencia de deshielo,Electrico,Sureste,3.0,,1724.52,6,No,True
MOV-00625,05/12/2025,REF-101,Compresor 1/3 HP,Compresor,Norte,2.0,5056.32,10112.64,12,Si,False
MOV-00193,11/08/2025,REF-102,Compresor 1/2 HP,Compresor,Centro,4.0,6910.27,27641.08,14,Si,False
MOV-01617,02/04/2025,REF-108,Empaque de puerta,Sello,Centro,3.0,549.79,1649.37,7,Si,False
MOV-01493,01/09/2025,REF-112,Capacitor de arranque,Electrico,Bajio,1.0,275.53,275.53,4,No,False
MOV-01374,17/07/2025,REF-108,Empaque de puerta,Sello,Bajio,3.0,537.14,1611.42,7,Si,False
MOV-00136,05/10/2025,REF-108,Empaque de puerta,Sello,Centro,1.0,469.17,469.17,7,Si,False
MOV-01603,01/05/2025,REF-118,Contactor,Electrico,Occidente,3.0,443.04,1329.12,5,No,False
MOV-00461,17/04/2025,REF-102,Compresor 1/2 HP,Compresor,Sureste,3.0,7063.15,21189.45,14,Si,True
MOV-00042,02/03/2025,REF-104,Gas refrigerante R-134a,Refrigerante,Norte,3.0,912.63,2737.89,4,Si,False
MOV-00724,02/05/2025,REF-102,Compresor 1/2 HP,Compresor,Occidente,1.0,6274.18,6274.18,14,Si,False
MOV-00699,03/02/2025,REF-101,Compresor 1/3 HP,Compresor,Norte,3.0,5240.7,15722.1,12,Si,False
MOV-00637,03/03/2025,REF-114,Valvula de expansion,Control,Centro,1.0,1488.87,1488.87,11,No,False
MOV-00359,14/01/2025,REF-115,Resistencia de deshielo,Electrico, Centro,1.0,573.1,573.1,6,No,False
MOV-01891,21/08/2025,REF-104,Gas refrigerante R-134a,Refrigerante,Bajio,2.0,1054.26,2108.52,4,Si,False
MOV-00559,18/10/2025,REF-104,Gas refrigerante R-134a,Refrigerante,Centro,1.0,1017.06,1017.06,4,Si,False
MOV-00814,26/10/2025,REF-103,Compresor 3/4 HP,Compresor,Centro,3.0,9099.47,27298.41,18,Si,False
MOV-00619,06/07/2025,REF-103,Compresor 3/4 HP,Compresor,Centro,1.0,8394.12,8394.12,18,Si,False
MOV-00466,06/08/2025,REF-103,Compresor 3/4 HP,Compresor,Centro,3.0,7932.88,23798.64,18,Si,True
MOV-01946,13/09/2025,REF-101,Compresor 1/3 HP,Compresor,Centro,1.0,4590.43,4590.43,12,Si,False
MOV-01831,23/12/2025,REF-105,Gas refrigerante R-404a,Refrigerante,Bajio,3.0,1521.99,4565.97,6,Si,False
MOV-01992,10/01/2025,REF-118,Contactor,Electrico,Centro,1.0,437.54,437.54,5,No,False
MOV-00080,09/03/2025,REF-113,Filtro deshidratador,Filtro,Sureste,3.0,171.52,514.56,5,No,False
MOV-01925,15/09/2025,REF-105,Gas refrigerante R-404a,Refrigerante,Norte,1.0,1476.42,1476.42,6,Si,False
MOV-00492,30/07/2025,REF-103,Compresor 3/4 HP,Compresor,Norte,2.0,8257.79,16515.58,18,Si,False
MOV-02018,09/07/2025,REF-108,Empaque de puerta,Sello,Centro,3.0,512.78,1538.34,7,Si,True
MOV-00528,04/09/2025,REF-116,Motor de damper,Ventilacion,Bajio,1.0,779.95,779.95,10,No,True
MOV-01989,05/04/2025,REF-106,Termostato digital,Control,Norte,3.0,660.62,1981.86,5,No,False
MOV-01435,02/01/2025,REF-106,Termostato digital,Control,Centro,2.0,704.4,1408.8,5,No,False
MOV-01809,14/01/2025,REF-112,Capacitor de arranque,Electrico,Occidente,3.0,228.02,684.06,4,No,False
MOV-01616,14/03/2025,REF-106,Termostato digital,Control,Centro,1.0,697.5,697.5,5,No,False
MOV-01999,16/11/2025,REF-108,Empaque de puerta,Sello,Occidente,1.0,547.76,547.76,7,Si,False
MOV-02094,28/07/2025,REF-108,Empaque de puerta,Sello,Bajio,1.0,497.64,497.64,7,Si,False
MOV-01846,06/05/2025,REF-104,Gas refrigerante R-134a,Refrigerante,Norte,2.0,1069.43,2138.86,4,Si,False
MOV-01136,13/03/2025,REF-113,Filtro deshidratador,Filtro,Bajio,3.0,174.75,524.25,5,No,True
MOV-00480,10/09/2025,REF-117,Sensor de temperatura,Control,Bajio,2.0,298.91,597.82,4,No,False
MOV-01928,22/07/2025,REF-108,Empaque de puerta,Sello,Sureste,2.0,,1000.0,7,Si,True
MOV-01638,16/11/2025,REF-101,Compresor 1/3 HP,Compresor,Bajio,1.0,5202.74,5202.74,12,Si,False
MOV-00103,21/04/2025,REF-116,Motor de damper,Ventilacion,CENTRO,1.0,868.63,868.63,10,No,False
MOV-00664,24/03/2025,REF-114,Valvula de expansion,Control,Occidente,2.0,1462.52,2925.04,11,No,False
MOV-00743,04/05/2025,REF-108,Empaque de puerta,Sello,Centro,2.0,509.96,1019.92,7,Si,False
MOV-01663,22/11/2025,REF-109,Ventilador evaporador,Ventilacion,Bajio,1.0,870.8,870.8,8,No,False
MOV-01873,02/04/2025,REF-105,Gas refrigerante R-404a,Refrigerante, Bajio,3.0,1553.76,4661.28,6,Si,False
MOV-00054,23/09/2025,REF-105,Gas refrigerante R-404a,Refrigerante,Norte,3.0,1500.24,4500.72,6,Si,False
MOV-00988,13/06/2025,REF-101,Compresor 1/3 HP,Compresor,Bajio,2.0,5513.14,11026.28,12,Si,False
MOV-01414,24/10/2025,REF-101,Compresor 1/3 HP,Compresor,Centro,1.0,5133.45,5133.45,12,Si,False
MOV-01526,30/01/2025,REF-118,Contactor,Electrico,Norte,2.0,476.88,953.76,5,No,False
MOV-00069,30/11/2025,REF-115,Resistencia de deshielo,Electrico,Norte,2.0,585.89,1171.78,6,No,False
MOV-01882,29/10/2025,REF-112,Capacitor de arranque,Electrico,Sureste,1.0,266.96,266.96,4,No,True
MOV-00718,06/12/2025,REF-105,Gas refrigerante R-404a,Refrigerante,Centro,3.0,1409.11,4227.33,6,Si,False
MOV-01101,08/11/2025,REF-111,Rele de arranque,Electrico,Norte,2.0,175.57,351.14,3,No,False
MOV-00727,18/06/2025,REF-114,Valvula de expansion,Control,Norte,1.0,1352.47,1352.47,11,No,True
MOV-00334,25/10/2025,REF-118,Contactor,Electrico,Centro,1.0,428.2,428.2,5,No,False
MOV-01531,05/08/2025,REF-114,Valvula de expansion,Control,Bajio,2.0,1310.87,2621.74,11,No,False
MOV-01418,13/03/2025,REF-105,Gas refrigerante R-404a,Refrigerante,Bajio,3.0,1432.75,4298.25,6,Si,False
MOV-00787,01/05/2025,REF-115,Resistencia de deshielo,Electrico,Occidente,3.0,587.22,1761.66,6,No,False
MOV-02027,28/10/2025,REF-114,Valvula de expansion,Control,Centro,1.0,1496.91,1496.91,11,No,False
MOV-01703,21/05/2025,REF-118,Contactor,Electrico,Norte,3.0,453.91,1361.73,5,No,False
MOV-00785,24/02/2025,REF-115,Resistencia de deshielo,Electrico,Occidente,3.0,561.85,1685.55,6,No,False
MOV-01543,29/09/2025,REF-107,Termostato mecanico,Control,Bajio,3.0,317.11,951.33,3,No,False
MOV-01159,06/03/2025,REF-101,Compresor 1/3 HP,Compresor,Norte,1.0,5098.55,5098.55,12,Si,False
MOV-01316,29/04/2025,REF-106,Termostato digital,Control,Centro,2.0,712.13,1424.26,5,No,False
MOV-00955,07/09/2025,REF-110,Ventilador condensador,Ventilacion,Norte,3.0,1158.17,3474.51,9,No,False
MOV-01138,15/12/2025,REF-104,Gas refrigerante R-134a,Refrigerante,Occidente,1.0,1056.6,1056.6,4,Si,False
MOV-01509,09/07/2025,REF-105,Gas refrigerante R-404a,Refrigerante,Bajio,3.0,1360.14,4080.42,6,Si,False
MOV-00659,29/12/2025,REF-106,Termostato digital,Control,Norte,1.0,631.28,631.28,5,No,False
MOV-00128,01/07/2025,REF-108,Empaque de puerta,Sello,Bajio,2.0,481.96,963.92,7,Si,False
MOV-01607,04/06/2025,REF-110,Ventilador condensador,Ventilacion,Bajio,3.0,1129.21,3387.63,9,No,False
MOV-02004,01/11/2025,REF-111,Rele de arranque,Electrico,Occidente,1.0,179.16,179.16,3,No,False
MOV-01675,14/06/2025,REF-112,Capacitor de arranque,Electrico,Norte,1.0,232.28,232.28,4,No,False
MOV-01262,30/10/2025,REF-106,Termostato digital,Control,Bajio,2.0,617.21,1234.42,5,No,False
MOV-01601,03/04/2025,REF-105,Gas refrigerante R-404a,Refrigerante,Bajio,3.0,1468.14,4404.42,6,Si,False
MOV-00460,07/12/2025,REF-105,Gas refrigerante R-404a,Refrigerante,Occidente,3.0,1487.63,4462.89,6,Si,False
MOV-01107,12/06/2025,REF-112,Capacitor de arranque,Electrico,Occidente,3.0,244.55,733.65,4,No,False
MOV-00951,02/12/2025,REF-103,Compresor 3/4 HP,Compresor,Norte,2.0,8584.65,17169.3,18,Si,False
MOV-01080,21/10/2025,REF-104,Gas refrigerante R-134a,Refrigerante,Centro,2.0,1047.21,2094.42,4,Si,True
MOV-00770,14/06/2025,REF-112,Capacitor de arranque,Electrico,Sureste,3.0,233.79,701.37,4,No,False
MOV-00075,07/06/2025,REF-118,Contactor,Electrico,Bajio,2.0,446.95,893.9,5,No,False
MOV-01130,24/05/2025,REF-111,Rele de arranque,Electrico,Norte,2.0,185.21,370.42,3,No,False
MOV-01188,01/06/2025,REF-111,Rele de arranque,Electrico,Bajio,1.0,195.25,195.25,3,No,False
MOV-01612,22/08/2025,REF-103,Compresor 3/4 HP,Compresor,Centro,3.0,8164.57,24493.71,18,Si,False
MOV-00462,28/03/2025,REF-101,Compresor 1/3 HP,Compresor,Bajio,1.0,4933.46,4933.46,12,Si,True
MOV-01555,10/11/2025,REF-115,Resistencia de deshielo,Electrico,Norte,1.0,559.4,559.4,6,No,False
MOV-00640,23/05/2025,REF-103,Compresor 3/4 HP,Compresor,Bajio,3.0,8572.43,25717.29,18,Si,False
MOV-01869,02/11/2025,REF-118,Contactor,Electrico,Norte,1.0,438.35,438.35,5,No,False
MOV-00918,23/06/2025,REF-103,Compresor 3/4 HP,Compresor,NORTE,3.0,8658.74,25976.22,18,Si,False
MOV-01569,24/02/2025,REF-111,Rele de arranque,Electrico,Norte,3.0,189.92,569.76,3,No,False
MOV-00519,01/01/2025,REF-101,Compresor 1/3 HP,Compresor,Sureste,3.0,4957.93,14873.79,12,Si,False
MOV-01840,29/04/2025,REF-105,Gas refrigerante R-404a,Refrigerante,Bajio,2.0,1452.08,2904.16,6,Si,False
MOV-01655,07/11/2025,REF-105,Gas refrigerante R-404a,Refrigerante,Centro,2.0,1398.74,2797.48,6,Si,False
MOV-00930,16/06/2025,REF-103,Compresor 3/4 HP,Compresor,Bajio,3.0,8821.2,26463.6,18,Si,False
MOV-00231,18/06/2025,REF-111,Rele de arranque,Electrico,Occidente,1.0,183.66,183.66,3,No,False
MOV-00413,14/04/2025,REF-104,Gas refrigerante R-134a,Refrigerante,Occidente,3.0,1077.88,3233.64,4,Si,False
MOV-01320,23/07/2025,REF-104,Gas refrigerante R-134a,Refrigerante,Sureste,1.0,1052.14,1052.14,4,Si,False
MOV-00556,11/06/2025,REF-104,Gas refrigerante R-134a,Refrigerante,Sureste,2.0,931.84,1863.68,4,Si,False
MOV-00544,04/04/2025,REF-118,Contactor,Electrico,Bajio,3.0,426.49,1279.47,5,No,False
MOV-01532,06/03/2025,REF-114,Valvula de expansion,Control,Norte,1.0,1314.86,1314.86,11,No,False
MOV-01403,08/05/2025,REF-116,Motor de damper,Ventilacion,Occidente,1.0,746.51,746.51,10,No,False
MOV-01504,18/03/2025,REF-106,Termostato digital,Control,Occidente,2.0,694.35,1388.7,5,No,False
MOV-01892,08/12/2025,REF-103,Compresor 3/4 HP,Compresor,Norte,1.0,8010.43,8010.43,18,Si,True
MOV-01251,13/06/2025,REF-114,Valvula de expansion,Control,Occidente,1.0,1459.07,1459.07,11,No,False
MOV-00645,03/12/2025,REF-107,Termostato mecanico,Control,Occidente,2.0,285.61,571.22,3,No,False
MOV-01843,27/08/2025,REF-107,Termostato mecanico,Control,Centro,1.0,318.8,318.8,3,No,False
MOV-01779,07/09/2025,REF-114,Valvula de expansion,Control,Centro,3.0,1423.98,4271.94,11,No,True
MOV-00959,06/12/2025,REF-111,Rele de arranque,Electrico,Centro,3.0,194.02,582.06,3,No,False
MOV-00665,25/04/2025,REF-104,Gas refrigerante R-134a,Refrigerante,Bajio,1.0,1066.48,1066.48,4,Si,False
MOV-01571,17/02/2025,REF-108,Empaque de puerta,Sello,Norte,2.0,522.07,1044.14,7,Si,False
MOV-01488,14/05/2025,REF-107,Termostato mecanico,Control,Centro,3.0,318.42,955.26,3,No,True
MOV-00772,11/06/2025,REF-110,Ventilador condensador,Ventilacion,Bajio,1.0,1044.33,1044.33,9,No,False
MOV-01606,23/05/2025,REF-103,Compresor 3/4 HP,Compresor,Norte,3.0,9272.13,27816.39,18,Si,False
MOV-01939,03/04/2025,REF-111,Rele de arranque,Electrico,Occidente,2.0,176.66,353.32,3,No,False
MOV-00262,27/03/2025,REF-105,Gas refrigerante R-404a,Refrigerante,Norte,2.0,1445.54,2891.08,6,Si,False
MOV-00295,03/04/2025,REF-106,Termostato digital,Control,Centro,3.0,694.83,2084.49,5,No,False
MOV-00722,17/07/2025,REF-107,Termostato mecanico,Control,Centro,1.0,321.81,321.81,3,No,False
MOV-02055,22/05/2025,REF-101,Compresor 1/3 HP,Compresor,Centro,3.0,4972.86,14918.58,12,Si,False
MOV-01503,20/09/2025,REF-112,Capacitor de arranque,Electrico,Centro,3.0,233.36,700.08,4,No,False
MOV-01947,25/08/2025,REF-103,Compresor 3/4 HP,Compresor,Norte,3.0,8109.55,24328.65,18,Si,True
MOV-01971,22/07/2025,REF-104,Gas refrigerante R-134a,Refrigerante,Bajio,5.0,1015.7,5078.5,4,Si,True
MOV-00160,14/04/2025,REF-107,Termostato mecanico,Control,Occidente,1.0,333.07,333.07,3,No,False
MOV-01808,18/06/2025,REF-108,Empaque de puerta,Sello,Centro,1.0,495.47,495.47,7,Si,False
MOV-00651,10/08/2025,REF-103,Compresor 3/4 HP,Compresor,Centro,2.0,8963.73,17927.46,18,Si,True
MOV-01827,19/11/2025,REF-113,Filtro deshidratador,Filtro,Bajio,1.0,170.49,170.49,5,No,False
MOV-01358,09/04/2025,REF-102,Compresor 1/2 HP,Compresor,Centro,2.0,6306.84,12613.68,14,Si,False
MOV-00695,01/12/2025,REF-104,Gas refrigerante R-134a,Refrigerante,Norte,2.0,1059.19,2118.38,4,Si,False
MOV-00910,04/10/2025,REF-114,Valvula de expansion,Control,Centro,2.0,1285.44,2570.88,11,No,False
MOV-01304,09/04/2025,REF-118,Contactor,Electrico,Centro,1.0,436.93,436.93,5,No,False
MOV-02100,07/11/2025,REF-114,Valvula de expansion,Control,Centro,3.0,1353.92,4061.76,11,No,False
MOV-00869,05/06/2025,REF-103,Compresor 3/4 HP,Compresor,Occidente,3.0,8409.76,25229.28,18,Si,False
MOV-01870,14/07/2025,REF-117,Sensor de temperatura,Control,Norte,3.0,329.46,988.38,4,No,False
MOV-00015,18/07/2025,REF-118,Contactor,Electrico,Centro,2.0,446.6,893.2,5,No,False
MOV-00976,06/01/2025,REF-109,Ventilador evaporador,Ventilacion,Occidente,1.0,999.51,999.51,8,No,False
MOV-01468,27/07/2025,REF-108,Empaque de puerta,Sello,Centro,3.0,519.98,1559.94,7,Si,False
MOV-00463,28/12/2025,REF-113,Filtro deshidratador,Filtro,Sureste,3.0,,459.99,5,No,True
MOV-01874,04/12/2025,REF-108,Empaque de puerta,Sello,Centro,2.0,497.98,995.96,7,Si,False
MOV-01858,18/01/2025,REF-106,Termostato digital,Control,Bajio,1.0,685.1,685.1,5,No,False
MOV-00620,13/10/2025,REF-103,Compresor 3/4 HP,Compresor,Centro,3.0,9250.94,27752.82,18,Si,False
MOV-01916,14/03/2025,REF-105,Gas refrigerante R-404a,Refrigerante, Bajio,2.0,1596.16,3192.32,6,Si,False
MOV-01610,30/01/2025,REF-116,Motor de damper,Ventilacion,Bajio,3.0,850.64,2551.92,10,No,False
MOV-01261,06/04/2025,REF-103,Compresor 3/4 HP,Compresor,Occidente,2.0,8800.86,17601.72,18,Si,False
MOV-00874,09/04/2025,REF-116,Motor de damper,Ventilacion,Sureste,2.0,847.66,1695.32,10,No,False
MOV-00467,28/05/2025,REF-103,Compresor 3/4 HP,Compresor,Bajio,4.0,7847.5,31390.0,18,Si,False
MOV-00754,10/03/2025,REF-103,Compresor 3/4 HP,Compresor,Centro,2.0,7819.24,15638.48,18,Si,False
MOV-01661,27/04/2025,REF-114,Valvula de expansion,Control,Centro,1.0,1547.78,1547.78,11,No,False
MOV-00942,23/10/2025,REF-113,Filtro deshidratador,Filtro,Sureste,3.0,165.48,496.44,5,No,False
MOV-00883,13/01/2025,REF-109,Ventilador evaporador,Ventilacion,Occidente,3.0,847.51,2542.53,8,No,False
MOV-00292,02/02/2025,REF-109,Ventilador evaporador,Ventilacion,Norte,1.0,885.13,885.13,8,No,False
MOV-00234,15/12/2025,REF-118,Contactor,Electrico,Sureste,1.0,419.71,419.71,5,No,False
MOV-00742,08/01/2025,REF-102,Compresor 1/2 HP,Compresor,Centro,2.0,6663.57,13327.14,14,Si,True
MOV-01390,03/08/2025,REF-113,Filtro deshidratador,Filtro,Bajio,2.0,170.17,340.34,5,No,False
MOV-02003,21/11/2025,REF-104,Gas refrigerante R-134a,Refrigerante,Sureste,1.0,962.81,962.81,4,Si,False
MOV-01305,16/12/2025,REF-105,Gas refrigerante R-404a,Refrigerante,Norte,1.0,1425.46,1425.46,6,Si,False
MOV-01344,01/02/2025,REF-110,Ventilador condensador,Ventilacion,Occidente,2.0,1154.77,2309.54,9,No,False
MOV-01818,04/10/2025,REF-109,Ventilador evaporador,Ventilacion,Occidente,2.0,907.2,1814.4,8,No,False
MOV-01646,07/05/2025,REF-118,Contactor,Electrico,Bajio,3.0,432.63,1297.89,5,No,False
MOV-00050,26/05/2025,REF-118,Contactor,Electrico,Centro,2.0,441.39,882.78,5,No,False
MOV-00786,04/06/2025,REF-118,Contactor,Electrico,Bajio,3.0,467.1,1401.3,5,No,True
MOV-01084,20/05/2025,REF-102,Compresor 1/2 HP,Compresor,Bajio,4.0,6043.55,24174.2,14,Si,False
MOV-01771,07/01/2025,REF-117,Sensor de temperatura,Control,Sureste,1.0,299.06,299.06,4,No,False
MOV-01453,09/06/2025,REF-106,Termostato digital,Control,Bajio,2.0,590.83,1181.66,5,No,False
MOV-01242,03/01/2025,REF-110,Ventilador condensador,Ventilacion,Occidente,2.0,1015.82,2031.64,9,No,False
MOV-00535,16/10/2025,REF-106,Termostato digital,Control,Occidente,3.0,693.91,2081.73,5,No,False
MOV-00629,16/07/2025,REF-110,Ventilador condensador,Ventilacion,Centro,3.0,1147.04,3441.12,9,No,False
MOV-00929,09/11/2025,REF-105,Gas refrigerante R-404a,Refrigerante,Bajio,2.0,1421.13,2842.26,6,Si,False
MOV-01829,22/03/2025,REF-108,Empaque de puerta,Sello,Norte,3.0,542.95,1628.85,7,Si,False
MOV-00526,24/05/2025,REF-102,Compresor 1/2 HP,Compresor,Centro,4.0,7077.52,28310.08,14,Si,True
MOV-01392,14/10/2025,REF-112,Capacitor de arranque,Electrico,CENTRO,2.0,,526.58,4,No,False
MOV-01426,30/09/2025,REF-117,Sensor de temperatura,Control,Centro,2.0,337.2,674.4,4,No,False
MOV-01081,24/03/2025,REF-107,Termostato mecanico,Control,Occidente,1.0,324.37,324.37,3,No,False
MOV-01396,09/02/2025,REF-115,Resistencia de deshielo,Electrico,Norte,1.0,520.28,520.28,6,No,False
MOV-00400,09/07/2025,REF-110,Ventilador condensador,Ventilacion,Norte,3.0,1117.0,3351.0,9,No,False
MOV-01819,20/09/2025,REF-109,Ventilador evaporador,Ventilacion,Centro,2.0,987.34,1974.68,8,No,False
MOV-01756,22/02/2025,REF-102,Compresor 1/2 HP,Compresor,Sureste,1.0,6238.16,6238.16,14,Si,False
MOV-01476,13/09/2025,REF-102,Compresor 1/2 HP,Compresor,Bajio,3.0,6501.66,19504.98,14,Si,True
MOV-01589,30/12/2025,REF-104,Gas refrigerante R-134a,Refrigerante,Norte,2.0,1034.92,2069.84,4,Si,False
MOV-01062,02/04/2025,REF-116,Motor de damper,Ventilacion,Norte,3.0,889.15,2667.45,10,No,False
MOV-00590,06/10/2025,REF-107,Termostato mecanico,Control,Sureste,3.0,323.41,970.23,3,No,False
MOV-00674,20/08/2025,REF-112,Capacitor de arranque,Electrico,Centro,1.0,274.16,274.16,4,No,False
MOV-01684,31/12/2025,REF-114,Valvula de expansion,Control,Bajio,3.0,1352.81,4058.43,11,No,False
MOV-00107,02/01/2025,REF-111,Rele de arranque,Electrico,Centro,2.0,203.66,407.32,3,No,False
MOV-01347,14/03/2025,REF-110,Ventilador condensador,Ventilacion,Centro,3.0,1064.15,3192.45,9,No,False
MOV-01376,10/02/2025,REF-116,Motor de damper,Ventilacion,Centro,2.0,867.63,1735.26,10,No,False
MOV-01381,08/09/2025,REF-105,Gas refrigerante R-404a,Refrigerante,Occidente,,1594.29,4782.87,6,Si,False
MOV-00836,19/07/2025,REF-113,Filtro deshidratador,Filtro,Norte,1.0,154.09,154.09,5,No,False
MOV-00252,21/03/2025,REF-117,Sensor de temperatura,Control,Bajio,1.0,302.81,302.81,4,No,False
MOV-01815,09/09/2025,REF-101,Compresor 1/3 HP,Compresor,Centro,2.0,5404.32,10808.64,12,Si,False
MOV-01568,15/11/2025,REF-104,Gas refrigerante R-134a,Refrigerante,Bajio,3.0,1061.66,3184.98,4,Si,True
MOV-00391,21/08/2025,REF-103,Compresor 3/4 HP,Compresor, Centro,5.0,8433.3,42166.5,18,Si,False
MOV-01240,23/01/2025,REF-110,Ventilador condensador,Ventilacion,Bajio,1.0,1014.1,1014.1,9,No,False
MOV-01363,23/11/2025,REF-103,Compresor 3/4 HP,Compresor,Bajio,3.0,8880.68,26642.04,18,Si,True
MOV-00795,26/09/2025,REF-104,Gas refrigerante R-134a,Refrigerante,Centro,1.0,908.98,908.98,4,Si,False
MOV-00057,22/07/2025,REF-118,Contactor,Electrico,Sureste,2.0,425.77,851.54,5,No,False
MOV-00669,13/02/2025,REF-108,Empaque de puerta,Sello,Norte,1.0,474.01,474.01,7,Si,False
MOV-00682,17/06/2025,REF-113,Filtro deshidratador,Filtro,Sureste,1.0,159.67,159.67,5,No,False
MOV-00804,25/07/2025,REF-103,Compresor 3/4 HP,Compresor,Occidente,3.0,8009.71,24029.13,18,Si,False
MOV-01206,09/12/2025,REF-105,Gas refrigerante R-404a,Refrigerante,Norte,3.0,1389.42,4168.26,6,Si,False
MOV-01078,25/12/2025,REF-104,Gas refrigerante R-134a,Refrigerante,Centro,2.0,1071.49,2142.98,4,Si,False
MOV-01936,04/01/2025,REF-112,Capacitor de arranque,Electrico,Centro,1.0,261.85,261.85,4,No,False
MOV-00121,08/07/2025,REF-108,Empaque de puerta,Sello,Norte,2.0,514.85,1029.7,7,Si,False
MOV-00347,04/10/2025,REF-106,Termostato digital,Control,Centro,3.0,633.44,1900.32,5,No,False
MOV-01897,07/05/2025,REF-102,Compresor 1/2 HP,Compresor,Occidente,5.0,5914.06,29570.3,14,Si,False
MOV-00152,08/12/2025,REF-114,Valvula de expansion,Control,Norte,,1543.81,3087.62,11,No,False
MOV-01880,28/12/2025,REF-101,Compresor 1/3 HP,Compresor,Centro,3.0,5022.64,15067.92,12,Si,False
MOV-00828,22/09/2025,REF-102,Compresor 1/2 HP,Compresor,Bajio,3.0,6085.16,18255.48,14,Si,False
MOV-01255,04/02/2025,REF-114,Valvula de expansion,Control,Centro,2.0,1340.54,2681.08,11,No,False
MOV-00525,26/09/2025,REF-105,Gas refrigerante R-404a,Refrigerante,Centro,2.0,1478.6,2957.2,6,Si,False
MOV-01266,06/05/2025,REF-108,Empaque de puerta,Sello,Sureste,2.0,509.79,1019.58,7,Si,False
MOV-00022,29/11/2025,REF-109,Ventilador evaporador,Ventilacion,Centro,3.0,901.95,2705.85,8,No,False
MOV-00406,18/06/2025,REF-110,Ventilador condensador,Ventilacion,CENTRO,1.0,1027.55,1027.55,9,No,False
MOV-00258,29/05/2025,REF-106,Termostato digital,Control,Bajio,3.0,624.41,1873.23,5,No,False
MOV-00701,05/01/2025,REF-113,Filtro deshidratador,Filtro,Centro,3.0,163.67,491.01,5,No,True
MOV-00389,16/07/2025,REF-101,Compresor 1/3 HP,Compresor,Norte,3.0,5402.1,16206.3,12,Si,True
MOV-00186,06/04/2025,REF-102,Compresor 1/2 HP,Compresor,Sureste,2.0,7080.08,14160.16,14,Si,False
MOV-00044,05/09/2025,REF-108,Empaque de puerta,Sello,Occidente,3.0,495.69,1487.07,7,Si,False
MOV-00474,10/10/2025,REF-111,Rele de arranque,Electrico,Norte,3.0,203.18,609.54,3,No,True
MOV-00853,31/10/2025,REF-118,Contactor,Electrico,Norte,3.0,436.81,1310.43,5,No,False
MOV-01920,30/10/2025,REF-110,Ventilador condensador,Ventilacion,Bajio,2.0,1175.56,2351.12,9,No,False
MOV-00341,30/01/2025,REF-106,Termostato digital,Control,Norte,2.0,702.83,1405.66,5,No,False
MOV-01167,02/10/2025,REF-117,Sensor de temperatura,Control,Bajio,1.0,321.1,321.1,4,No,False
MOV-01586,08/04/2025,REF-114,Valvula de expansion,Control, Centro,1.0,1362.38,1362.38,11,No,False
MOV-01670,12/02/2025,REF-103,Compresor 3/4 HP,Compresor,Bajio,3.0,7778.02,23334.06,18,Si,False
MOV-01042,11/08/2025,REF-105,Gas refrigerante R-404a,Refrigerante,BAJIO,4.0,1462.36,5849.44,6,Si,False
MOV-02083,06/10/2025,REF-110,Ventilador condensador,Ventilacion,Norte,2.0,1102.57,2205.14,9,No,True
MOV-00961,06/03/2025,REF-101,Compresor 1/3 HP,Compresor,Centro,2.0,4645.15,9290.3,12,Si,False
MOV-02026,11/11/2025,REF-108,Empaque de puerta,Sello,Norte,1.0,488.57,488.57,7,Si,False
MOV-01577,23/06/2025,REF-105,Gas refrigerante R-404a,Refrigerante,Norte,3.0,1500.55,4501.65,6,Si,True
MOV-01351,04/02/2025,REF-113,Filtro deshidratador,Filtro,Norte,2.0,166.4,332.8,5,No,False
MOV-00316,10/12/2025,REF-104,Gas refrigerante R-134a,Refrigerante,Bajio,2.0,1001.4,2002.8,4,Si,False
MOV-00330,18/01/2025,REF-104,Gas refrigerante R-134a,Refrigerante,Occidente,1.0,930.15,930.15,4,Si,False
MOV-00513,05/12/2025,REF-108,Empaque de puerta,Sello,Bajio,3.0,504.27,1512.81,7,Si,False
MOV-00663,02/02/2025,REF-114,Valvula de expansion,Control,Centro,1.0,1412.02,1412.02,11,No,False
MOV-00346,23/10/2025,REF-107,Termostato mecanico,Control,Bajio,2.0,276.13,552.26,3,No,False
MOV-00833,11/01/2025,REF-109,Ventilador evaporador,Ventilacion,Centro,2.0,904.51,1809.02,8,No,False
MOV-01311,09/02/2025,REF-106,Termostato digital,Control,Occidente,1.0,612.94,612.94,5,No,False
MOV-00684,01/05/2025,REF-111,Rele de arranque,Electrico,Sureste,1.0,175.73,175.73,3,No,False
MOV-01003,09/07/2025,REF-118,Contactor,Electrico,Norte,2.0,437.05,874.1,5,No,False
MOV-02089,25/12/2025,REF-110,Ventilador condensador,Ventilacion,Occidente,2.0,1144.86,2289.72,9,No,False
MOV-01237,03/07/2025,REF-118,Contactor,Electrico,Centro,2.0,474.5,949.0,5,No,True
MOV-00773,20/04/2025,REF-111,Rele de arranque,Electrico,Sureste,3.0,205.11,615.33,3,No,False
MOV-01511,08/10/2025,REF-111,Rele de arranque,Electrico,Bajio,3.0,179.95,539.85,3,No,False
MOV-00067,23/01/2025,REF-102,Compresor 1/2 HP,Compresor,Centro,2.0,6461.19,12922.38,14,Si,False
MOV-01910,06/09/2025,REF-104,Gas refrigerante R-134a,Refrigerante,Centro,3.0,1085.47,3256.41,4,Si,False
MOV-00933,08/01/2025,REF-108,Empaque de puerta,Sello,Bajio,1.0,490.78,490.78,7,Si,False
MOV-00732,20/09/2025,REF-102,Compresor 1/2 HP,Compresor,Bajio,1.0,6860.27,6860.27,14,Si,True
MOV-02079,09/09/2025,REF-117,Sensor de temperatura,Control,Occidente,3.0,316.55,949.65,4,No,False
MOV-00644,08/06/2025,REF-108,Empaque de puerta,Sello,Sureste,2.0,499.47,998.94,7,Si,False
MOV-01945,17/11/2025,REF-113,Filtro deshidratador,Filtro,Centro,3.0,179.82,539.46,5,No,False
MOV-00809,14/08/2025,REF-102,Compresor 1/2 HP,Compresor,Centro,4.0,6390.53,25562.12,14,Si,False
MOV-01308,19/08/2025,REF-105,Gas refrigerante R-404a,Refrigerante,Centro,4.0,1484.59,5938.36,6,Si,False
MOV-00646,21/05/2025,REF-117,Sensor de temperatura,Control,Bajio,2.0,308.15,616.3,4,No,True
MOV-00418,09/05/2025,REF-107,Termostato mecanico,Control,Bajio,1.0,279.15,279.15,3,No,False
MOV-01875,18/03/2025,REF-105,Gas refrigerante R-404a,Refrigerante,Centro,3.0,1415.03,4245.09,6,Si,False
MOV-01595,26/02/2025,REF-112,Capacitor de arranque,Electrico,Norte,3.0,233.87,701.61,4,No,False
MOV-01139,24/09/2025,REF-109,Ventilador evaporador,Ventilacion,Centro,3.0,886.3,2658.9,8,No,True
MOV-00542,29/05/2025,REF-103,Compresor 3/4 HP,Compresor,Norte,5.0,8067.5,40337.5,18,Si,True
MOV-01314,10/09/2025,REF-111,Rele de arranque,Electrico,Bajio,1.0,176.12,176.12,3,No,False
MOV-02052,25/03/2025,REF-101,Compresor 1/3 HP,Compresor,Norte,2.0,4661.33,9322.66,12,Si,False
MOV-01991,04/07/2025,REF-108,Empaque de puerta,Sello,Centro,,471.23,1413.69,7,Si,False
MOV-01296,01/12/2025,REF-112,Capacitor de arranque,Electrico,Bajio,3.0,238.99,716.97,4,No,False
MOV-01505,23/07/2025,REF-105,Gas refrigerante R-404a,Refrigerante,Norte,3.0,1350.58,4051.74,6,Si,False
MOV-00314,18/11/2025,REF-102,Compresor 1/2 HP,Compresor,Norte,3.0,6495.67,19487.01,14,Si,False
MOV-00307,11/03/2025,REF-106,Termostato digital,Control,Occidente,3.0,685.04,2055.12,5,No,False
MOV-00941,07/04/2025,REF-111,Rele de arranque,Electrico,Sureste,2.0,194.64,389.28,3,No,False
MOV-01309,14/05/2025,REF-109,Ventilador evaporador,Ventilacion,Centro,,915.75,2747.25,8,No,False
MOV-00130,23/03/2025,REF-110,Ventilador condensador,Ventilacion,Bajio,3.0,1128.6,3385.8,9,No,False
MOV-00396,03/03/2025,REF-104,Gas refrigerante R-134a,Refrigerante,Occidente,2.0,1034.22,2068.44,4,Si,True
MOV-02010,12/07/2025,REF-108,Empaque de puerta,Sello,Occidente,3.0,469.83,1409.49,7,Si,True
MOV-00327,16/02/2025,REF-117,Sensor de temperatura,Control,Centro,2.0,341.55,683.1,4,No,False
MOV-00192,18/07/2025,REF-102,Compresor 1/2 HP,Compresor,Norte,3.0,6029.81,18089.43,14,Si,False
MOV-00723,19/02/2025,REF-114,Valvula de expansion,Control,Occidente,1.0,1456.64,1456.64,11,No,False
MOV-01174,25/12/2025,REF-108,Empaque de puerta,Sello,Centro,1.0,506.6,506.6,7,Si,False
MOV-01640,20/10/2025,REF-102,Compresor 1/2 HP,Compresor,Centro,3.0,6584.55,19753.65,14,Si,True
MOV-01065,31/10/2025,REF-110,Ventilador condensador,Ventilacion,CENTRO,1.0,1049.27,1049.27,9,No,False
MOV-01331,02/10/2025,REF-106,Termostato digital,Control,Bajio,2.0,656.44,1312.88,5,No,False
MOV-01398,24/03/2025,REF-106,Termostato digital,Control,Sureste,3.0,699.59,2098.77,5,No,False
MOV-00994,06/05/2025,REF-101,Compresor 1/3 HP,Compresor,Centro,4.0,4944.28,19777.12,12,Si,False
MOV-00921,09/04/2025,REF-112,Capacitor de arranque,Electrico,NORTE,,256.67,256.67,4,No,False
MOV-01492,08/10/2025,REF-113,Filtro deshidratador,Filtro,Occidente,1.0,165.09,165.09,5,No,False
MOV-00496,24/08/2025,REF-114,Valvula de expansion,Control,Centro,2.0,1356.21,2712.42,11,No,False
MOV-01297,23/10/2025,REF-113,Filtro deshidratador,Filtro,Bajio,1.0,153.22,153.22,5,No,False
MOV-01033,29/10/2025,REF-105,Gas refrigerante R-404a,Refrigerante, Sureste,,1548.43,1548.43,6,Si,False
MOV-00868,02/08/2025,REF-107,Termostato mecanico,Control,Sureste,2.0,322.62,645.24,3,No,False
MOV-00385,29/11/2025,REF-104,Gas refrigerante R-134a,Refrigerante,Norte,1.0,974.28,974.28,4,Si,False
MOV-01604,01/03/2025,REF-101,Compresor 1/3 HP,Compresor,Bajio,2.0,5253.41,10506.82,12,Si,False
MOV-00653,10/02/2025,REF-115,Resistencia de deshielo,Electrico,Occidente,3.0,557.78,1673.34,6,No,False
MOV-01800,03/03/2025,REF-104,Gas refrigerante R-134a,Refrigerante,Sureste,2.0,998.96,1997.92,4,Si,True
MOV-00398,03/12/2025,REF-102,Compresor 1/2 HP,Compresor,Bajio,3.0,6214.88,18644.64,14,Si,False
MOV-02080,01/05/2025,REF-115,Resistencia de deshielo,Electrico,Occidente,1.0,575.92,575.92,6,No,False
MOV-00947,21/12/2025,REF-101,Compresor 1/3 HP,Compresor,Norte,2.0,4727.13,9454.26,12,Si,False
MOV-00611,21/03/2025,REF-114,Valvula de expansion,Control,Norte,1.0,1471.48,1471.48,11,No,True
MOV-00520,06/06/2025,REF-107,Termostato mecanico,Control,Bajio,3.0,312.35,937.05,3,No,False
MOV-01924,09/11/2025,REF-103,Compresor 3/4 HP,Compresor,Bajio,3.0,8489.48,25468.44,18,Si,False
MOV-00725,01/10/2025,REF-101,Compresor 1/3 HP,Compresor,Norte,1.0,4723.06,4723.06,12,Si,False
MOV-00533,16/03/2025,REF-106,Termostato digital,Control,Norte,2.0,675.19,1350.38,5,No,True
MOV-00763,21/12/2025,REF-103,Compresor 3/4 HP,Compresor,Occidente,3.0,8124.54,24373.62,18,Si,False
MOV-00162,18/02/2025,REF-111,Rele de arranque,Electrico,Bajio,2.0,178.55,357.1,3,No,False
MOV-01335,05/01/2025,REF-113,Filtro deshidratador,Filtro,Occidente,3.0,164.83,494.49,5,No,False
MOV-01816,05/12/2025,REF-103,Compresor 3/4 HP,Compresor,Centro,2.0,7724.4,15448.8,18,Si,True
MOV-01516,10/08/2025,REF-102,Compresor 1/2 HP,Compresor,Bajio,1.0,6765.21,6765.21,14,Si,False
MOV-01104,11/12/2025,REF-101,Compresor 1/3 HP,Compresor,Centro,2.0,4893.04,9786.08,12,Si,False
MOV-00937,28/03/2025,REF-118,Contactor,Electrico,Norte,2.0,428.31,856.62,5,No,False
MOV-01040,08/03/2025,REF-107,Termostato mecanico,Control,Sureste,2.0,310.66,621.32,3,No,True
MOV-01367,21/02/2025,REF-103,Compresor 3/4 HP,Compresor,Occidente,1.0,9032.25,9032.25,18,Si,False
MOV-01438,18/09/2025,REF-105,Gas refrigerante R-404a,Refrigerante,Norte,1.0,1368.0,1368.0,6,Si,False
MOV-01074,29/09/2025,REF-113,Filtro deshidratador,Filtro,Norte,3.0,177.21,531.63,5,No,False
MOV-01275,27/05/2025,REF-102,Compresor 1/2 HP,Compresor,Norte,2.0,6340.31,12680.62,14,Si,False
MOV-02071,12/06/2025,REF-109,Ventilador evaporador,Ventilacion,Norte,3.0,921.19,2763.57,8,No,True
MOV-00021,06/02/2025,REF-103,Compresor 3/4 HP,Compresor,Norte,1.0,8642.21,8642.21,18,Si,False
MOV-00570,01/06/2025,REF-104,Gas refrigerante R-134a,Refrigerante,Sureste,5.0,1067.79,5338.95,4,Si,True
MOV-01455,10/10/2025,REF-110,Ventilador condensador,Ventilacion,Bajio,2.0,1116.38,2232.76,9,No,False
MOV-01160,08/09/2025,REF-108,Empaque de puerta,Sello,Centro,3.0,524.67,1574.01,7,Si,False
MOV-01561,09/05/2025,REF-101,Compresor 1/3 HP,Compresor,Bajio,3.0,4639.23,13917.69,12,Si,False
MOV-00654,04/09/2025,REF-105,Gas refrigerante R-404a,Refrigerante,Centro,2.0,1380.82,2761.64,6,Si,False
MOV-00697,04/12/2025,REF-109,Ventilador evaporador,Ventilacion,Bajio,1.0,854.5,854.5,8,No,False
MOV-00482,16/09/2025,REF-115,Resistencia de deshielo,Electrico,Norte,1.0,560.9,560.9,6,No,False
MOV-00034,30/01/2025,REF-108,Empaque de puerta,Sello,Centro,1.0,498.07,498.07,7,Si,False
MOV-01135,14/08/2025,REF-104,Gas refrigerante R-134a,Refrigerante,Norte,2.0,1027.25,2054.5,4,Si,True
MOV-01407,12/06/2025,REF-102,Compresor 1/2 HP,Compresor,Centro,3.0,6650.01,19950.03,14,Si,True
MOV-01050,12/05/2025,REF-113,Filtro deshidratador,Filtro,Norte,2.0,162.39,324.78,5,No,False
MOV-00048,08/08/2025,REF-118,Contactor,Electrico,Norte,2.0,474.54,949.08,5,No,False
MOV-01461,11/07/2025,REF-112,Capacitor de arranque,Electrico,Centro,2.0,243.84,487.68,4,No,False
MOV-01199,08/07/2025,REF-108,Empaque de puerta,Sello,Bajio,2.0,469.8,939.6,7,Si,False
MOV-00030,22/11/2025,REF-117,Sensor de temperatura,Control,Norte,1.0,341.67,341.67,4,No,False
MOV-01596,23/09/2025,REF-108,Empaque de puerta,Sello,Sureste,2.0,480.97,961.94,7,Si,True
MOV-01006,08/10/2025,REF-102,Compresor 1/2 HP,Compresor,Centro,3.0,7076.77,21230.31,14,Si,False
MOV-01178,10/07/2025,REF-115,Resistencia de deshielo,Electrico,Bajio,3.0,551.68,1655.04,6,No,True
MOV-01996,13/06/2025,REF-109,Ventilador evaporador,Ventilacion,Norte,1.0,952.53,952.53,8,No,False
MOV-01648,24/08/2025,REF-113,Filtro deshidratador,Filtro,Occidente,3.0,172.44,517.32,5,No,True
MOV-01862,14/12/2025,REF-102,Compresor 1/2 HP,Compresor,Centro,3.0,,19256.91,14,Si,False
MOV-01186,30/12/2025,REF-116,Motor de damper,Ventilacion,Centro,2.0,830.47,1660.94,10,No,False
MOV-01269,12/05/2025,REF-102,Compresor 1/2 HP,Compresor,Centro,3.0,6469.24,19407.72,14,Si,True
MOV-00511,02/06/2025,REF-102,Compresor 1/2 HP,Compresor,Bajio,2.0,6292.59,12585.18,14,Si,False
MOV-01183,09/10/2025,REF-109,Ventilador evaporador,Ventilacion,Sureste,3.0,984.09,2952.27,8,No,False
MOV-00531,03/11/2025,REF-101,Compresor 1/3 HP,Compresor,Norte,1.0,5366.67,5366.67,12,Si,True
MOV-00923,19/03/2025,REF-102,Compresor 1/2 HP,Compresor,Centro,3.0,5927.47,17782.41,14,Si,False
MOV-00502,30/12/2025,REF-113,Filtro deshidratador,Filtro,Centro,2.0,161.38,322.76,5,No,False
MOV-00433,29/05/2025,REF-113,Filtro deshidratador,Filtro,Centro,3.0,164.83,494.49,5,No,False
MOV-00254,10/09/2025,REF-107,Termostato mecanico,Control,Bajio,3.0,313.25,939.75,3,No,False
MOV-00997,04/11/2025,REF-107,Termostato mecanico,Control,Bajio,2.0,294.9,589.8,3,No,False
MOV-01997,24/08/2025,REF-102,Compresor 1/2 HP,Compresor,Bajio,4.0,7107.64,28430.56,14,Si,True
MOV-01903,21/09/2025,REF-104,Gas refrigerante R-134a,Refrigerante,Centro,2.0,1076.76,2153.52,4,Si,False
MOV-02073,02/03/2025,REF-105,Gas refrigerante R-404a,Refrigerante,Sureste,1.0,1378.83,1378.83,6,Si,True
MOV-00780,13/09/2025,REF-105,Gas refrigerante R-404a,Refrigerante,Bajio,2.0,1596.42,3192.84,6,Si,False
MOV-00367,01/08/2025,REF-118,Contactor,Electrico,Bajio,1.0,454.83,454.83,5,No,False
MOV-01077,12/04/2025,REF-106,Termostato digital,Control,Centro,2.0,651.93,1303.86,5,No,False
MOV-01079,14/11/2025,REF-105,Gas refrigerante R-404a,Refrigerante,Centro,3.0,1445.95,4337.85,6,Si,False
MOV-01609,10/06/2025,REF-107,Termostato mecanico,Control,Sureste,2.0,277.94,555.88,3,No,False
MOV-00681,03/05/2025,REF-105,Gas refrigerante R-404a,Refrigerante,Norte,3.0,,4413.12,6,Si,False
MOV-01754,13/07/2025,REF-114,Valvula de expansion,Control,Centro,1.0,1391.78,1391.78,11,No,True
MOV-00813,23/09/2025,REF-106,Termostato digital,Control,Bajio,2.0,633.27,1266.54,5,No,False
MOV-00736,17/11/2025,REF-112,Capacitor de arranque,Electrico,Sureste,1.0,233.98,233.98,4,No,False
MOV-01049,24/09/2025,REF-104,Gas refrigerante R-134a,Refrigerante,Centro,1.0,1000.92,1000.92,4,Si,False
MOV-00299,02/05/2025,REF-102,Compresor 1/2 HP,Compresor,Occidente,3.0,6566.54,19699.62,14,Si,True
MOV-00557,01/01/2025,REF-114,Valvula de expansion,Control,Sureste,2.0,1439.82,2879.64,11,No,False
MOV-00576,07/04/2025,REF-116,Motor de damper,Ventilacion,Bajio,3.0,778.45,2335.35,10,No,False
MOV-00019,01/09/2025,REF-104,Gas refrigerante R-134a,Refrigerante,Occidente,1.0,952.14,952.14,4,Si,True
MOV-00573,30/04/2025,REF-104,Gas refrigerante R-134a,Refrigerante,Occidente,1.0,995.24,995.24,4,Si,False
MOV-01279,27/01/2025,REF-108,Empaque de puerta,Sello,Occidente,1.0,485.25,485.25,7,Si,True
MOV-00226,16/09/2025,REF-112,Capacitor de arranque,Electrico,Norte,2.0,242.93,485.86,4,No,False
MOV-00600,07/07/2025,REF-108,Empaque de puerta,Sello,Norte,2.0,547.2,1094.4,7,Si,False
MOV-00420,27/04/2025,REF-115,Resistencia de deshielo,Electrico,Norte,3.0,515.45,1546.35,6,No,False
MOV-01705,26/02/2025,REF-102,Compresor 1/2 HP,Compresor,Norte,2.0,6681.87,13363.74,14,Si,False
MOV-01303,15/12/2025,REF-111,Rele de arranque,Electrico,Norte,1.0,,171.48,3,No,False
MOV-01247,08/01/2025,REF-115,Resistencia de deshielo,Electrico,Norte,1.0,546.5,546.5,6,No,False
MOV-01791,25/01/2025,REF-110,Ventilador condensador,Ventilacion,Bajio,3.0,1053.43,3160.29,9,No,False
MOV-01449,21/10/2025,REF-114,Valvula de expansion,Control,Norte,-1.0,1364.58,1364.58,11,No,False
MOV-00219,15/12/2025,REF-115,Resistencia de deshielo,Electrico,Sureste,2.0,,1239.66,6,No,False
MOV-00308,24/02/2025,REF-115,Resistencia de deshielo,Electrico,Bajio,1.0,534.34,534.34,6,No,False
MOV-00157,15/12/2025,REF-111,Rele de arranque,Electrico,Sureste,1.0,177.33,177.33,3,No,False
MOV-00172,01/11/2025,REF-113,Filtro deshidratador,Filtro,Occidente,1.0,164.82,164.82,5,No,False
MOV-01467,18/12/2025,REF-114,Valvula de expansion,Control,Centro,1.0,1405.38,1405.38,11,No,False
MOV-01429,14/07/2025,REF-111,Rele de arranque,Electrico,Sureste,1.0,195.7,195.7,3,No,False
MOV-00706,10/12/2025,REF-117,Sensor de temperatura,Control,Occidente,2.0,,651.94,4,No,False
MOV-00287,20/07/2025,REF-101,Compresor 1/3 HP,Compresor,Bajio,4.0,4781.28,19125.12,12,Si,False
MOV-01091,18/10/2025,REF-102,Compresor 1/2 HP,Compresor, Centro,1.0,6321.67,6321.67,14,Si,False
MOV-00454,29/05/2025,REF-104,Gas refrigerante R-134a,Refrigerante,Bajio,4.0,1088.91,4355.64,4,Si,False
MOV-00114,07/09/2025,REF-109,Ventilador evaporador,Ventilacion,Sureste,1.0,952.87,952.87,8,No,False
MOV-00072,09/01/2025,REF-102,Compresor 1/2 HP,Compresor,Centro,2.0,6799.57,13599.14,14,Si,False
MOV-02068,14/11/2025,REF-111,Rele de arranque,Electrico,Centro,3.0,203.88,611.64,3,No,False
MOV-01437,08/02/2025,REF-104,Gas refrigerante R-134a,Refrigerante,Norte,2.0,1001.88,2003.76,4,Si,True
MOV-00083,20/07/2025,REF-111,Rele de arranque,Electrico,Norte,2.0,174.05,348.1,3,No,False
MOV-02075,24/06/2025,REF-112,Capacitor de arranque,Electrico, Bajio,2.0,275.75,551.5,4,No,False
MOV-01696,02/03/2025,REF-112,Capacitor de arranque,Electrico,Norte,2.0,249.95,499.9,4,No,False
MOV-02082,05/05/2025,REF-118,Contactor,Electrico,Norte,1.0,430.8,430.8,5,No,False
MOV-00016,16/03/2025,REF-106,Termostato digital,Control,Norte,3.0,614.68,1844.04,5,No,False
MOV-01883,10/07/2025,REF-107,Termostato mecanico,Control,Sureste,2.0,282.3,564.6,3,No,False
MOV-00536,26/09/2025,REF-101,Compresor 1/3 HP,Compresor,Norte,3.0,5097.29,15291.87,12,Si,False
MOV-01679,20/03/2025,REF-118,Contactor,Electrico,Centro,1.0,469.79,469.79,5,No,False
MOV-00919,29/03/2025,REF-115,Resistencia de deshielo,Electrico,Sureste,2.0,514.0,1028.0,6,No,False
MOV-00452,07/05/2025,REF-114,Valvula de expansion,Control,Norte,1.0,1303.49,1303.49,11,No,False
MOV-01676,07/12/2025,REF-103,Compresor 3/4 HP,Compresor,Bajio,2.0,8977.81,17955.62,18,Si,False
MOV-00405,25/02/2025,REF-110,Ventilador condensador,Ventilacion,Bajio,3.0,1181.76,3545.28,9,No,False
MOV-02032,21/12/2025,REF-106,Termostato digital,Control,Occidente,2.0,708.65,1417.3,5,No,False
MOV-01515,05/01/2025,REF-110,Ventilador condensador,Ventilacion,Norte,1.0,,1045.15,9,No,True
MOV-01973,01/04/2025,REF-104,Gas refrigerante R-134a,Refrigerante,Occidente,2.0,1058.13,2116.26,4,Si,False
MOV-01908,02/12/2025,REF-101,Compresor 1/3 HP,Compresor,Norte,3.0,4808.65,14425.95,12,Si,False
MOV-00740,04/12/2025,REF-106,Termostato digital,Control,Centro,1.0,608.17,608.17,5,No,True
MOV-00365,23/01/2025,REF-118,Contactor,Electrico,Centro,1.0,454.18,454.18,5,No,False
MOV-01654,03/09/2025,REF-108,Empaque de puerta,Sello,Norte,2.0,537.93,1075.86,7,Si,False
MOV-01484,31/12/2025,REF-103,Compresor 3/4 HP,Compresor,Centro,3.0,8059.43,24178.29,18,Si,False
MOV-00105,15/06/2025,REF-109,Ventilador evaporador,Ventilacion,Norte,1.0,910.87,910.87,8,No,True
MOV-01293,11/09/2025,REF-105,Gas refrigerante R-404a,Refrigerante,Centro,3.0,1402.32,4206.96,6,Si,False
MOV-01950,20/06/2025,REF-104,Gas refrigerante R-134a,Refrigerante,Centro,4.0,1042.11,4168.44,4,Si,False
MOV-02039,31/01/2025,REF-112,Capacitor de arranque,Electrico,Centro,1.0,241.56,241.56,4,No,False
MOV-01812,08/12/2025,REF-111,Rele de arranque,Electrico,Norte,3.0,183.78,551.34,3,No,False
MOV-00662,03/08/2025,REF-104,Gas refrigerante R-134a,Refrigerante,Centro,3.0,939.25,2817.75,4,Si,False
MOV-00242,02/05/2025,REF-101,Compresor 1/3 HP,Compresor,Occidente,3.0,4752.77,14258.31,12,Si,False
MOV-00431,25/07/2025,REF-114,Valvula de expansion,Control,Occidente,2.0,1429.47,2858.94,11,No,False
MOV-00815,04/01/2025,REF-108,Empaque de puerta,Sello,Centro,2.0,496.0,992.0,7,Si,False
MOV-01248,18/12/2025,REF-108,Empaque de puerta,Sello,Bajio,1.0,519.57,519.57,7,Si,False
MOV-01228,09/06/2025,REF-116,Motor de damper,Ventilacion,Bajio,1.0,757.99,757.99,10,No,False
MOV-01570,08/04/2025,REF-118,Contactor,Electrico,Norte,1.0,412.44,412.44,5,No,False
MOV-01620,10/08/2025,REF-102,Compresor 1/2 HP,Compresor,Centro,3.0,6377.9,19133.7,14,Si,True
MOV-00631,30/10/2025,REF-105,Gas refrigerante R-404a,Refrigerante,Sureste,1.0,1379.89,1379.89,6,Si,False
MOV-00097,06/08/2025,REF-114,Valvula de expansion,Control,Occidente,3.0,1368.63,4105.89,11,No,False
MOV-00468,03/05/2025,REF-104,Gas refrigerante R-134a,Refrigerante,Occidente,3.0,1035.14,3105.42,4,Si,False
MOV-01730,04/12/2025,REF-116,Motor de damper,Ventilacion,Occidente,2.0,894.52,1789.04,10,No,True
MOV-01517,26/05/2025,REF-105,Gas refrigerante R-404a,Refrigerante,Centro,4.0,,5596.72,6,Si,False
MOV-01191,26/09/2025,REF-105,Gas refrigerante R-404a,Refrigerante,Centro,1.0,1524.18,1524.18,6,Si,False
MOV-00085,02/08/2025,REF-103,Compresor 3/4 HP,Compresor,Centro,2.0,8336.25,16672.5,18,Si,False
MOV-00702,27/02/2025,REF-102,Compresor 1/2 HP,Compresor,Centro,2.0,6800.58,13601.16,14,Si,False
MOV-00010,15/06/2025,REF-104,Gas refrigerante R-134a,Refrigerante,Centro,2.0,1015.42,2030.84,4,Si,False
MOV-00605,07/10/2025,REF-113,Filtro deshidratador,Filtro,Norte,2.0,171.98,343.96,5,No,False
MOV-00879,18/11/2025,REF-108,Empaque de puerta,Sello,Sureste,3.0,510.66,1531.98,7,Si,False
MOV-01340,16/04/2025,REF-116,Motor de damper,Ventilacion,Centro,1.0,887.5,887.5,10,No,False
MOV-00774,29/12/2025,REF-110,Ventilador condensador,Ventilacion,Centro,3.0,1148.28,3444.84,9,No,False
MOV-01386,14/08/2025,REF-104,Gas refrigerante R-134a,Refrigerante,Centro,2.0,911.41,1822.82,4,Si,False
MOV-01163,14/06/2025,REF-115,Resistencia de deshielo,Electrico,Sureste,1.0,598.55,598.55,6,No,True
MOV-00277,06/08/2025,REF-109,Ventilador evaporador,Ventilacion,Norte,2.0,959.94,1919.88,8,No,True
MOV-01409,24/05/2025,REF-116,Motor de damper,Ventilacion,Centro,2.0,746.36,1492.72,10,No,False
MOV-01593,10/10/2025,REF-112,Capacitor de arranque,Electrico,Centro,2.0,245.93,491.86,4,No,False
MOV-01373,12/07/2025,REF-103,Compresor 3/4 HP,Compresor,Norte,2.0,8996.72,17993.44,18,Si,False
MOV-00089,11/02/2025,REF-104,Gas refrigerante R-134a,Refrigerante,Norte,3.0,1028.57,3085.71,4,Si,False
MOV-00091,18/11/2025,REF-101,Compresor 1/3 HP,Compresor,Bajio,1.0,4719.12,4719.12,12,Si,False
MOV-00766,20/07/2025,REF-115,Resistencia de deshielo,Electrico,Centro,3.0,593.76,1781.28,6,No,False
MOV-00281,31/05/2025,REF-102,Compresor 1/2 HP,Compresor,Centro,2.0,6046.29,12092.58,14,Si,False
MOV-01008,09/12/2025,REF-117,Sensor de temperatura,Control,Sureste,2.0,316.86,633.72,4,No,False
MOV-00652,19/04/2025,REF-105,Gas refrigerante R-404a,Refrigerante,Centro,1.0,1514.87,1514.87,6,Si,False
MOV-01485,12/06/2025,REF-106,Termostato digital,Control,Sureste,2.0,681.74,1363.48,5,No,False
MOV-01821,20/11/2025,REF-101,Compresor 1/3 HP,Compresor,Occidente,1.0,5029.67,5029.67,12,Si,False
MOV-01325,14/10/2025,REF-102,Compresor 1/2 HP,Compresor,Occidente,1.0,6833.09,6833.09,14,Si,False
MOV-01944,23/05/2025,REF-103,Compresor 3/4 HP,Compresor,Centro,3.0,8264.1,24792.3,18,Si,False
MOV-01227,08/03/2025,REF-101,Compresor 1/3 HP,Compresor,Bajio,1.0,5120.31,5120.31,12,Si,False
MOV-01427,19/08/2025,REF-102,Compresor 1/2 HP,Compresor,Centro,4.0,6307.85,25231.4,14,Si,False
MOV-01365,09/03/2025,REF-101,Compresor 1/3 HP,Compresor,Sureste,2.0,4986.75,9973.5,12,Si,True
MOV-00993,02/04/2025,REF-101,Compresor 1/3 HP,Compresor,Norte,2.0,4766.54,9533.08,12,Si,False
MOV-00366,02/02/2025,REF-111,Rele de arranque,Electrico,Centro,2.0,174.71,349.42,3,No,False
MOV-00024,12/11/2025,REF-116,Motor de damper,Ventilacion,Centro,2.0,890.42,1780.84,10,No,True
MOV-01370,27/06/2025,REF-117,Sensor de temperatura,Control,Bajio,,336.23,336.23,4,No,False
MOV-00677,07/09/2025,REF-113,Filtro deshidratador,Filtro,Sureste,2.0,175.7,351.4,5,No,False
MOV-00999,16/03/2025,REF-101,Compresor 1/3 HP,Compresor,Bajio,2.0,4706.44,9412.88,12,Si,False
MOV-01190,11/06/2025,REF-112,Capacitor de arranque,Electrico, Centro,2.0,234.33,468.66,4,No,True
MOV-01359,24/07/2025,REF-103,Compresor 3/4 HP,Compresor,Bajio,3.0,8500.79,25502.37,18,Si,True
MOV-00311,06/12/2025,REF-103,Compresor 3/4 HP,Compresor,Centro,1.0,8322.15,8322.15,18,Si,False
MOV-01061,07/08/2025,REF-101,Compresor 1/3 HP,Compresor,Norte,3.0,4656.97,13970.91,12,Si,True
MOV-00641,12/07/2025,REF-101,Compresor 1/3 HP,Compresor,Centro,2.0,5416.76,10833.52,12,Si,True
MOV-01378,01/11/2025,REF-106,Termostato digital,Control,Bajio,,659.06,1318.12,5,No,False
MOV-01404,07/02/2025,REF-104,Gas refrigerante R-134a,Refrigerante,Occidente,1.0,986.75,986.75,4,Si,False
MOV-00241,22/02/2025,REF-102,Compresor 1/2 HP,Compresor,Centro,1.0,6545.24,6545.24,14,Si,True
MOV-00667,01/11/2025,REF-115,Resistencia de deshielo,Electrico, Centro,3.0,564.06,1692.18,6,No,False
MOV-01343,02/11/2025,REF-101,Compresor 1/3 HP,Compresor,Centro,2.0,4693.99,9387.98,12,Si,False
MOV-01894,26/03/2025,REF-118,Contactor,Electrico,Occidente,1.0,478.79,478.79,5,No,False
MOV-01287,12/08/2025,REF-106,Termostato digital,Control,Centro,3.0,663.02,1989.06,5,No,False
MOV-00099,05/08/2025,REF-102,Compresor 1/2 HP,Compresor,Centro,2.0,6761.89,13523.78,14,Si,False
MOV-00168,01/11/2025,REF-117,Sensor de temperatura,Control,Bajio,1.0,350.13,350.13,4,No,False
MOV-00497,14/07/2025,REF-116,Motor de damper,Ventilacion,Centro,3.0,836.59,2509.77,10,No,False
MOV-00276,10/04/2025,REF-104,Gas refrigerante R-134a,Refrigerante,Centro,2.0,986.98,1973.96,4,Si,False
MOV-01114,22/06/2025,REF-118,Contactor,Electrico,Bajio,2.0,407.09,814.18,5,No,False
MOV-00715,31/01/2025,REF-108,Empaque de puerta,Sello,Occidente,1.0,,480.25,7,Si,False
MOV-01540,25/04/2025,REF-108,Empaque de puerta,Sello,Norte,2.0,508.14,1016.28,7,Si,False
MOV-01847,02/09/2025,REF-108,Empaque de puerta,Sello,Norte,3.0,517.7,1553.1,7,Si,True
MOV-00332,17/09/2025,REF-104,Gas refrigerante R-134a,Refrigerante,Norte,3.0,985.39,2956.17,4,Si,False
MOV-00220,26/09/2025,REF-113,Filtro deshidratador,Filtro,Centro,3.0,160.16,480.48,5,No,False
MOV-00434,04/09/2025,REF-118,Contactor,Electrico,Sureste,,403.79,807.58,5,No,False
MOV-00184,26/01/2025,REF-108,Empaque de puerta,Sello,Bajio,3.0,522.7,1568.1,7,Si,False
MOV-01881,04/02/2025,REF-106,Termostato digital,Control,Centro,1.0,701.37,701.37,5,No,False
MOV-00487,20/07/2025,REF-109,Ventilador evaporador,Ventilacion,Norte,1.0,1014.84,1014.84,8,No,False
MOV-01683,08/12/2025,REF-112,Capacitor de arranque,Electrico, Centro,1.0,250.86,250.86,4,No,False
MOV-01538,28/03/2025,REF-104,Gas refrigerante R-134a,Refrigerante,Norte,1.0,1013.06,1013.06,4,Si,True
MOV-00532,09/04/2025,REF-103,Compresor 3/4 HP,Compresor,Norte,3.0,9042.87,27128.61,18,Si,False
MOV-01912,08/07/2025,REF-118,Contactor,Electrico,Centro,2.0,467.1,934.2,5,No,True
MOV-00261,18/08/2025,REF-107,Termostato mecanico,Control,Centro,1.0,281.09,281.09,3,No,False
MOV-00811,02/05/2025,REF-102,Compresor 1/2 HP,Compresor,Occidente,3.0,6600.76,19802.28,14,Si,False
MOV-00306,20/12/2025,REF-106,Termostato digital,Control,Bajio,3.0,651.12,1953.36,5,No,False
MOV-01855,21/02/2025,REF-103,Compresor 3/4 HP,Compresor,Bajio,2.0,8864.88,17729.76,18,Si,True
MOV-01727,21/01/2025,REF-101,Compresor 1/3 HP,Compresor,Centro,2.0,5465.38,10930.76,12,Si,True
MOV-01650,02/07/2025,REF-105,Gas refrigerante R-404a,Refrigerante,BAJIO,3.0,1544.8,4634.4,6,Si,True
MOV-00197,30/11/2025,REF-115,Resistencia de deshielo,Electrico,Centro,1.0,541.91,541.91,6,No,False
MOV-01165,01/04/2025,REF-114,Valvula de expansion,Control,Bajio,3.0,1339.29,4017.87,11,No,False
MOV-01619,18/01/2025,REF-103,Compresor 3/4 HP,Compresor,Centro,2.0,9287.4,18574.8,18,Si,False
MOV-01147,07/08/2025,REF-101,Compresor 1/3 HP,Compresor,Centro,1.0,4885.45,4885.45,12,Si,False
MOV-00495,06/08/2025,REF-117,Sensor de temperatura,Control,Norte,3.0,336.42,1009.26,4,No,False
MOV-00111,15/02/2025,REF-104,Gas refrigerante R-134a,Refrigerante,Occidente,3.0,1046.02,3138.06,4,Si,False
MOV-01109,18/01/2025,REF-105,Gas refrigerante R-404a,Refrigerante,Centro,3.0,1445.7,4337.1,6,Si,True
MOV-01801,14/12/2025,REF-115,Resistencia de deshielo,Electrico,Occidente,1.0,607.18,607.18,6,No,False
MOV-00514,08/12/2025,REF-102,Compresor 1/2 HP,Compresor,Bajio,1.0,6402.56,6402.56,14,Si,False
MOV-00692,19/02/2025,REF-110,Ventilador condensador,Ventilacion,Centro,1.0,1101.11,1101.11,9,No,False
MOV-01507,31/07/2025,REF-118,Contactor,Electrico,Norte,2.0,454.9,909.8,5,No,False
MOV-00370,09/02/2025,REF-114,Valvula de expansion,Control,Centro,3.0,,4383.69,11,No,False
MOV-01636,07/11/2025,REF-101,Compresor 1/3 HP,Compresor,Occidente,1.0,5333.28,5333.28,12,Si,False
MOV-00794,04/05/2025,REF-110,Ventilador condensador,Ventilacion,Norte,1.0,1129.46,1129.46,9,No,False
MOV-01099,28/11/2025,REF-106,Termostato digital,Control,Centro,1.0,660.3,660.3,5,No,False
MOV-01544,19/02/2025,REF-107,Termostato mecanico,Control,Bajio,1.0,278.78,278.78,3,No,False
MOV-01994,08/07/2025,REF-102,Compresor 1/2 HP,Compresor,SURESTE,4.0,7034.8,28139.2,14,Si,False
MOV-00927,02/01/2025,REF-114,Valvula de expansion,Control,Occidente,2.0,1423.56,2847.12,11,No,False
MOV-00274,16/09/2025,REF-108,Empaque de puerta,Sello,Centro,1.0,510.86,510.86,7,Si,False
MOV-00397,23/07/2025,REF-108,Empaque de puerta,Sello,Centro,1.0,545.6,545.6,7,Si,False
MOV-01179,04/09/2025,REF-113,Filtro deshidratador,Filtro,Centro,3.0,176.37,529.11,5,No,False
MOV-01470,11/11/2025,REF-101,Compresor 1/3 HP,Compresor,Bajio,3.0,5473.85,16421.55,12,Si,True
MOV-01216,05/01/2025,REF-101,Compresor 1/3 HP,Compresor, Centro,3.0,4617.87,13853.61,12,Si,False
MOV-00798,18/11/2025,REF-110,Ventilador condensador,Ventilacion,Bajio,3.0,1027.87,3083.61,9,No,False
MOV-01299,05/10/2025,REF-105,Gas refrigerante R-404a,Refrigerante,Occidente,2.0,1399.6,2799.2,6,Si,False
MOV-01212,28/12/2025,REF-105,Gas refrigerante R-404a,Refrigerante,Centro,3.0,1502.58,4507.74,6,Si,False
MOV-01075,01/04/2025,REF-101,Compresor 1/3 HP,Compresor,Norte,3.0,5283.8,15851.4,12,Si,True
MOV-01063,26/11/2025,REF-110,Ventilador condensador,Ventilacion,Occidente,3.0,1122.41,3367.23,9,No,True
MOV-00962,09/03/2025,REF-117,Sensor de temperatura,Control,Bajio,2.0,341.26,682.52,4,No,False
MOV-00419,27/10/2025,REF-112,Capacitor de arranque,Electrico,Sureste,2.0,237.8,475.6,4,No,False
MOV-01469,30/01/2025,REF-104,Gas refrigerante R-134a,Refrigerante,Sureste,3.0,1000.56,3001.68,4,Si,False
MOV-01233,10/08/2025,REF-108,Empaque de puerta,Sello,Centro,3.0,461.06,1383.18,7,Si,False
MOV-00376,05/05/2025,REF-106,Termostato digital,Control,Norte,1.0,668.79,668.79,5,No,False
MOV-00464,10/09/2025,REF-117,Sensor de temperatura,Control,Bajio,3.0,327.48,982.44,4,No,False
MOV-00471,10/06/2025,REF-105,Gas refrigerante R-404a,Refrigerante,Sureste,5.0,1488.36,7441.8,6,Si,False
MOV-01542,05/10/2025,REF-107,Termostato mecanico,Control,Centro,2.0,312.95,625.9,3,No,False
MOV-01100,09/12/2025,REF-101,Compresor 1/3 HP,Compresor,Bajio,-3.0,4833.16,14499.48,12,Si,False
MOV-01273,07/08/2025,REF-109,Ventilador evaporador,Ventilacion,Centro,3.0,974.76,2924.28,8,No,False
MOV-00560,05/05/2025,REF-109,Ventilador evaporador,Ventilacion,Norte,1.0,985.86,985.86,8,No,False
MOV-00303,28/08/2025,REF-105,Gas refrigerante R-404a,Refrigerante,Centro,3.0,1412.63,4237.89,6,Si,False
MOV-00583,11/12/2025,REF-103,Compresor 3/4 HP,Compresor,Occidente,1.0,9006.14,9006.14,18,Si,False
MOV-01270,07/07/2025,REF-104,Gas refrigerante R-134a,Refrigerante,Centro,5.0,1009.01,5045.05,4,Si,False
MOV-01059,18/09/2025,REF-113,Filtro deshidratador,Filtro,Sureste,3.0,161.97,485.91,5,No,False
MOV-01762,23/05/2025,REF-105,Gas refrigerante R-404a,Refrigerante,Centro,3.0,1526.01,4578.03,6,Si,False
MOV-00799,15/09/2025,REF-103,Compresor 3/4 HP,Compresor,Bajio,1.0,8035.46,8035.46,18,Si,False
MOV-00012,25/05/2025,REF-103,Compresor 3/4 HP,Compresor,Norte,4.0,9200.21,36800.84,18,Si,False
MOV-01857,05/10/2025,REF-104,Gas refrigerante R-134a,Refrigerante,Occidente,2.0,974.82,1949.64,4,Si,False
MOV-01687,20/03/2025,REF-105,Gas refrigerante R-404a,Refrigerante,Centro,2.0,1430.79,2861.58,6,Si,False
MOV-01510,26/07/2025,REF-107,Termostato mecanico,Control,Norte,1.0,323.15,323.15,3,No,False
MOV-01487,06/03/2025,REF-105,Gas refrigerante R-404a,Refrigerante,Centro,3.0,1572.81,4718.43,6,Si,True
MOV-00539,19/03/2025,REF-109,Ventilador evaporador,Ventilacion,Occidente,1.0,969.23,969.23,8,No,False
MOV-00628,02/06/2025,REF-111,Rele de arranque,Electrico,Centro,1.0,193.04,193.04,3,No,False
MOV-00282,26/02/2025,REF-103,Compresor 3/4 HP,Compresor,Occidente,2.0,8219.34,16438.68,18,Si,True
MOV-01278,17/06/2025,REF-102,Compresor 1/2 HP,Compresor,Sureste,3.0,6832.34,20497.02,14,Si,True
MOV-00984,14/02/2025,REF-109,Ventilador evaporador,Ventilacion,Occidente,2.0,963.21,1926.42,8,No,False
MOV-01732,03/10/2025,REF-106,Termostato digital,Control,Norte,1.0,605.41,605.41,5,No,False
MOV-00481,07/12/2025,REF-116,Motor de damper,Ventilacion,Sureste,2.0,746.58,1493.16,10,No,False
MOV-01480,06/05/2025,REF-110,Ventilador condensador,Ventilacion,Occidente,3.0,1011.34,3034.02,9,No,True
MOV-00224,22/12/2025,REF-102,Compresor 1/2 HP,Compresor,Centro,2.0,7038.17,14076.34,14,Si,False
MOV-01602,11/10/2025,REF-103,Compresor 3/4 HP,Compresor,Norte,3.0,8915.29,26745.87,18,Si,False
MOV-00673,23/07/2025,REF-114,Valvula de expansion,Control,Norte,3.0,1479.13,4437.39,11,No,False
MOV-01244,07/08/2025,REF-109,Ventilador evaporador,Ventilacion,Bajio,3.0,993.25,2979.75,8,No,False
MOV-00967,21/10/2025,REF-111,Rele de arranque,Electrico,Norte,2.0,204.96,409.92,3,No,False
MOV-01450,13/08/2025,REF-104,Gas refrigerante R-134a,Refrigerante,Occidente,1.0,985.27,985.27,4,Si,False
MOV-01394,29/11/2025,REF-102,Compresor 1/2 HP,Compresor,Centro,1.0,6116.1,6116.1,14,Si,False
MOV-01150,03/04/2025,REF-108,Empaque de puerta,Sello,Bajio,1.0,,531.67,7,Si,False
MOV-01094,10/12/2025,REF-102,Compresor 1/2 HP,Compresor,Centro,3.0,6382.83,19148.49,14,Si,False
MOV-00606,01/07/2025,REF-109,Ventilador evaporador,Ventilacion,Bajio,3.0,879.67,2639.01,8,No,False
MOV-00995,16/09/2025,REF-116,Motor de damper,Ventilacion,Centro,3.0,818.65,2455.95,10,No,False
MOV-00581,03/08/2025,REF-111,Rele de arranque,Electrico,Centro,1.0,185.08,185.08,3,No,False
MOV-01046,23/03/2025,REF-113,Filtro deshidratador,Filtro,Centro,2.0,167.37,334.74,5,No,False
MOV-00078,27/11/2025,REF-115,Resistencia de deshielo,Electrico,Centro,2.0,582.69,1165.38,6,No,False
MOV-00548,15/07/2025,REF-109,Ventilador evaporador,Ventilacion,Norte,3.0,968.43,2905.29,8,No,True
MOV-00257,30/08/2025,REF-112,Capacitor de arranque,Electrico,Bajio,2.0,248.18,496.36,4,No,False
MOV-00749,02/01/2025,REF-115,Resistencia de deshielo,Electrico,Bajio,1.0,603.08,603.08,6,No,False
MOV-00182,15/01/2025,REF-109,Ventilador evaporador,Ventilacion,Norte,3.0,966.67,2900.01,8,No,False
MOV-01905,03/01/2025,REF-109,Ventilador evaporador,Ventilacion,Occidente,1.0,967.65,967.65,8,No,False
MOV-00827,12/05/2025,REF-113,Filtro deshidratador,Filtro,Norte,3.0,173.9,521.7,5,No,True
MOV-00126,21/06/2025,REF-105,Gas refrigerante R-404a,Refrigerante,Sureste,1.0,1566.28,1566.28,6,Si,False
MOV-01253,11/09/2025,REF-106,Termostato digital,Control,Sureste,1.0,606.57,606.57,5,No,False
MOV-00758,05/06/2025,REF-101,Compresor 1/3 HP,Compresor,Centro,3.0,5102.41,15307.23,12,Si,False
MOV-01067,30/04/2025,REF-104,Gas refrigerante R-134a,Refrigerante,Sureste,2.0,965.43,1930.86,4,Si,False
MOV-01541,18/01/2025,REF-101,Compresor 1/3 HP,Compresor,Centro,3.0,5049.73,15149.19,12,Si,True
MOV-01597,03/05/2025,REF-101,Compresor 1/3 HP,Compresor,Norte,3.0,4652.15,13956.45,12,Si,True
MOV-00577,10/04/2025,REF-101,Compresor 1/3 HP,Compresor,Norte,3.0,5405.8,16217.4,12,Si,False
MOV-01576,08/07/2025,REF-115,Resistencia de deshielo,Electrico,Norte,1.0,589.29,589.29,6,No,True
MOV-00622,11/11/2025,REF-106,Termostato digital,Control,Occidente,-1.0,667.16,667.16,5,No,False
MOV-00768,28/08/2025,REF-101,Compresor 1/3 HP,Compresor,Bajio,3.0,5065.15,15195.45,12,Si,False
MOV-01768,27/09/2025,REF-104,Gas refrigerante R-134a,Refrigerante,Bajio,3.0,1041.62,3124.86,4,Si,False
MOV-01399,20/12/2025,REF-107,Termostato mecanico,Control,Bajio,2.0,309.82,619.64,3,No,False
MOV-01230,14/03/2025,REF-104,Gas refrigerante R-134a,Refrigerante,Centro,1.0,1054.76,1054.76,4,Si,False
MOV-01341,17/08/2025,REF-113,Filtro deshidratador,Filtro,Norte,2.0,163.79,327.58,5,No,False
MOV-00660,26/06/2025,REF-117,Sensor de temperatura,Control,Norte,2.0,332.87,665.74,4,No,True
MOV-01031,14/10/2025,REF-111,Rele de arranque,Electrico,Occidente,2.0,201.33,402.66,3,No,False
MOV-02086,02/12/2025,REF-102,Compresor 1/2 HP,Compresor,Norte,2.0,6386.98,12773.96,14,Si,False
MOV-00803,28/07/2025,REF-101,Compresor 1/3 HP,Compresor,Norte,5.0,5151.37,25756.85,12,Si,False
MOV-01871,08/01/2025,REF-102,Compresor 1/2 HP,Compresor,Centro,2.0,7103.91,14207.82,14,Si,False
MOV-00845,04/03/2025,REF-107,Termostato mecanico,Control,Centro,1.0,284.37,284.37,3,No,False
MOV-01518,08/10/2025,REF-104,Gas refrigerante R-134a,Refrigerante,Centro,1.0,948.59,948.59,4,Si,False
MOV-01865,18/07/2025,REF-102,Compresor 1/2 HP,Compresor,Occidente,5.0,5940.05,29700.25,14,Si,False
MOV-01525,31/07/2025,REF-117,Sensor de temperatura,Control,Centro,1.0,317.05,317.05,4,No,False
MOV-01091,18/10/2025,REF-102,Compresor 1/2 HP,Compresor,Centro,1.0,6321.67,6321.67,14,Si,False
MOV-01895,18/05/2025,REF-116,Motor de damper,Ventilacion,Centro,1.0,866.12,866.12,10,No,False
MOV-00260,03/07/2025,REF-110,Ventilador condensador,Ventilacion,Norte,3.0,1192.04,3576.12,9,No,False
MOV-00283,05/03/2025,REF-107,Termostato mecanico,Control,Bajio,3.0,295.0,885.0,3,No,False
MOV-00635,24/10/2025,REF-118,Contactor,Electrico,Centro,2.0,459.8,919.6,5,No,False
MOV-01615,12/09/2025,REF-101,Compresor 1/3 HP,Compresor,Norte,2.0,5469.46,10938.92,12,Si,False
MOV-01185,10/12/2025,REF-105,Gas refrigerante R-404a,Refrigerante,Centro,1.0,1330.74,1330.74,6,Si,True
MOV-00475,30/12/2025,REF-113,Filtro deshidratador,Filtro,Norte,2.0,156.61,313.22,5,No,False
MOV-00456,02/11/2025,REF-108,Empaque de puerta,Sello,Bajio,2.0,471.44,942.88,7,Si,False
MOV-00321,28/02/2025,REF-114,Valvula de expansion,Control,Sureste,3.0,1515.94,4547.82,11,No,False
MOV-02043,08/05/2025,REF-104,Gas refrigerante R-134a,Refrigerante,Bajio,3.0,997.42,2992.26,4,Si,True
MOV-00435,22/01/2025,REF-103,Compresor 3/4 HP,Compresor,Norte,2.0,7910.72,15821.44,18,Si,False
MOV-01688,16/04/2025,REF-117,Sensor de temperatura,Control,Centro,3.0,320.5,961.5,4,No,False
MOV-02087,10/04/2025,REF-111,Rele de arranque,Electrico,Centro,2.0,191.59,383.18,3,No,False
MOV-00300,03/07/2025,REF-108,Empaque de puerta,Sello,Sureste,1.0,498.35,498.35,7,Si,False
MOV-01763,25/03/2025,REF-116,Motor de damper,Ventilacion,Norte,3.0,852.64,2557.92,10,No,False
MOV-00437,25/01/2025,REF-105,Gas refrigerante R-404a,Refrigerante,Bajio,2.0,1358.26,2716.52,6,Si,False
MOV-01700,20/01/2025,REF-118,Contactor,Electrico,Bajio,1.0,416.77,416.77,5,No,False
MOV-02011,13/10/2025,REF-112,Capacitor de arranque,Electrico,Bajio,3.0,256.41,769.23,4,No,False
MOV-00439,07/02/2025,REF-116,Motor de damper,Ventilacion,Sureste,1.0,839.48,839.48,10,No,False
MOV-00326,18/10/2025,REF-101,Compresor 1/3 HP,Compresor,Occidente,1.0,4615.98,4615.98,12,Si,False
MOV-00404,04/11/2025,REF-116,Motor de damper,Ventilacion,Norte,2.0,806.41,1612.82,10,No,False
MOV-01290,24/11/2025,REF-107,Termostato mecanico,Control,Centro,3.0,317.82,953.46,3,No,False
MOV-00565,18/03/2025,REF-104,Gas refrigerante R-134a,Refrigerante,Bajio,1.0,1050.41,1050.41,4,Si,False
MOV-01627,28/09/2025,REF-101,Compresor 1/3 HP,Compresor,Centro,1.0,4758.59,4758.59,12,Si,False
MOV-00293,16/10/2025,REF-111,Rele de arranque,Electrico,Norte,1.0,177.27,177.27,3,No,False
MOV-01838,05/01/2025,REF-112,Capacitor de arranque,Electrico,Occidente,3.0,231.59,694.77,4,No,False
MOV-00279,31/03/2025,REF-108,Empaque de puerta,Sello,Sureste,3.0,483.32,1449.96,7,Si,False
MOV-00656,05/08/2025,REF-104,Gas refrigerante R-134a,Refrigerante,NORTE,5.0,994.77,4973.85,4,Si,False
MOV-01927,05/03/2025,REF-102,Compresor 1/2 HP,Compresor,Occidente,2.0,7128.98,14257.96,14,Si,False
MOV-00733,02/04/2025,REF-102,Compresor 1/2 HP,Compresor,Bajio,3.0,6972.51,20917.53,14,Si,False
MOV-01736,07/08/2025,REF-110,Ventilador condensador,Ventilacion,Centro,1.0,1121.31,1121.31,9,No,True
MOV-00554,18/02/2025,REF-115,Resistencia de deshielo,Electrico,Occidente,3.0,602.16,1806.48,6,No,False
MOV-00095,27/03/2025,REF-118,Contactor,Electrico,Centro,2.0,432.4,864.8,5,No,True
MOV-02065,23/05/2025,REF-107,Termostato mecanico,Control,Norte,3.0,299.57,898.71,3,No,False
MOV-01709,08/08/2025,REF-112,Capacitor de arranque,Electrico,Sureste,3.0,243.78,731.34,4,No,False
MOV-01256,25/01/2025,REF-117,Sensor de temperatura,Control,Centro,3.0,343.02,1029.06,4,No,False
MOV-00246,15/09/2025,REF-103,Compresor 3/4 HP,Compresor,Sureste,2.0,8627.94,17255.88,18,Si,False
MOV-00946,07/08/2025,REF-107,Termostato mecanico,Control,Centro,2.0,278.99,557.98,3,No,False
MOV-01850,08/09/2025,REF-116,Motor de damper,Ventilacion,Centro,2.0,885.37,1770.74,10,No,False
MOV-01192,03/07/2025,REF-105,Gas refrigerante R-404a,Refrigerante,Centro,2.0,1469.12,2938.24,6,Si,True
MOV-01527,18/07/2025,REF-114,Valvula de expansion,Control,Centro,2.0,1436.16,2872.32,11,No,False
MOV-01357,05/03/2025,REF-106,Termostato digital,Control,Centro,3.0,590.96,1772.88,5,No,False
MOV-02042,06/03/2025,REF-106,Termostato digital,Control,Centro,3.0,662.5,1987.5,5,No,False
MOV-01759,10/05/2025,REF-105,Gas refrigerante R-404a,Refrigerante,Occidente,3.0,1421.0,4263.0,6,Si,False
MOV-00776,14/09/2025,REF-118,Contactor,Electrico,Bajio,3.0,,1246.62,5,No,False
MOV-00427,01/04/2025,REF-101,Compresor 1/3 HP,Compresor,Bajio,3.0,5321.55,15964.65,12,Si,False
MOV-01566,25/08/2025,REF-115,Resistencia de deshielo,Electrico,Occidente,1.0,522.67,522.67,6,No,False
MOV-01775,25/07/2025,REF-112,Capacitor de arranque,Electrico,Bajio,1.0,272.41,272.41,4,No,False
MOV-01787,12/01/2025,REF-110,Ventilador condensador,Ventilacion,Centro,3.0,1020.93,3062.79,9,No,False
MOV-01187,16/10/2025,REF-102,Compresor 1/2 HP,Compresor,Centro,2.0,6158.25,12316.5,14,Si,False
MOV-00150,31/03/2025,REF-103,Compresor 3/4 HP,Compresor,Centro,3.0,9160.76,27482.28,18,Si,True
MOV-00227,14/12/2025,REF-107,Termostato mecanico,Control,Occidente,3.0,276.06,828.18,3,No,False
MOV-00866,22/02/2025,REF-103,Compresor 3/4 HP,Compresor,Bajio,3.0,8214.06,24642.18,18,Si,True
MOV-00968,21/08/2025,REF-114,Valvula de expansion,Control,Sureste,1.0,1369.16,1369.16,11,No,False
MOV-01710,20/10/2025,REF-115,Resistencia de deshielo,Electrico,Centro,2.0,528.03,1056.06,6,No,False
MOV-01119,19/03/2025,REF-110,Ventilador condensador,Ventilacion,Bajio,2.0,1088.43,2176.86,9,No,False
MOV-01793,31/10/2025,REF-108,Empaque de puerta,Sello,Norte,1.0,485.86,485.86,7,Si,False
MOV-01246,28/01/2025,REF-113,Filtro deshidratador,Filtro,Norte,2.0,176.42,352.84,5,No,False
MOV-01622,28/02/2025,REF-115,Resistencia de deshielo,Electrico,Sureste,2.0,549.29,1098.58,6,No,False
MOV-00901,15/07/2025,REF-102,Compresor 1/2 HP,Compresor,Occidente,4.0,5902.64,23610.56,14,Si,False
MOV-00700,13/10/2025,REF-110,Ventilador condensador,Ventilacion,Bajio,2.0,1054.72,2109.44,9,No,False
MOV-01498,06/02/2025,REF-117,Sensor de temperatura,Control,Norte,1.0,312.07,312.07,4,No,False
MOV-01529,13/01/2025,REF-105,Gas refrigerante R-404a,Refrigerante,Norte,3.0,1511.18,4533.54,6,Si,False
MOV-00602,13/01/2025,REF-103,Compresor 3/4 HP,Compresor, Bajio,1.0,8559.41,8559.41,18,Si,False
MOV-01292,31/10/2025,REF-111,Rele de arranque,Electrico,Bajio,2.0,202.96,405.92,3,No,False
MOV-01059,18/09/2025,REF-113,Filtro deshidratador,Filtro,Sureste,3.0,161.97,485.91,5,No,False
MOV-00218,02/04/2025,REF-118,Contactor,Electrico,Centro,1.0,438.39,438.39,5,No,False
MOV-01097,22/06/2025,REF-113,Filtro deshidratador,Filtro,Centro,2.0,154.37,308.74,5,No,False
MOV-00818,27/11/2025,REF-109,Ventilador evaporador,Ventilacion,Norte,1.0,894.0,894.0,8,No,False
MOV-00221,08/08/2025,REF-109,Ventilador evaporador,Ventilacion,Sureste,3.0,851.95,2555.85,8,No,False
MOV-00214,13/08/2025,REF-114,Valvula de expansion,Control,Centro,2.0,1521.42,3042.84,11,No,True
MOV-02048,30/12/2025,REF-109,Ventilador evaporador,Ventilacion,Occidente,1.0,912.17,912.17,8,No,False
MOV-00908,18/12/2025,REF-108,Empaque de puerta,Sello,Norte,1.0,481.93,481.93,7,Si,False
MOV-00395,05/03/2025,REF-114,Valvula de expansion,Control,Centro,1.0,1329.29,1329.29,11,No,False
MOV-01647,12/04/2025,REF-115,Resistencia de deshielo,Electrico,Occidente,1.0,586.42,586.42,6,No,False
MOV-00368,15/09/2025,REF-104,Gas refrigerante R-134a,Refrigerante,Norte,1.0,909.37,909.37,4,Si,True
MOV-00925,29/01/2025,REF-111,Rele de arranque,Electrico,Centro,1.0,189.2,189.2,3,No,True
MOV-00013,23/12/2025,REF-103,Compresor 3/4 HP,Compresor,Centro,2.0,7742.79,15485.58,18,Si,False
MOV-02034,20/11/2025,REF-107,Termostato mecanico,Control,Bajio,1.0,323.81,323.81,3,No,False
MOV-01368,29/07/2025,REF-114,Valvula de expansion,Control,Centro,3.0,1366.47,4099.41,11,No,False
MOV-01223,18/12/2025,REF-117,Sensor de temperatura,Control,Centro,2.0,306.18,612.36,4,No,False
MOV-01750,24/10/2025,REF-114,Valvula de expansion,Control,Bajio,2.0,1517.86,3035.72,11,No,False
MOV-01721,11/01/2025,REF-111,Rele de arranque,Electrico,Norte,3.0,204.1,612.3,3,No,False
MOV-00235,10/01/2025,REF-103,Compresor 3/4 HP,Compresor,Occidente,3.0,7900.65,23701.95,18,Si,False
MOV-00696,01/07/2025,REF-108,Empaque de puerta,Sello,Centro,2.0,479.68,959.36,7,Si,False
MOV-01445,28/02/2025,REF-101,Compresor 1/3 HP,Compresor,Norte,2.0,4706.62,9413.24,12,Si,False
MOV-01085,10/04/2025,REF-103,Compresor 3/4 HP,Compresor,Centro,2.0,9213.93,18427.86,18,Si,False
MOV-02058,27/10/2025,REF-108,Empaque de puerta,Sello,Centro,1.0,550.7,550.7,7,Si,False
MOV-01633,22/04/2025,REF-112,Capacitor de arranque,Electrico,Norte,1.0,262.09,262.09,4,No,True
MOV-01958,08/09/2025,REF-107,Termostato mecanico,Control,Occidente,2.0,302.26,604.52,3,No,False
MOV-01322,05/12/2025,REF-112,Capacitor de arranque,Electrico,Centro,3.0,267.78,803.34,4,No,False
MOV-00064,03/01/2025,REF-104,Gas refrigerante R-134a,Refrigerante,Bajio,3.0,1084.26,3252.78,4,Si,False
MOV-00735,10/04/2025,REF-101,Compresor 1/3 HP,Compresor,Norte,2.0,4979.49,9958.98,12,Si,False
MOV-01024,07/12/2025,REF-103,Compresor 3/4 HP,Compresor,Bajio,1.0,8158.64,8158.64,18,Si,True
MOV-00965,30/07/2025,REF-109,Ventilador evaporador,Ventilacion,Centro,1.0,848.4,848.4,8,No,False
MOV-00608,27/05/2025,REF-111,Rele de arranque,Electrico,Centro,1.0,191.51,191.51,3,No,False
MOV-00014,19/04/2025,REF-102,Compresor 1/2 HP,Compresor,Sureste,1.0,6744.47,6744.47,14,Si,False
MOV-00840,07/07/2025,REF-115,Resistencia de deshielo,Electrico,Centro,2.0,595.8,1191.6,6,No,False
MOV-00436,29/09/2025,REF-116,Motor de damper,Ventilacion,Centro,1.0,745.34,745.34,10,No,False
MOV-00018,11/11/2025,REF-108,Empaque de puerta,Sello,Norte,3.0,486.36,1459.08,7,Si,False
MOV-00765,23/06/2025,REF-117,Sensor de temperatura,Control,Norte,3.0,312.1,936.3,4,No,True
MOV-01514,01/06/2025,REF-116,Motor de damper,Ventilacion,Centro,3.0,743.19,2229.57,10,No,False
MOV-01783,06/01/2025,REF-109,Ventilador evaporador,Ventilacion,Centro,2.0,937.39,1874.78,8,No,False
MOV-01804,13/09/2025,REF-118,Contactor,Electrico,Centro,1.0,445.65,445.65,5,No,False
MOV-00349,12/05/2025,REF-112,Capacitor de arranque,Electrico,Centro,3.0,270.43,811.29,4,No,False
MOV-00208,31/03/2025,REF-109,Ventilador evaporador,Ventilacion,Centro,3.0,899.62,2698.86,8,No,False
MOV-01115,02/01/2025,REF-118,Contactor,Electrico,Centro,3.0,409.02,1227.06,5,No,False
MOV-01332,16/11/2025,REF-114,Valvula de expansion,Control,Centro,3.0,1386.92,4160.76,11,No,True
MOV-00342,26/06/2025,REF-102,Compresor 1/2 HP,Compresor,Norte,4.0,6978.09,27912.36,14,Si,False
MOV-01405,11/07/2025,REF-101,Compresor 1/3 HP,Compresor,Bajio,4.0,4876.96,19507.84,12,Si,False
MOV-01954,16/08/2025,REF-101,Compresor 1/3 HP,Compresor,Centro,2.0,4753.1,9506.2,12,Si,False
MOV-00345,27/06/2025,REF-109,Ventilador evaporador,Ventilacion,Centro,3.0,979.39,2938.17,8,No,False
MOV-01496,22/07/2025,REF-118,Contactor,Electrico,Occidente,1.0,475.83,475.83,5,No,False
MOV-01981,26/05/2025,REF-117,Sensor de temperatura,Control,Occidente,2.0,321.04,642.08,4,No,True
MOV-02005,13/09/2025,REF-102,Compresor 1/2 HP,Compresor,Centro,2.0,7102.98,14205.96,14,Si,True
MOV-02025,19/06/2025,REF-111,Rele de arranque,Electrico,Centro,3.0,182.5,547.5,3,No,False
MOV-00552,31/07/2025,REF-105,Gas refrigerante R-404a,Refrigerante,Centro,3.0,1404.91,4214.73,6,Si,True
MOV-00599,26/11/2025,REF-107,Termostato mecanico,Control,Occidente,3.0,307.52,922.56,3,No,False
MOV-01718,13/11/2025,REF-109,Ventilador evaporador,Ventilacion,Centro,3.0,927.99,2783.97,8,No,False
MOV-00033,03/05/2025,REF-104,Gas refrigerante R-134a,Refrigerante,Sureste,3.0,982.98,2948.94,4,Si,False
MOV-00373,05/01/2025,REF-110,Ventilador condensador,Ventilacion,Centro,1.0,1188.48,1188.48,9,No,False
MOV-00658,23/05/2025,REF-108,Empaque de puerta,Sello,Bajio,3.0,480.06,1440.18,7,Si,False
MOV-01695,08/04/2025,REF-118,Contactor,Electrico,Centro,3.0,462.71,1388.13,5,No,False
MOV-00173,11/06/2025,REF-104,Gas refrigerante R-134a,Refrigerante,Centro,2.0,,2116.9,4,Si,False
MOV-01087,29/07/2025,REF-102,Compresor 1/2 HP,Compresor,Norte,2.0,6063.38,12126.76,14,Si,False
MOV-02038,31/05/2025,REF-116,Motor de damper,Ventilacion,Norte,2.0,797.45,1594.9,10,No,False
MOV-00409,15/04/2025,REF-106,Termostato digital,Control,Centro,2.0,641.29,1282.58,5,No,False
MOV-01051,05/06/2025,REF-112,Capacitor de arranque,Electrico,Centro,1.0,273.83,273.83,4,No,True
MOV-02078,30/01/2025,REF-101,Compresor 1/3 HP,Compresor,Norte,2.0,5406.61,10813.22,12,Si,False
MOV-00201,29/05/2025,REF-106,Termostato digital,Control,Norte,1.0,639.92,639.92,5,No,False
MOV-01963,22/11/2025,REF-112,Capacitor de arranque,Electrico,Bajio,3.0,265.59,796.77,4,No,False
MOV-01918,19/12/2025,REF-117,Sensor de temperatura,Control,Sureste,2.0,318.83,637.66,4,No,False
MOV-01317,21/09/2025,REF-108,Empaque de puerta,Sello,Occidente,3.0,540.35,1621.05,7,Si,False
MOV-00861,01/02/2025,REF-103,Compresor 3/4 HP,Compresor,Bajio,3.0,9081.88,27245.64,18,Si,False
MOV-01608,23/05/2025,REF-105,Gas refrigerante R-404a,Refrigerante,Occidente,2.0,1419.05,2838.1,6,Si,False
MOV-00045,10/08/2025,REF-109,Ventilador evaporador,Ventilacion,Norte,1.0,1001.23,1001.23,8,No,False
MOV-01535,03/03/2025,REF-118,Contactor,Electrico,Centro,2.0,419.12,838.24,5,No,False
MOV-01166,16/06/2025,REF-116,Motor de damper,Ventilacion,Centro,1.0,744.26,744.26,10,No,True
MOV-02028,10/09/2025,REF-112,Capacitor de arranque,Electrico,Norte,3.0,232.42,697.26,4,No,True
MOV-02060,16/02/2025,REF-105,Gas refrigerante R-404a,Refrigerante,Centro,3.0,1510.29,4530.87,6,Si,False
MOV-01362,18/06/2025,REF-115,Resistencia de deshielo,Electrico,Centro,3.0,590.19,1770.57,6,No,False
MOV-01182,19/06/2025,REF-109,Ventilador evaporador,Ventilacion,Bajio,3.0,921.07,2763.21,8,No,False
MOV-00490,17/03/2025,REF-118,Contactor,Electrico,Centro,2.0,462.81,925.62,5,No,False
MOV-01888,07/05/2025,REF-116,Motor de damper,Ventilacion,Centro,2.0,763.95,1527.9,10,No,False
MOV-00504,06/10/2025,REF-109,Ventilador evaporador,Ventilacion,Norte,1.0,928.23,928.23,8,No,False
MOV-00213,02/09/2025,REF-102,Compresor 1/2 HP,Compresor,Centro,3.0,7091.53,21274.59,14,Si,False
MOV-00134,24/11/2025,REF-105,Gas refrigerante R-404a,Refrigerante,Centro,1.0,1528.88,1528.88,6,Si,False
MOV-00061,22/07/2025,REF-106,Termostato digital,Control,Norte,2.0,639.96,1279.92,5,No,False
MOV-00691,19/10/2025,REF-102,Compresor 1/2 HP,Compresor,Bajio,1.0,6502.56,6502.56,14,Si,True
MOV-00027,09/11/2025,REF-104,Gas refrigerante R-134a,Refrigerante,Centro,3.0,1005.25,3015.75,4,Si,False
MOV-01930,27/07/2025,REF-103,Compresor 3/4 HP,Compresor,Sureste,3.0,8625.84,25877.52,18,Si,False
MOV-00101,14/09/2025,REF-102,Compresor 1/2 HP,Compresor,Centro,1.0,6890.72,6890.72,14,Si,False
MOV-01556,08/11/2025,REF-107,Termostato mecanico,Control,Norte,3.0,324.46,973.38,3,No,False
MOV-01613,16/01/2025,REF-104,Gas refrigerante R-134a,Refrigerante,Centro,1.0,1077.43,1077.43,4,Si,False
MOV-00975,27/09/2025,REF-118,Contactor,Electrico,Bajio,3.0,458.79,1376.37,5,No,False
MOV-00940,27/01/2025,REF-102,Compresor 1/2 HP,Compresor,Bajio,3.0,6428.85,19286.55,14,Si,True
MOV-00777,14/03/2025,REF-107,Termostato mecanico,Control,Centro,1.0,319.95,319.95,3,No,False
MOV-00789,14/06/2025,REF-105,Gas refrigerante R-404a,Refrigerante,Occidente,3.0,1406.3,4218.9,6,Si,True
MOV-00521,02/05/2025,REF-111,Rele de arranque,Electrico,Norte,3.0,173.12,519.36,3,No,False
MOV-00364,24/05/2025,REF-102,Compresor 1/2 HP,Compresor,Occidente,3.0,6346.43,19039.29,14,Si,False
MOV-00310,01/06/2025,REF-111,Rele de arranque,Electrico,Centro,2.0,181.03,362.06,3,No,False
MOV-00796,24/01/2025,REF-101,Compresor 1/3 HP,Compresor,Norte,1.0,4977.61,4977.61,12,Si,False
MOV-01937,21/09/2025,REF-102,Compresor 1/2 HP,Compresor,Centro,2.0,6866.99,13733.98,14,Si,False
MOV-00829,18/05/2025,REF-115,Resistencia de deshielo,Electrico,Bajio,3.0,549.42,1648.26,6,No,False
MOV-01629,03/02/2025,REF-114,Valvula de expansion,Control,CENTRO,3.0,1492.47,4477.41,11,No,False
MOV-01277,09/05/2025,REF-106,Termostato digital,Control,Centro,2.0,639.63,1279.26,5,No,False
MOV-00545,19/10/2025,REF-105,Gas refrigerante R-404a,Refrigerante,Centro,2.0,1571.27,3142.54,6,Si,False
MOV-00940,27/01/2025,REF-102,Compresor 1/2 HP,Compresor,Bajio,3.0,6428.85,19286.55,14,Si,True
MOV-01506,23/08/2025,REF-111,Rele de arranque,Electrico,Bajio,1.0,204.29,204.29,3,No,False
MOV-00442,06/03/2025,REF-110,Ventilador condensador,Ventilacion,Occidente,3.0,1093.07,3279.21,9,No,False
MOV-00648,10/10/2025,REF-115,Resistencia de deshielo,Electrico,Occidente,3.0,558.13,1674.39,6,No,False
MOV-01004,13/11/2025,REF-105,Gas refrigerante R-404a,Refrigerante,Centro,3.0,1389.82,4169.46,6,Si,True
MOV-00477,04/11/2025,REF-108,Empaque de puerta,Sello,Norte,1.0,483.43,483.43,7,Si,False
MOV-01047,05/01/2025,REF-112,Capacitor de arranque,Electrico,Sureste,1.0,264.5,264.5,4,No,False
MOV-02002,11/04/2025,REF-108,Empaque de puerta,Sello,SURESTE,1.0,483.63,483.63,7,Si,False
MOV-00063,01/10/2025,REF-105,Gas refrigerante R-404a,Refrigerante,Centro,3.0,1397.26,4191.78,6,Si,False
MOV-01173,20/03/2025,REF-111,Rele de arranque,Electrico,Bajio,2.0,184.37,368.74,3,No,True
MOV-00484,09/05/2025,REF-118,Contactor,Electrico,Bajio,3.0,480.63,1441.89,5,No,False
MOV-01752,18/05/2025,REF-107,Termostato mecanico,Control,Occidente,3.0,284.84,854.52,3,No,False
MOV-01027,18/03/2025,REF-111,Rele de arranque,Electrico,Bajio,3.0,203.8,611.4,3,No,False
MOV-02092,01/09/2025,REF-105,Gas refrigerante R-404a,Refrigerante,Bajio,1.0,1572.78,1572.78,6,Si,False
MOV-01811,04/05/2025,REF-108,Empaque de puerta,Sello,Norte,1.0,534.93,534.93,7,Si,True
MOV-01282,28/03/2025,REF-111,Rele de arranque,Electrico,Centro,2.0,179.93,359.86,3,No,False
MOV-00053,14/05/2025,REF-105,Gas refrigerante R-404a,Refrigerante,Centro,1.0,1503.33,1503.33,6,Si,True
MOV-00243,02/11/2025,REF-101,Compresor 1/3 HP,Compresor,Bajio,1.0,4990.56,4990.56,12,Si,False
MOV-01198,08/04/2025,REF-104,Gas refrigerante R-134a,Refrigerante,Bajio,1.0,1038.6,1038.6,4,Si,False
MOV-00036,20/04/2025,REF-113,Filtro deshidratador,Filtro,Bajio,3.0,165.26,495.78,5,No,False
MOV-01986,16/02/2025,REF-111,Rele de arranque,Electrico,Bajio,3.0,184.27,552.81,3,No,False
MOV-01203,06/06/2025,REF-102,Compresor 1/2 HP,Compresor,Centro,3.0,6654.64,19963.92,14,Si,False
MOV-00739,16/08/2025,REF-103,Compresor 3/4 HP,Compresor,Norte,4.0,9015.12,36060.48,18,Si,True
MOV-01300,02/08/2025,REF-104,Gas refrigerante R-134a,Refrigerante,Norte,1.0,973.57,973.57,4,Si,True
MOV-01020,01/06/2025,REF-113,Filtro deshidratador,Filtro,Sureste,1.0,153.63,153.63,5,No,True
MOV-00837,10/06/2025,REF-116,Motor de damper,Ventilacion,Centro,1.0,847.42,847.42,10,No,False
MOV-01745,12/05/2025,REF-112,Capacitor de arranque,Electrico,Centro,1.0,264.36,264.36,4,No,False
MOV-00369,16/01/2025,REF-108,Empaque de puerta,Sello,Bajio,2.0,526.97,1053.94,7,Si,True
MOV-00268,03/05/2025,REF-101,Compresor 1/3 HP,Compresor,Bajio,3.0,5427.67,16283.01,12,Si,False
MOV-00729,03/10/2025,REF-101,Compresor 1/3 HP,Compresor,Norte,3.0,5152.9,15458.7,12,Si,False
MOV-01520,15/09/2025,REF-109,Ventilador evaporador,Ventilacion,Centro,3.0,853.31,2559.93,8,No,False
MOV-01034,10/08/2025,REF-108,Empaque de puerta,Sello,Norte,3.0,470.76,1412.28,7,Si,True
MOV-01713,30/05/2025,REF-105,Gas refrigerante R-404a,Refrigerante,Norte,3.0,1391.31,4173.93,6,Si,False
MOV-00296,19/03/2025,REF-104,Gas refrigerante R-134a,Refrigerante,Occidente,3.0,989.29,2967.87,4,Si,False
MOV-01849,05/07/2025,REF-114,Valvula de expansion,Control,Norte,1.0,1526.17,1526.17,11,No,False
MOV-00626,24/09/2025,REF-101,Compresor 1/3 HP,Compresor,Norte,1.0,4564.43,4564.43,12,Si,False
MOV-00278,20/07/2025,REF-101,Compresor 1/3 HP,Compresor,Bajio,3.0,5282.36,15847.08,12,Si,True
MOV-00498,18/01/2025,REF-105,Gas refrigerante R-404a,Refrigerante,Norte,2.0,1364.34,2728.68,6,Si,True
MOV-00485,30/08/2025,REF-113,Filtro deshidratador,Filtro,Sureste,3.0,183.81,551.43,5,No,False
MOV-01521,19/05/2025,REF-116,Motor de damper,Ventilacion,Occidente,1.0,845.67,845.67,10,No,False
MOV-00183,07/03/2025,REF-108,Empaque de puerta,Sello,Bajio,2.0,525.63,1051.26,7,Si,True
MOV-00971,17/07/2025,REF-110,Ventilador condensador,Ventilacion,Norte,2.0,1017.99,2035.98,9,No,False
MOV-01852,06/12/2025,REF-103,Compresor 3/4 HP,Compresor,Bajio,1.0,9288.04,9288.04,18,Si,False
MOV-00685,30/12/2025,REF-116,Motor de damper,Ventilacion,Centro,2.0,825.66,1651.32,10,No,False
MOV-01769,09/03/2025,REF-110,Ventilador condensador,Ventilacion,Occidente,1.0,1029.39,1029.39,9,No,False
MOV-01698,21/08/2025,REF-105,Gas refrigerante R-404a,Refrigerante,CENTRO,2.0,1458.6,2917.2,6,Si,False
MOV-01181,28/07/2025,REF-104,Gas refrigerante R-134a,Refrigerante,Centro,4.0,1045.26,4181.04,4,Si,True
MOV-02051,25/02/2025,REF-116,Motor de damper,Ventilacion,Norte,3.0,750.52,2251.56,10,No,False
MOV-00755,05/10/2025,REF-108,Empaque de puerta,Sello,Sureste,1.0,466.87,466.87,7,Si,False
MOV-00509,11/10/2025,REF-109,Ventilador evaporador,Ventilacion,Centro,3.0,901.44,2704.32,8,No,False
MOV-01982,13/04/2025,REF-104,Gas refrigerante R-134a,Refrigerante,Occidente,2.0,967.53,1935.06,4,Si,False
MOV-01439,12/12/2025,REF-114,Valvula de expansion,Control,Norte,1.0,1516.02,1516.02,11,No,False
MOV-01446,16/07/2025,REF-104,Gas refrigerante R-134a,Refrigerante,Centro,3.0,1066.23,3198.69,4,Si,False
MOV-00142,23/11/2025,REF-101,Compresor 1/3 HP,Compresor,Bajio,3.0,4774.79,14324.37,12,Si,False
MOV-00865,11/12/2025,REF-103,Compresor 3/4 HP,Compresor,Occidente,3.0,8519.77,25559.31,18,Si,False
MOV-01011,19/09/2025,REF-106,Termostato digital,Control,Centro,2.0,639.5,1279.0,5,No,False
MOV-00849,22/03/2025,REF-104,Gas refrigerante R-134a,Refrigerante,Norte,3.0,990.03,2970.09,4,Si,False
MOV-01995,06/07/2025,REF-115,Resistencia de deshielo,Electrico,Centro,2.0,606.26,1212.52,6,No,False
MOV-00888,11/04/2025,REF-101,Compresor 1/3 HP,Compresor,Centro,2.0,4995.44,9990.88,12,Si,False
MOV-00118,02/03/2025,REF-108,Empaque de puerta,Sello,CENTRO,2.0,500.44,1000.88,7,Si,False
MOV-00546,16/02/2025,REF-116,Motor de damper,Ventilacion,Bajio,1.0,834.05,834.05,10,No,False
MOV-01790,10/12/2025,REF-108,Empaque de puerta,Sello,Sureste,3.0,542.79,1628.37,7,Si,False
MOV-01977,09/01/2025,REF-117,Sensor de temperatura,Control,Occidente,1.0,337.37,337.37,4,No,False
MOV-01984,22/01/2025,REF-108,Empaque de puerta,Sello,Bajio,2.0,536.26,1072.52,7,Si,False
MOV-01397,13/04/2025,REF-111,Rele de arranque,Electrico,Bajio,3.0,176.55,529.65,3,No,False
MOV-00275,24/03/2025,REF-117,Sensor de temperatura,Control,Bajio,2.0,350.18,700.36,4,No,False
MOV-00705,16/08/2025,REF-106,Termostato digital,Control,Occidente,1.0,634.37,634.37,5,No,False
MOV-01025,12/07/2025,REF-112,Capacitor de arranque,Electrico,Norte,3.0,239.75,719.25,4,No,False
MOV-01591,04/03/2025,REF-117,Sensor de temperatura,Control,Centro,3.0,304.91,914.73,4,No,False
MOV-01565,08/04/2025,REF-102,Compresor 1/2 HP,Compresor,Centro,3.0,6910.93,20732.79,14,Si,False
MOV-01743,23/12/2025,REF-106,Termostato digital,Control,Norte,2.0,614.8,1229.6,5,No,False
MOV-00384,01/11/2025,REF-117,Sensor de temperatura,Control,Occidente,3.0,338.78,1016.34,4,No,False
MOV-01430,24/01/2025,REF-113,Filtro deshidratador,Filtro,Centro,3.0,161.62,484.86,5,No,False
MOV-01830,07/02/2025,REF-102,Compresor 1/2 HP,Compresor,Sureste,2.0,7105.98,14211.96,14,Si,False
MOV-00177,29/09/2025,REF-103,Compresor 3/4 HP,Compresor, Norte,1.0,8109.18,8109.18,18,Si,True
MOV-01360,06/09/2025,REF-115,Resistencia de deshielo,Electrico,Centro,3.0,540.34,1621.02,6,No,False
MOV-00831,24/10/2025,REF-118,Contactor,Electrico,Centro,1.0,411.18,411.18,5,No,False
MOV-01643,16/11/2025,REF-104,Gas refrigerante R-134a,Refrigerante,Centro,1.0,922.07,922.07,4,Si,False
MOV-01634,07/06/2025,REF-107,Termostato mecanico,Control,Centro,2.0,322.33,644.66,3,No,False
MOV-00623,30/10/2025,REF-106,Termostato digital,Control,Centro,1.0,659.38,659.38,5,No,False
MOV-00859,10/01/2025,REF-108,Empaque de puerta,Sello,Centro,2.0,513.76,1027.52,7,Si,True
MOV-00642,23/05/2025,REF-105,Gas refrigerante R-404a,Refrigerante,Norte,2.0,1340.24,2680.48,6,Si,False
MOV-00835,15/11/2025,REF-117,Sensor de temperatura,Control,Centro,1.0,299.78,299.78,4,No,False
MOV-01499,02/12/2025,REF-115,Resistencia de deshielo,Electrico,Sureste,2.0,571.65,1143.3,6,No,False
MOV-00338,10/04/2025,REF-104,Gas refrigerante R-134a,Refrigerante,Centro,2.0,1064.51,2129.02,4,Si,False
MOV-01448,10/01/2025,REF-107,Termostato mecanico,Control,Centro,2.0,286.66,573.32,3,No,False
MOV-01965,27/01/2025,REF-111,Rele de arranque,Electrico,Occidente,2.0,192.52,385.04,3,No,False
MOV-01685,23/02/2025,REF-112,Capacitor de arranque,Electrico,Bajio,3.0,237.64,712.92,4,No,False
MOV-01144,05/05/2025,REF-108,Empaque de puerta,Sello,Norte,1.0,549.85,549.85,7,Si,False
MOV-01706,31/12/2025,REF-104,Gas refrigerante R-134a,Refrigerante,Centro,1.0,1071.81,1071.81,4,Si,False
MOV-01739,06/12/2025,REF-103,Compresor 3/4 HP,Compresor,Norte,3.0,8890.49,26671.47,18,Si,False
MOV-00790,25/07/2025,REF-106,Termostato digital,Control,Norte,2.0,669.94,1339.88,5,No,True
MOV-00969,17/04/2025,REF-103,Compresor 3/4 HP,Compresor,Norte,3.0,9278.33,27834.99,18,Si,False
MOV-01668,26/03/2025,REF-106,Termostato digital,Control, Norte,3.0,669.5,2008.5,5,No,False
MOV-01689,11/06/2025,REF-108,Empaque de puerta,Sello,Centro,1.0,469.89,469.89,7,Si,False
MOV-01899,09/09/2025,REF-118,Contactor,Electrico,Bajio,2.0,435.06,870.12,5,No,False
